ISO-10303-21;
HEADER;
FILE_DESCRIPTION (( 'STEP AP214' ),
    '1' );
FILE_NAME ('Aluminium profile 2040 500mm.STEP',
    '2025-12-21T09:25:08',
    ( '' ),
    ( '' ),
    'SwSTEP 2.0',
    'SolidWorks 2024',
    '' );
FILE_SCHEMA (( 'AUTOMOTIVE_DESIGN' ));
ENDSEC;

DATA;
#1 = EDGE_CURVE ( 'NONE', #2494, #4592, #2444, .T. ) ;
#2 = FACE_OUTER_BOUND ( 'NONE', #2900, .T. ) ;
#3 = ORIENTED_EDGE ( 'NONE', *, *, #2018, .T. ) ;
#4 = DIRECTION ( 'NONE',  ( 8.060449430099660112E-16, -1.000000000000000000, -0.000000000000000000 ) ) ;
#5 = CARTESIAN_POINT ( 'NONE',  ( 2.292893218813451206, -4.060660171779816530, 0.000000000000000000 ) ) ;
#6 = CARTESIAN_POINT ( 'NONE',  ( 9.926776695296641861, -15.22536567718562850, 500.0000000000000000 ) ) ;
#7 = CYLINDRICAL_SURFACE ( 'NONE', #319, 2.100000000000000089 ) ;
#8 = VERTEX_POINT ( 'NONE', #5846 ) ;
#9 = DIRECTION ( 'NONE',  ( -0.000000000000000000, -0.000000000000000000, 1.000000000000000000 ) ) ;
#10 = ORIENTED_EDGE ( 'NONE', *, *, #5045, .T. ) ;
#11 = EDGE_CURVE ( 'NONE', #4696, #3930, #5790, .T. ) ;
#12 = ORIENTED_EDGE ( 'NONE', *, *, #836, .F. ) ;
#13 = LINE ( 'NONE', #469, #3794 ) ;
#14 = VERTEX_POINT ( 'NONE', #3443 ) ;
#15 = DIRECTION ( 'NONE',  ( -0.000000000000000000, -0.000000000000000000, 1.000000000000000000 ) ) ;
#16 = CARTESIAN_POINT ( 'NONE',  ( -10.00000000000000178, 9.750000000000003553, 0.000000000000000000 ) ) ;
#17 = ORIENTED_EDGE ( 'NONE', *, *, #4411, .T. ) ;
#18 = PLANE ( 'NONE',  #620 ) ;
#19 = CARTESIAN_POINT ( 'NONE',  ( 3.560660171779815197, -20.24228092670165324, 0.000000000000000000 ) ) ;
#20 = ADVANCED_FACE ( 'NONE', ( #3411 ), #114, .F. ) ;
#21 = CARTESIAN_POINT ( 'NONE',  ( -5.426776695296637421, 6.487436867076461944, 500.0000000000000000 ) ) ;
#22 = ORIENTED_EDGE ( 'NONE', *, *, #3613, .T. ) ;
#23 = CARTESIAN_POINT ( 'NONE',  ( -6.560660171779821859, -5.500000000000003553, 500.0000000000000000 ) ) ;
#24 = CARTESIAN_POINT ( 'NONE',  ( 2.499999999999999556, -16.43933982822018436, 500.0000000000000000 ) ) ;
#25 = DIRECTION ( 'NONE',  ( 0.000000000000000000, 0.000000000000000000, -1.000000000000000000 ) ) ;
#26 = ADVANCED_FACE ( 'NONE', ( #2948 ), #1983, .F. ) ;
#27 = EDGE_LOOP ( 'NONE', ( #6146, #4595, #2742, #2056 ) ) ;
#28 = CARTESIAN_POINT ( 'NONE',  ( -2.499999999999999556, 3.560660171779815197, 0.000000000000000000 ) ) ;
#29 = AXIS2_PLACEMENT_3D ( 'NONE', #4165, #505, #3796 ) ;
#30 = DIRECTION ( 'NONE',  ( 0.000000000000000000, 0.000000000000000000, 1.000000000000000000 ) ) ;
#31 = LINE ( 'NONE', #5791, #3893 ) ;
#32 = ADVANCED_FACE ( 'NONE', ( #4835 ), #2891, .F. ) ;
#33 = DIRECTION ( 'NONE',  ( -1.000000000000000000, 0.000000000000000000, 0.000000000000000000 ) ) ;
#34 = CIRCLE ( 'NONE', #6169, 0.2500000000000002220 ) ;
#35 = VERTEX_POINT ( 'NONE', #3837 ) ;
#36 = DIRECTION ( 'NONE',  ( 0.000000000000000000, 0.000000000000000000, -1.000000000000000000 ) ) ;
#37 = VERTEX_POINT ( 'NONE', #5757 ) ;
#38 = VERTEX_POINT ( 'NONE', #491 ) ;
#39 = FACE_OUTER_BOUND ( 'NONE', #3409, .T. ) ;
#40 = ORIENTED_EDGE ( 'NONE', *, *, #387, .T. ) ;
#41 = DIRECTION ( 'NONE',  ( 1.000000000000000000, 0.000000000000000000, 0.000000000000000000 ) ) ;
#42 = VECTOR ( 'NONE', #1189, 1000.000000000000000 ) ;
#43 = EDGE_CURVE ( 'NONE', #4346, #163, #3458, .T. ) ;
#44 = AXIS2_PLACEMENT_3D ( 'NONE', #4990, #4517, #5562 ) ;
#45 = VECTOR ( 'NONE', #324, 1000.000000000000227 ) ;
#46 = VECTOR ( 'NONE', #1404, 1000.000000000000114 ) ;
#47 = ORIENTED_EDGE ( 'NONE', *, *, #4371, .T. ) ;
#48 = CARTESIAN_POINT ( 'NONE',  ( 2.573223304703363024, 3.633883476483180885, 500.0000000000000000 ) ) ;
#49 = CIRCLE ( 'NONE', #6082, 0.2500000000000002220 ) ;
#50 = AXIS2_PLACEMENT_3D ( 'NONE', #969, #3392, #5762 ) ;
#51 = ADVANCED_FACE ( 'NONE', ( #995 ), #548, .F. ) ;
#52 = LINE ( 'NONE', #3287, #944 ) ;
#53 = VERTEX_POINT ( 'NONE', #4339 ) ;
#54 = DIRECTION ( 'NONE',  ( -0.000000000000000000, 0.000000000000000000, -1.000000000000000000 ) ) ;
#55 = LINE ( 'NONE', #956, #5076 ) ;
#56 = PLANE ( 'NONE',  #1632 ) ;
#57 = EDGE_CURVE ( 'NONE', #4405, #1797, #4808, .T. ) ;
#58 = ORIENTED_EDGE ( 'NONE', *, *, #3973, .F. ) ;
#59 = DIRECTION ( 'NONE',  ( 0.000000000000000000, 0.000000000000000000, -1.000000000000000000 ) ) ;
#60 = DIRECTION ( 'NONE',  ( -0.7071067811865464625, -0.7071067811865486830, 0.000000000000000000 ) ) ;
#61 = LINE ( 'NONE', #2419, #3685 ) ;
#62 = CARTESIAN_POINT ( 'NONE',  ( -8.252142372482268229, -25.50000000000000355, 500.0000000000000000 ) ) ;
#63 = CIRCLE ( 'NONE', #3470, 0.5000000000000000000 ) ;
#64 = ORIENTED_EDGE ( 'NONE', *, *, #5210, .F. ) ;
#65 = DIRECTION ( 'NONE',  ( 0.5551424749987333707, 0.8317552719714379483, -0.000000000000000000 ) ) ;
#66 = ORIENTED_EDGE ( 'NONE', *, *, #4823, .F. ) ;
#67 = DIRECTION ( 'NONE',  ( -0.000000000000000000, -0.000000000000000000, 1.000000000000000000 ) ) ;
#68 = EDGE_LOOP ( 'NONE', ( #559, #4904, #328, #1888 ) ) ;
#69 = DIRECTION ( 'NONE',  ( 0.000000000000000000, -0.000000000000000000, 1.000000000000000000 ) ) ;
#70 = ORIENTED_EDGE ( 'NONE', *, *, #2116, .T. ) ;
#71 = CARTESIAN_POINT ( 'NONE',  ( 6.664213562373094923, -5.250000000000002665, 500.0000000000000000 ) ) ;
#72 = AXIS2_PLACEMENT_3D ( 'NONE', #2321, #4146, #2293 ) ;
#73 = EDGE_CURVE ( 'NONE', #883, #6041, #5337, .T. ) ;
#74 = VERTEX_POINT ( 'NONE', #1557 ) ;
#75 = VECTOR ( 'NONE', #5724, 1000.000000000000000 ) ;
#76 = CARTESIAN_POINT ( 'NONE',  ( -7.752142372482267341, -12.99999999999999822, 0.000000000000000000 ) ) ;
#77 = VECTOR ( 'NONE', #1014, 1000.000000000000000 ) ;
#78 = VERTEX_POINT ( 'NONE', #1955 ) ;
#79 = EDGE_CURVE ( 'NONE', #112, #3707, #63, .T. ) ;
#80 = ORIENTED_EDGE ( 'NONE', *, *, #3560, .F. ) ;
#81 = FACE_OUTER_BOUND ( 'NONE', #4783, .T. ) ;
#82 = DIRECTION ( 'NONE',  ( -1.000000000000000000, 0.000000000000000000, 0.000000000000000000 ) ) ;
#83 = DIRECTION ( 'NONE',  ( -1.000000000000000000, 0.000000000000000000, 0.000000000000000000 ) ) ;
#84 = PLANE ( 'NONE',  #2644 ) ;
#85 = DIRECTION ( 'NONE',  ( -0.000000000000000000, -0.000000000000000000, 1.000000000000000000 ) ) ;
#86 = ORIENTED_EDGE ( 'NONE', *, *, #1879, .F. ) ;
#87 = CARTESIAN_POINT ( 'NONE',  ( 3.560660171779815197, 0.2422809267016573509, 500.0000000000000000 ) ) ;
#88 = CARTESIAN_POINT ( 'NONE',  ( 8.252142372482268229, -5.250000000000003553, 500.0000000000000000 ) ) ;
#89 = CARTESIAN_POINT ( 'NONE',  ( 2.396446609406726491, -23.81066017177981919, 500.0000000000000000 ) ) ;
#90 = CARTESIAN_POINT ( 'NONE',  ( 3.810660171779816530, -17.60355339059326951, 0.000000000000000000 ) ) ;
#91 = ORIENTED_EDGE ( 'NONE', *, *, #4364, .F. ) ;
#92 = ORIENTED_EDGE ( 'NONE', *, *, #895, .F. ) ;
#93 = CARTESIAN_POINT ( 'NONE',  ( 2.292893218813451206, -3.560660171779816974, 0.000000000000000000 ) ) ;
#94 = VERTEX_POINT ( 'NONE', #3477 ) ;
#95 = DIRECTION ( 'NONE',  ( 0.000000000000000000, 0.000000000000000000, -1.000000000000000000 ) ) ;
#96 = EDGE_LOOP ( 'NONE', ( #1405, #4147, #389, #1965 ) ) ;
#97 = DIRECTION ( 'NONE',  ( 0.000000000000000000, 0.000000000000000000, -1.000000000000000000 ) ) ;
#98 = VECTOR ( 'NONE', #5473, 1000.000000000000000 ) ;
#99 = ADVANCED_FACE ( 'NONE', ( #5402 ), #1085, .F. ) ;
#100 = VECTOR ( 'NONE', #5546, 1000.000000000000000 ) ;
#101 = CYLINDRICAL_SURFACE ( 'NONE', #4360, 0.2500000000000002220 ) ;
#102 = EDGE_LOOP ( 'NONE', ( #3324, #2141, #148, #1316 ) ) ;
#103 = EDGE_CURVE ( 'NONE', #133, #4256, #4370, .T. ) ;
#104 = ORIENTED_EDGE ( 'NONE', *, *, #264, .F. ) ;
#105 = ORIENTED_EDGE ( 'NONE', *, *, #412, .F. ) ;
#106 = DIRECTION ( 'NONE',  ( -7.228014483236698528E-16, -1.000000000000000000, 0.000000000000000000 ) ) ;
#107 = LINE ( 'NONE', #1015, #5388 ) ;
#108 = FACE_OUTER_BOUND ( 'NONE', #5074, .T. ) ;
#109 = EDGE_CURVE ( 'NONE', #4573, #2957, #2472, .T. ) ;
#110 = LINE ( 'NONE', #1952, #5358 ) ;
#111 = CARTESIAN_POINT ( 'NONE',  ( -3.560660171779815197, -20.24228092670165680, 500.0000000000000000 ) ) ;
#112 = VERTEX_POINT ( 'NONE', #235 ) ;
#113 = CARTESIAN_POINT ( 'NONE',  ( 9.999999999999998224, 4.847857627517729640, 500.0000000000000000 ) ) ;
#114 = PLANE ( 'NONE',  #2654 ) ;
#115 = CARTESIAN_POINT ( 'NONE',  ( 3.633883476483180441, -22.57322330470336169, 500.0000000000000000 ) ) ;
#116 = CYLINDRICAL_SURFACE ( 'NONE', #6167, 0.2500000000000002220 ) ;
#117 = EDGE_CURVE ( 'NONE', #4242, #1577, #174, .T. ) ;
#118 = ORIENTED_EDGE ( 'NONE', *, *, #619, .T. ) ;
#119 = DIRECTION ( 'NONE',  ( 0.7071067811865464625, -0.7071067811865486830, 0.000000000000000000 ) ) ;
#120 = ORIENTED_EDGE ( 'NONE', *, *, #1956, .F. ) ;
#121 = VERTEX_POINT ( 'NONE', #2163 ) ;
#122 = FACE_OUTER_BOUND ( 'NONE', #4703, .T. ) ;
#123 = VERTEX_POINT ( 'NONE', #2067 ) ;
#124 = DIRECTION ( 'NONE',  ( -1.000000000000000000, -0.000000000000000000, -0.000000000000000000 ) ) ;
#125 = VECTOR ( 'NONE', #1010, 1000.000000000000000 ) ;
#126 = EDGE_CURVE ( 'NONE', #3781, #3204, #696, .T. ) ;
#127 = ORIENTED_EDGE ( 'NONE', *, *, #2641, .F. ) ;
#128 = AXIS2_PLACEMENT_3D ( 'NONE', #2895, #3780, #6179 ) ;
#129 = CIRCLE ( 'NONE', #3644, 0.2500000000000002220 ) ;
#130 = EDGE_CURVE ( 'NONE', #2810, #5884, #268, .T. ) ;
#131 = VECTOR ( 'NONE', #5036, 1000.000000000000000 ) ;
#132 = AXIS2_PLACEMENT_3D ( 'NONE', #5051, #738, #4580 ) ;
#133 = VERTEX_POINT ( 'NONE', #5461 ) ;
#134 = ORIENTED_EDGE ( 'NONE', *, *, #1611, .T. ) ;
#135 = VECTOR ( 'NONE', #2656, 1000.000000000000000 ) ;
#136 = LINE ( 'NONE', #5869, #5299 ) ;
#137 = VECTOR ( 'NONE', #2365, 1000.000000000000000 ) ;
#138 = CARTESIAN_POINT ( 'NONE',  ( -6.487436867076458391, -5.426776695296640085, 500.0000000000000000 ) ) ;
#139 = DIRECTION ( 'NONE',  ( 0.7071067811865484609, -0.7071067811865465735, 0.000000000000000000 ) ) ;
#140 = CARTESIAN_POINT ( 'NONE',  ( -6.664213562373094035, -25.50000000000000355, 0.000000000000000000 ) ) ;
#141 = ORIENTED_EDGE ( 'NONE', *, *, #4598, .F. ) ;
#142 = DIRECTION ( 'NONE',  ( 0.000000000000000000, 0.000000000000000000, -1.000000000000000000 ) ) ;
#143 = CARTESIAN_POINT ( 'NONE',  ( 10.00000000000000711, -15.04858898188899197, 0.000000000000000000 ) ) ;
#144 = CARTESIAN_POINT ( 'NONE',  ( 8.252142372482268229, -7.500000000000003553, 500.0000000000000000 ) ) ;
#145 = FACE_OUTER_BOUND ( 'NONE', #5097, .T. ) ;
#146 = EDGE_LOOP ( 'NONE', ( #2690, #4368, #5409, #3635 ) ) ;
#147 = CARTESIAN_POINT ( 'NONE',  ( 2.499999999999999556, -16.43933982822018436, 500.0000000000000000 ) ) ;
#148 = ORIENTED_EDGE ( 'NONE', *, *, #1437, .F. ) ;
#149 = ORIENTED_EDGE ( 'NONE', *, *, #255, .T. ) ;
#150 = ADVANCED_FACE ( 'NONE', ( #3985 ), #5012, .F. ) ;
#151 = CARTESIAN_POINT ( 'NONE',  ( 5.426776695296636532, 6.487436867076461944, 0.000000000000000000 ) ) ;
#152 = ORIENTED_EDGE ( 'NONE', *, *, #788, .T. ) ;
#153 = EDGE_CURVE ( 'NONE', #2657, #5002, #4382, .T. ) ;
#154 = DIRECTION ( 'NONE',  ( -0.000000000000000000, -0.000000000000000000, 1.000000000000000000 ) ) ;
#155 = ORIENTED_EDGE ( 'NONE', *, *, #2282, .F. ) ;
#156 = EDGE_LOOP ( 'NONE', ( #2095, #4856, #4788, #5721 ) ) ;
#157 = FACE_OUTER_BOUND ( 'NONE', #4187, .T. ) ;
#158 = VECTOR ( 'NONE', #1053, 1000.000000000000000 ) ;
#159 = CIRCLE ( 'NONE', #3377, 0.2500000000000002220 ) ;
#160 = EDGE_CURVE ( 'NONE', #2489, #2404, #6206, .T. ) ;
#161 = AXIS2_PLACEMENT_3D ( 'NONE', #3476, #5973, #2658 ) ;
#162 = VERTEX_POINT ( 'NONE', #4951 ) ;
#163 = VERTEX_POINT ( 'NONE', #3509 ) ;
#164 = CARTESIAN_POINT ( 'NONE',  ( -3.633883476483179553, 2.573223304703363468, 500.0000000000000000 ) ) ;
#165 = LINE ( 'NONE', #4445, #212 ) ;
#166 = CARTESIAN_POINT ( 'NONE',  ( 3.703553390593272265, -28.50214237248227533, 0.000000000000000000 ) ) ;
#167 = AXIS2_PLACEMENT_3D ( 'NONE', #3915, #2381, #3319 ) ;
#168 = AXIS2_PLACEMENT_3D ( 'NONE', #3266, #3708, #3299 ) ;
#169 = EDGE_CURVE ( 'NONE', #1739, #4760, #5426, .T. ) ;
#170 = FACE_OUTER_BOUND ( 'NONE', #5797, .T. ) ;
#171 = AXIS2_PLACEMENT_3D ( 'NONE', #2463, #1485, #6195 ) ;
#172 = ORIENTED_EDGE ( 'NONE', *, *, #1784, .F. ) ;
#173 = DIRECTION ( 'NONE',  ( -0.000000000000000000, -0.000000000000000000, 1.000000000000000000 ) ) ;
#174 = LINE ( 'NONE', #3536, #2273 ) ;
#175 = CARTESIAN_POINT ( 'NONE',  ( 8.678919067778904761, -16.47322330470335672, 500.0000000000000000 ) ) ;
#176 = DIRECTION ( 'NONE',  ( 7.228014483236698528E-16, -1.000000000000000000, -0.000000000000000000 ) ) ;
#177 = EDGE_CURVE ( 'NONE', #4929, #4026, #5526, .T. ) ;
#178 = EDGE_LOOP ( 'NONE', ( #2292, #5031, #5424, #1718 ) ) ;
#179 = ORIENTED_EDGE ( 'NONE', *, *, #5377, .T. ) ;
#180 = DIRECTION ( 'NONE',  ( 0.000000000000000000, 0.000000000000000000, -1.000000000000000000 ) ) ;
#181 = ORIENTED_EDGE ( 'NONE', *, *, #3149, .T. ) ;
#182 = CARTESIAN_POINT ( 'NONE',  ( -6.487436867076457503, 5.426776695296639197, 0.000000000000000000 ) ) ;
#183 = VERTEX_POINT ( 'NONE', #4542 ) ;
#184 = DIRECTION ( 'NONE',  ( -1.000000000000000000, 0.000000000000000000, 0.000000000000000000 ) ) ;
#185 = CARTESIAN_POINT ( 'NONE',  ( -8.252142372482268229, -14.49999999999999467, 0.000000000000000000 ) ) ;
#186 = ADVANCED_FACE ( 'NONE', ( #4111, #4454, #3605, #4576 ), #4082, .T. ) ;
#187 = ORIENTED_EDGE ( 'NONE', *, *, #1812, .F. ) ;
#188 = DIRECTION ( 'NONE',  ( 0.000000000000000000, 0.000000000000000000, 1.000000000000000000 ) ) ;
#189 = ORIENTED_EDGE ( 'NONE', *, *, #2729, .T. ) ;
#190 = DIRECTION ( 'NONE',  ( -1.000000000000000000, -3.366994447284705066E-16, -0.000000000000000000 ) ) ;
#191 = DIRECTION ( 'NONE',  ( 0.000000000000000000, 0.000000000000000000, -1.000000000000000000 ) ) ;
#192 = ORIENTED_EDGE ( 'NONE', *, *, #1711, .F. ) ;
#193 = EDGE_LOOP ( 'NONE', ( #1695, #5725, #4177, #3640 ) ) ;
#194 = DIRECTION ( 'NONE',  ( -8.060449430099660112E-16, -1.000000000000000000, 0.000000000000000000 ) ) ;
#195 = CARTESIAN_POINT ( 'NONE',  ( 4.951411018110999152, -29.75000000000000711, 500.0000000000000000 ) ) ;
#196 = CARTESIAN_POINT ( 'NONE',  ( -6.560660171779821859, 5.500000000000003553, 0.000000000000000000 ) ) ;
#197 = ADVANCED_FACE ( 'NONE', ( #731 ), #201, .F. ) ;
#198 = CARTESIAN_POINT ( 'NONE',  ( 5.426776695296635644, -26.48743686707645750, 500.0000000000000000 ) ) ;
#199 = ORIENTED_EDGE ( 'NONE', *, *, #4994, .F. ) ;
#200 = LINE ( 'NONE', #4015, #3084 ) ;
#201 = PLANE ( 'NONE',  #3675 ) ;
#202 = ADVANCED_FACE ( 'NONE', ( #1656 ), #3573, .F. ) ;
#203 = CARTESIAN_POINT ( 'NONE',  ( -8.252142372482268229, -5.250000000000003553, 500.0000000000000000 ) ) ;
#204 = CARTESIAN_POINT ( 'NONE',  ( -8.002142372482268229, -14.49999999999999467, 0.000000000000000000 ) ) ;
#205 = ORIENTED_EDGE ( 'NONE', *, *, #452, .T. ) ;
#206 = DIRECTION ( 'NONE',  ( 3.366994447284705066E-16, -1.000000000000000000, 0.000000000000000000 ) ) ;
#207 = ORIENTED_EDGE ( 'NONE', *, *, #6120, .T. ) ;
#208 = VERTEX_POINT ( 'NONE', #143 ) ;
#209 = CYLINDRICAL_SURFACE ( 'NONE', #4297, 0.2500000000000002220 ) ;
#210 = EDGE_CURVE ( 'NONE', #1696, #5329, #1174, .T. ) ;
#211 = VERTEX_POINT ( 'NONE', #3036 ) ;
#212 = VECTOR ( 'NONE', #3027, 1000.000000000000000 ) ;
#213 = DIRECTION ( 'NONE',  ( -1.000000000000000000, 0.000000000000000000, 0.000000000000000000 ) ) ;
#214 = DIRECTION ( 'NONE',  ( -1.000000000000000000, 0.000000000000000000, 0.000000000000000000 ) ) ;
#215 = VERTEX_POINT ( 'NONE', #2097 ) ;
#216 = CARTESIAN_POINT ( 'NONE',  ( -10.00000000000000178, 9.750000000000003553, 500.0000000000000000 ) ) ;
#217 = VERTEX_POINT ( 'NONE', #4016 ) ;
#218 = EDGE_CURVE ( 'NONE', #857, #525, #1070, .T. ) ;
#219 = DIRECTION ( 'NONE',  ( -0.000000000000000000, 1.000000000000000000, -0.000000000000000000 ) ) ;
#220 = AXIS2_PLACEMENT_3D ( 'NONE', #1666, #5121, #804 ) ;
#221 = AXIS2_PLACEMENT_3D ( 'NONE', #2506, #5376, #1055 ) ;
#222 = VECTOR ( 'NONE', #4506, 1000.000000000000000 ) ;
#223 = VERTEX_POINT ( 'NONE', #4236 ) ;
#224 = LINE ( 'NONE', #1713, #4546 ) ;
#225 = ORIENTED_EDGE ( 'NONE', *, *, #1433, .F. ) ;
#226 = DIRECTION ( 'NONE',  ( -1.000000000000000000, -1.025564132602993768E-15, 0.000000000000000000 ) ) ;
#227 = DIRECTION ( 'NONE',  ( 0.7071067811865492381, -0.7071067811865457964, -0.000000000000000000 ) ) ;
#228 = EDGE_CURVE ( 'NONE', #4991, #4503, #3358, .T. ) ;
#229 = PLANE ( 'NONE',  #4261 ) ;
#230 = AXIS2_PLACEMENT_3D ( 'NONE', #692, #5453, #5519 ) ;
#231 = AXIS2_PLACEMENT_3D ( 'NONE', #5477, #2609, #747 ) ;
#232 = PLANE ( 'NONE',  #3859 ) ;
#233 = ORIENTED_EDGE ( 'NONE', *, *, #1182, .F. ) ;
#234 = DIRECTION ( 'NONE',  ( -6.733988894569410132E-16, -1.000000000000000000, 0.000000000000000000 ) ) ;
#235 = CARTESIAN_POINT ( 'NONE',  ( 2.646446609406725603, -3.707106781186543465, 0.000000000000000000 ) ) ;
#236 = LINE ( 'NONE', #4512, #2385 ) ;
#237 = DIRECTION ( 'NONE',  ( -1.000000000000000000, 0.000000000000000000, 0.000000000000000000 ) ) ;
#238 = EDGE_CURVE ( 'NONE', #5822, #702, #3979, .T. ) ;
#239 = VECTOR ( 'NONE', #953, 1000.000000000000000 ) ;
#240 = AXIS2_PLACEMENT_3D ( 'NONE', #5825, #1504, #1765 ) ;
#241 = AXIS2_PLACEMENT_3D ( 'NONE', #2773, #374, #6187 ) ;
#242 = ORIENTED_EDGE ( 'NONE', *, *, #4364, .T. ) ;
#243 = VERTEX_POINT ( 'NONE', #2314 ) ;
#244 = LINE ( 'NONE', #2665, #2146 ) ;
#245 = ORIENTED_EDGE ( 'NONE', *, *, #218, .T. ) ;
#246 = CARTESIAN_POINT ( 'NONE',  ( -6.146446609406722494, -6.500000000000002665, 500.0000000000000000 ) ) ;
#247 = ORIENTED_EDGE ( 'NONE', *, *, #5239, .T. ) ;
#248 = FACE_OUTER_BOUND ( 'NONE', #3005, .T. ) ;
#249 = FACE_OUTER_BOUND ( 'NONE', #563, .T. ) ;
#250 = ORIENTED_EDGE ( 'NONE', *, *, #4210, .F. ) ;
#251 = CARTESIAN_POINT ( 'NONE',  ( 0.000000000000000000, -20.00000000000000000, 0.000000000000000000 ) ) ;
#252 = ORIENTED_EDGE ( 'NONE', *, *, #1548, .F. ) ;
#253 = LINE ( 'NONE', #3620, #1133 ) ;
#254 = PLANE ( 'NONE',  #5968 ) ;
#255 = EDGE_CURVE ( 'NONE', #5329, #2306, #1980, .T. ) ;
#256 = AXIS2_PLACEMENT_3D ( 'NONE', #352, #5653, #4733 ) ;
#257 = ORIENTED_EDGE ( 'NONE', *, *, #2372, .T. ) ;
#258 = ORIENTED_EDGE ( 'NONE', *, *, #2424, .F. ) ;
#259 = CARTESIAN_POINT ( 'NONE',  ( 4.951411018110999152, -30.00000000000000711, 500.0000000000000000 ) ) ;
#260 = DIRECTION ( 'NONE',  ( -0.000000000000000000, -0.000000000000000000, 1.000000000000000000 ) ) ;
#261 = DIRECTION ( 'NONE',  ( 0.000000000000000000, 0.000000000000000000, -1.000000000000000000 ) ) ;
#262 = VECTOR ( 'NONE', #2135, 1000.000000000000227 ) ;
#263 = VECTOR ( 'NONE', #634, 1000.000000000000000 ) ;
#264 = EDGE_CURVE ( 'NONE', #1156, #5245, #5176, .T. ) ;
#265 = CARTESIAN_POINT ( 'NONE',  ( -6.560660171779821859, 5.500000000000003553, 500.0000000000000000 ) ) ;
#266 = VERTEX_POINT ( 'NONE', #861 ) ;
#267 = DIRECTION ( 'NONE',  ( 1.000000000000000000, 1.025564132602993768E-15, 0.000000000000000000 ) ) ;
#268 = LINE ( 'NONE', #5044, #5692 ) ;
#269 = AXIS2_PLACEMENT_3D ( 'NONE', #3604, #5525, #3984 ) ;
#270 = CARTESIAN_POINT ( 'NONE',  ( -6.664213562373094923, -14.74999999999999822, 0.000000000000000000 ) ) ;
#271 = DIRECTION ( 'NONE',  ( -0.000000000000000000, -0.000000000000000000, 1.000000000000000000 ) ) ;
#272 = VECTOR ( 'NONE', #4037, 1000.000000000000000 ) ;
#273 = VERTEX_POINT ( 'NONE', #1367 ) ;
#274 = PLANE ( 'NONE',  #4759 ) ;
#275 = VERTEX_POINT ( 'NONE', #6161 ) ;
#276 = FACE_OUTER_BOUND ( 'NONE', #3903, .T. ) ;
#277 = ORIENTED_EDGE ( 'NONE', *, *, #3962, .T. ) ;
#278 = DIRECTION ( 'NONE',  ( -0.000000000000000000, -0.000000000000000000, 1.000000000000000000 ) ) ;
#279 = CARTESIAN_POINT ( 'NONE',  ( 8.002142372482268229, -25.50000000000000355, 0.000000000000000000 ) ) ;
#280 = EDGE_CURVE ( 'NONE', #4442, #4256, #321, .T. ) ;
#281 = LINE ( 'NONE', #6050, #3353 ) ;
#282 = VERTEX_POINT ( 'NONE', #5688 ) ;
#283 = DIRECTION ( 'NONE',  ( -0.7071067811865459074, 0.7071067811865491270, 0.000000000000000000 ) ) ;
#284 = VERTEX_POINT ( 'NONE', #6100 ) ;
#285 = CARTESIAN_POINT ( 'NONE',  ( 3.560660171779816086, -19.75771907329833610, 0.000000000000000000 ) ) ;
#286 = EDGE_CURVE ( 'NONE', #2704, #1813, #1335, .T. ) ;
#287 = ORIENTED_EDGE ( 'NONE', *, *, #2265, .T. ) ;
#288 = ADVANCED_FACE ( 'NONE', ( #2253 ), #2286, .F. ) ;
#289 = FACE_OUTER_BOUND ( 'NONE', #6178, .T. ) ;
#290 = CYLINDRICAL_SURFACE ( 'NONE', #5655, 0.2500000000000002220 ) ;
#291 = CARTESIAN_POINT ( 'NONE',  ( 9.926776695296634756, 4.774634322814365284, 500.0000000000000000 ) ) ;
#292 = ORIENTED_EDGE ( 'NONE', *, *, #3497, .T. ) ;
#293 = CARTESIAN_POINT ( 'NONE',  ( 3.526776695296635289, 8.678919067778908314, 500.0000000000000000 ) ) ;
#294 = CARTESIAN_POINT ( 'NONE',  ( 3.633883476483180441, -17.42677669529663476, 0.000000000000000000 ) ) ;
#295 = CARTESIAN_POINT ( 'NONE',  ( -5.792893218813447653, -6.853553390593274841, 500.0000000000000000 ) ) ;
#296 = CARTESIAN_POINT ( 'NONE',  ( -7.752142372482267341, -7.000000000000002665, 0.000000000000000000 ) ) ;
#297 = ORIENTED_EDGE ( 'NONE', *, *, #3492, .T. ) ;
#298 = LINE ( 'NONE', #6138, #2945 ) ;
#299 = ORIENTED_EDGE ( 'NONE', *, *, #929, .F. ) ;
#300 = CYLINDRICAL_SURFACE ( 'NONE', #561, 0.2500000000000002220 ) ;
#301 = ORIENTED_EDGE ( 'NONE', *, *, #5938, .F. ) ;
#302 = CYLINDRICAL_SURFACE ( 'NONE', #5093, 0.2500000000000002220 ) ;
#303 = DIRECTION ( 'NONE',  ( 7.228014483236698528E-16, -1.000000000000000000, -0.000000000000000000 ) ) ;
#304 = ADVANCED_FACE ( 'NONE', ( #793 ), #3257, .F. ) ;
#305 = EDGE_LOOP ( 'NONE', ( #4959, #4939, #1223, #5313 ) ) ;
#306 = DIRECTION ( 'NONE',  ( 1.000000000000000000, 0.000000000000000000, 0.000000000000000000 ) ) ;
#307 = VECTOR ( 'NONE', #5033, 1000.000000000000114 ) ;
#308 = ORIENTED_EDGE ( 'NONE', *, *, #210, .F. ) ;
#309 = DIRECTION ( 'NONE',  ( -0.000000000000000000, 0.000000000000000000, -1.000000000000000000 ) ) ;
#310 = EDGE_CURVE ( 'NONE', #3391, #2628, #1667, .T. ) ;
#311 = EDGE_CURVE ( 'NONE', #4914, #1004, #4204, .T. ) ;
#312 = EDGE_LOOP ( 'NONE', ( #2631, #6150, #2072, #4326 ) ) ;
#313 = CARTESIAN_POINT ( 'NONE',  ( 3.560660171779816086, -2.500000000000000444, 0.000000000000000000 ) ) ;
#314 = CARTESIAN_POINT ( 'NONE',  ( 8.678919067778904761, -16.47322330470335672, 500.0000000000000000 ) ) ;
#315 = CARTESIAN_POINT ( 'NONE',  ( 8.252142372482266452, -3.703553390593276706, 0.000000000000000000 ) ) ;
#316 = DIRECTION ( 'NONE',  ( 0.000000000000000000, 0.000000000000000000, -1.000000000000000000 ) ) ;
#317 = ORIENTED_EDGE ( 'NONE', *, *, #1521, .F. ) ;
#318 = AXIS2_PLACEMENT_3D ( 'NONE', #3850, #4292, #4325 ) ;
#319 = AXIS2_PLACEMENT_3D ( 'NONE', #1928, #5760, #4648 ) ;
#320 = DIRECTION ( 'NONE',  ( -0.000000000000000000, -0.000000000000000000, 1.000000000000000000 ) ) ;
#321 = LINE ( 'NONE', #1849, #3572 ) ;
#322 = DIRECTION ( 'NONE',  ( 0.7071067811865454633, 0.7071067811865496822, 0.000000000000000000 ) ) ;
#323 = DIRECTION ( 'NONE',  ( 0.000000000000000000, 0.000000000000000000, -1.000000000000000000 ) ) ;
#324 = DIRECTION ( 'NONE',  ( -0.5551424749987333707, 0.8317552719714379483, 0.000000000000000000 ) ) ;
#325 = AXIS2_PLACEMENT_3D ( 'NONE', #2122, #4448, #4507 ) ;
#326 = VECTOR ( 'NONE', #3440, 1000.000000000000000 ) ;
#327 = ADVANCED_FACE ( 'NONE', ( #2786 ), #1751, .F. ) ;
#328 = ORIENTED_EDGE ( 'NONE', *, *, #1170, .F. ) ;
#329 = CYLINDRICAL_SURFACE ( 'NONE', #1444, 2.100000000000000533 ) ;
#330 = ORIENTED_EDGE ( 'NONE', *, *, #482, .F. ) ;
#331 = CARTESIAN_POINT ( 'NONE',  ( -8.002142372482268229, 5.250000000000003553, 500.0000000000000000 ) ) ;
#332 = ORIENTED_EDGE ( 'NONE', *, *, #4683, .T. ) ;
#333 = CARTESIAN_POINT ( 'NONE',  ( 8.252142372482268229, -25.50000000000000355, 500.0000000000000000 ) ) ;
#334 = VECTOR ( 'NONE', #2114, 1000.000000000000000 ) ;
#335 = AXIS2_PLACEMENT_3D ( 'NONE', #4406, #2044, #5344 ) ;
#336 = CARTESIAN_POINT ( 'NONE',  ( -5.792893218813448541, -13.14644660940672516, 0.000000000000000000 ) ) ;
#337 = ADVANCED_FACE ( 'NONE', ( #1400 ), #1883, .F. ) ;
#338 = ORIENTED_EDGE ( 'NONE', *, *, #5455, .F. ) ;
#339 = CYLINDRICAL_SURFACE ( 'NONE', #5679, 0.2500000000000002220 ) ;
#340 = ADVANCED_FACE ( 'NONE', ( #3320 ), #4607, .F. ) ;
#341 = ORIENTED_EDGE ( 'NONE', *, *, #1620, .F. ) ;
#342 = CARTESIAN_POINT ( 'NONE',  ( -3.560660171779816086, -22.50000000000000000, 500.0000000000000000 ) ) ;
#343 = PLANE ( 'NONE',  #985 ) ;
#344 = ORIENTED_EDGE ( 'NONE', *, *, #6232, .T. ) ;
#345 = CARTESIAN_POINT ( 'NONE',  ( -2.292893218813452982, -15.93933982822018436, 0.000000000000000000 ) ) ;
#346 = DIRECTION ( 'NONE',  ( -0.000000000000000000, 1.000000000000000000, -0.000000000000000000 ) ) ;
#347 = CARTESIAN_POINT ( 'NONE',  ( -3.398953432037304712, 0.000000000000000000, 0.000000000000000000 ) ) ;
#348 = ORIENTED_EDGE ( 'NONE', *, *, #4722, .T. ) ;
#349 = CARTESIAN_POINT ( 'NONE',  ( 2.499999999999999556, -23.56066017177981919, 500.0000000000000000 ) ) ;
#350 = VERTEX_POINT ( 'NONE', #3699 ) ;
#351 = DIRECTION ( 'NONE',  ( -1.000000000000000000, 0.000000000000000000, 0.000000000000000000 ) ) ;
#352 = CARTESIAN_POINT ( 'NONE',  ( -3.703553390593272265, -28.50214237248227533, 0.000000000000000000 ) ) ;
#353 = CARTESIAN_POINT ( 'NONE',  ( -8.678919067778902985, -23.52677669529663973, 0.000000000000000000 ) ) ;
#354 = DIRECTION ( 'NONE',  ( -0.7071067811865472397, -0.7071067811865479058, 0.000000000000000000 ) ) ;
#355 = EDGE_CURVE ( 'NONE', #2354, #1242, #1267, .T. ) ;
#356 = AXIS2_PLACEMENT_3D ( 'NONE', #557, #2455, #1934 ) ;
#357 = VERTEX_POINT ( 'NONE', #3191 ) ;
#358 = DIRECTION ( 'NONE',  ( -1.000000000000000000, 0.000000000000000000, 0.000000000000000000 ) ) ;
#359 = CIRCLE ( 'NONE', #1678, 0.5000000000000000000 ) ;
#360 = ORIENTED_EDGE ( 'NONE', *, *, #3059, .T. ) ;
#361 = CIRCLE ( 'NONE', #1991, 0.5000000000000000000 ) ;
#362 = CARTESIAN_POINT ( 'NONE',  ( 3.560660171779815197, -20.24228092670165324, 0.000000000000000000 ) ) ;
#363 = VERTEX_POINT ( 'NONE', #1298 ) ;
#364 = LINE ( 'NONE', #5246, #6226 ) ;
#365 = EDGE_CURVE ( 'NONE', #2770, #2966, #3217, .T. ) ;
#366 = CARTESIAN_POINT ( 'NONE',  ( -3.100000000000000089, 8.252142372482271782, 500.0000000000000000 ) ) ;
#367 = AXIS2_PLACEMENT_3D ( 'NONE', #4443, #689, #3976 ) ;
#368 = VERTEX_POINT ( 'NONE', #5841 ) ;
#369 = ORIENTED_EDGE ( 'NONE', *, *, #1453, .T. ) ;
#370 = CARTESIAN_POINT ( 'NONE',  ( -9.926776695296643638, -4.774634322814374165, 500.0000000000000000 ) ) ;
#371 = ORIENTED_EDGE ( 'NONE', *, *, #2257, .F. ) ;
#372 = LINE ( 'NONE', #2771, #3446 ) ;
#373 = ORIENTED_EDGE ( 'NONE', *, *, #625, .F. ) ;
#374 = DIRECTION ( 'NONE',  ( 0.000000000000000000, 1.000000000000000000, -0.000000000000000000 ) ) ;
#375 = DIRECTION ( 'NONE',  ( -0.000000000000000000, -0.000000000000000000, 1.000000000000000000 ) ) ;
#376 = EDGE_CURVE ( 'NONE', #3898, #6173, #3789, .T. ) ;
#377 = VERTEX_POINT ( 'NONE', #2912 ) ;
#378 =( NAMED_UNIT ( * ) SI_UNIT ( $, .STERADIAN. ) SOLID_ANGLE_UNIT ( ) );
#379 = DIRECTION ( 'NONE',  ( -1.000000000000000000, 0.000000000000000000, 0.000000000000000000 ) ) ;
#380 = LINE ( 'NONE', #2278, #613 ) ;
#381 = DIRECTION ( 'NONE',  ( -1.000000000000000000, 0.000000000000000000, 0.000000000000000000 ) ) ;
#382 = ORIENTED_EDGE ( 'NONE', *, *, #5520, .F. ) ;
#383 = DIRECTION ( 'NONE',  ( -1.000000000000000000, -8.060449430099660112E-16, 0.000000000000000000 ) ) ;
#384 = DIRECTION ( 'NONE',  ( -1.000000000000000000, 0.000000000000000000, 0.000000000000000000 ) ) ;
#385 = CARTESIAN_POINT ( 'NONE',  ( -5.500000000000000000, -6.560660171779825411, 500.0000000000000000 ) ) ;
#386 = DIRECTION ( 'NONE',  ( 7.228014483236698528E-16, -1.000000000000000000, -0.000000000000000000 ) ) ;
#387 = EDGE_CURVE ( 'NONE', #6220, #3898, #5365, .T. ) ;
#388 = CARTESIAN_POINT ( 'NONE',  ( -2.573223304703363024, -23.63388347648317733, 0.000000000000000000 ) ) ;
#389 = ORIENTED_EDGE ( 'NONE', *, *, #3000, .F. ) ;
#390 = LINE ( 'NONE', #4144, #5049 ) ;
#391 = EDGE_CURVE ( 'NONE', #1865, #6054, #1056, .T. ) ;
#392 = VERTEX_POINT ( 'NONE', #5751 ) ;
#393 = PLANE ( 'NONE',  #652 ) ;
#394 = ORIENTED_EDGE ( 'NONE', *, *, #4550, .F. ) ;
#395 = CARTESIAN_POINT ( 'NONE',  ( 2.499999999999999556, -23.56066017177981919, 500.0000000000000000 ) ) ;
#396 = CARTESIAN_POINT ( 'NONE',  ( -3.560660171779816086, -17.60355339059327306, 500.0000000000000000 ) ) ;
#397 = ORIENTED_EDGE ( 'NONE', *, *, #5348, .T. ) ;
#398 = DIRECTION ( 'NONE',  ( 0.000000000000000000, 0.000000000000000000, -1.000000000000000000 ) ) ;
#399 = ORIENTED_EDGE ( 'NONE', *, *, #2952, .T. ) ;
#400 = EDGE_CURVE ( 'NONE', #2178, #3475, #1046, .T. ) ;
#401 = CARTESIAN_POINT ( 'NONE',  ( 6.487436867076457503, -25.42677669529663831, 0.000000000000000000 ) ) ;
#402 = ORIENTED_EDGE ( 'NONE', *, *, #4181, .F. ) ;
#403 = DIRECTION ( 'NONE',  ( -0.000000000000000000, -0.000000000000000000, 1.000000000000000000 ) ) ;
#404 = ORIENTED_EDGE ( 'NONE', *, *, #2703, .F. ) ;
#405 = CARTESIAN_POINT ( 'NONE',  ( 3.526776695296635289, 8.678919067778908314, 0.000000000000000000 ) ) ;
#406 = PLANE ( 'NONE',  #4754 ) ;
#407 = ORIENTED_EDGE ( 'NONE', *, *, #3703, .T. ) ;
#408 = DIRECTION ( 'NONE',  ( -1.000000000000000000, 0.000000000000000000, -0.000000000000000000 ) ) ;
#409 = CIRCLE ( 'NONE', #1829, 0.2500000000000002220 ) ;
#410 = FACE_OUTER_BOUND ( 'NONE', #3879, .T. ) ;
#411 = DIRECTION ( 'NONE',  ( -0.000000000000000000, 0.000000000000000000, 1.000000000000000000 ) ) ;
#412 = EDGE_CURVE ( 'NONE', #35, #1185, #107, .T. ) ;
#413 = ORIENTED_EDGE ( 'NONE', *, *, #5927, .T. ) ;
#414 = PLANE ( 'NONE',  #1382 ) ;
#415 = CARTESIAN_POINT ( 'NONE',  ( 3.398953432037304268, -19.99999999999999645, 0.000000000000000000 ) ) ;
#416 = LINE ( 'NONE', #4171, #2480 ) ;
#417 = VECTOR ( 'NONE', #4963, 1000.000000000000000 ) ;
#418 = DIRECTION ( 'NONE',  ( -0.000000000000000000, -0.000000000000000000, 1.000000000000000000 ) ) ;
#419 = AXIS2_PLACEMENT_3D ( 'NONE', #4375, #5249, #2422 ) ;
#420 = AXIS2_PLACEMENT_3D ( 'NONE', #5187, #874, #6213 ) ;
#421 = VERTEX_POINT ( 'NONE', #4771 ) ;
#422 = AXIS2_PLACEMENT_3D ( 'NONE', #3502, #1102, #3028 ) ;
#423 = FACE_OUTER_BOUND ( 'NONE', #3974, .T. ) ;
#424 = EDGE_LOOP ( 'NONE', ( #1734, #6205, #499, #344 ) ) ;
#425 = CARTESIAN_POINT ( 'NONE',  ( 5.249999999999999112, 8.002142372482271782, 500.0000000000000000 ) ) ;
#426 = VERTEX_POINT ( 'NONE', #2968 ) ;
#427 = ADVANCED_FACE ( 'NONE', ( #4885 ), #1919, .F. ) ;
#428 = DIRECTION ( 'NONE',  ( 1.387778780781445873E-15, 1.000000000000000000, -0.000000000000000000 ) ) ;
#429 = CARTESIAN_POINT ( 'NONE',  ( -9.999999999999998224, -15.04858898188899907, 0.000000000000000000 ) ) ;
#430 = CIRCLE ( 'NONE', #1037, 0.2500000000000002220 ) ;
#431 = AXIS2_PLACEMENT_3D ( 'NONE', #867, #4642, #5661 ) ;
#432 = ADVANCED_FACE ( 'NONE', ( #2006 ), #1946, .T. ) ;
#433 = CARTESIAN_POINT ( 'NONE',  ( 0.2422809267016595158, 3.560660171779816974, 500.0000000000000000 ) ) ;
#434 = ORIENTED_EDGE ( 'NONE', *, *, #2652, .T. ) ;
#435 = CARTESIAN_POINT ( 'NONE',  ( -8.678919067778902985, 3.526776695296639286, 500.0000000000000000 ) ) ;
#436 = ORIENTED_EDGE ( 'NONE', *, *, #117, .T. ) ;
#437 = AXIS2_PLACEMENT_3D ( 'NONE', #5441, #4527, #2179 ) ;
#438 = LINE ( 'NONE', #5673, #442 ) ;
#439 = ORIENTED_EDGE ( 'NONE', *, *, #558, .T. ) ;
#440 = CARTESIAN_POINT ( 'NONE',  ( 3.398953432037304268, -19.99999999999999645, 0.000000000000000000 ) ) ;
#441 = FILL_AREA_STYLE ('',( #1419 ) ) ;
#442 = VECTOR ( 'NONE', #945, 1000.000000000000000 ) ;
#443 = ORIENTED_EDGE ( 'NONE', *, *, #57, .T. ) ;
#444 = FACE_BOUND ( 'NONE', #1200, .T. ) ;
#445 = CARTESIAN_POINT ( 'NONE',  ( 7.752142372482267341, -7.500000000000003553, 500.0000000000000000 ) ) ;
#446 = ADVANCED_FACE ( 'NONE', ( #486 ), #2436, .F. ) ;
#447 = DIRECTION ( 'NONE',  ( 0.000000000000000000, 0.000000000000000000, -1.000000000000000000 ) ) ;
#448 = ORIENTED_EDGE ( 'NONE', *, *, #5529, .F. ) ;
#449 = FACE_OUTER_BOUND ( 'NONE', #2131, .T. ) ;
#450 = CARTESIAN_POINT ( 'NONE',  ( 2.292893218813488065, -15.93933982822018436, 500.0000000000000000 ) ) ;
#451 = CARTESIAN_POINT ( 'NONE',  ( 5.792893218813449430, -6.853553390593274841, 0.000000000000000000 ) ) ;
#452 = EDGE_CURVE ( 'NONE', #3584, #2559, #5272, .T. ) ;
#453 = EDGE_LOOP ( 'NONE', ( #4833, #2726, #4675, #5563 ) ) ;
#454 = VECTOR ( 'NONE', #2621, 1000.000000000000114 ) ;
#455 = DIRECTION ( 'NONE',  ( -0.7071067811865412445, 0.7071067811865536790, -0.000000000000000000 ) ) ;
#456 = ORIENTED_EDGE ( 'NONE', *, *, #2395, .T. ) ;
#457 = CARTESIAN_POINT ( 'NONE',  ( -2.573223304703363024, -23.63388347648317733, 500.0000000000000000 ) ) ;
#458 = VERTEX_POINT ( 'NONE', #1519 ) ;
#459 = AXIS2_PLACEMENT_3D ( 'NONE', #3046, #1151, #3583 ) ;
#460 = PLANE ( 'NONE',  #3686 ) ;
#461 = FACE_OUTER_BOUND ( 'NONE', #2537, .T. ) ;
#462 = ORIENTED_EDGE ( 'NONE', *, *, #2713, .F. ) ;
#463 = AXIS2_PLACEMENT_3D ( 'NONE', #2826, #4740, #4644 ) ;
#464 = CARTESIAN_POINT ( 'NONE',  ( -2.292893218813452982, -16.43933982822018436, 500.0000000000000000 ) ) ;
#465 = AXIS2_PLACEMENT_3D ( 'NONE', #2127, #4484, #4543 ) ;
#466 = ORIENTED_EDGE ( 'NONE', *, *, #2446, .T. ) ;
#467 = DIRECTION ( 'NONE',  ( -0.5551424749987398100, -0.8317552719714336185, -0.000000000000000000 ) ) ;
#468 = ORIENTED_EDGE ( 'NONE', *, *, #2495, .T. ) ;
#469 = CARTESIAN_POINT ( 'NONE',  ( 2.499999999999999556, -23.56066017177981919, 0.000000000000000000 ) ) ;
#470 = ORIENTED_EDGE ( 'NONE', *, *, #1182, .T. ) ;
#471 = DIRECTION ( 'NONE',  ( 0.000000000000000000, 0.000000000000000000, -1.000000000000000000 ) ) ;
#472 = CARTESIAN_POINT ( 'NONE',  ( -0.2422809267016586554, -16.43933982822018081, 500.0000000000000000 ) ) ;
#473 = EDGE_CURVE ( 'NONE', #6054, #808, #55, .T. ) ;
#474 = VECTOR ( 'NONE', #5485, 1000.000000000000114 ) ;
#475 = AXIS2_PLACEMENT_3D ( 'NONE', #333, #2323, #837 ) ;
#476 = CIRCLE ( 'NONE', #2396, 0.5000000000000000000 ) ;
#477 = VERTEX_POINT ( 'NONE', #2498 ) ;
#478 = EDGE_CURVE ( 'NONE', #5541, #2233, #5586, .T. ) ;
#479 = CARTESIAN_POINT ( 'NONE',  ( -8.252142372482268229, 5.500000000000004441, 500.0000000000000000 ) ) ;
#480 = LINE ( 'NONE', #3051, #4937 ) ;
#481 = AXIS2_PLACEMENT_3D ( 'NONE', #2403, #4324, #1936 ) ;
#482 = EDGE_CURVE ( 'NONE', #3545, #163, #4306, .T. ) ;
#483 = DIRECTION ( 'NONE',  ( -0.000000000000000000, -0.000000000000000000, 1.000000000000000000 ) ) ;
#484 = ORIENTED_EDGE ( 'NONE', *, *, #4632, .T. ) ;
#485 = CARTESIAN_POINT ( 'NONE',  ( 2.499999999999999556, -3.560660171779816974, 500.0000000000000000 ) ) ;
#486 = FACE_OUTER_BOUND ( 'NONE', #4162, .T. ) ;
#487 = CARTESIAN_POINT ( 'NONE',  ( -6.560660171779821859, -25.50000000000000355, 500.0000000000000000 ) ) ;
#488 = DIRECTION ( 'NONE',  ( 0.8317552719714353948, 0.5551424749987372564, 0.000000000000000000 ) ) ;
#489 = ORIENTED_EDGE ( 'NONE', *, *, #4632, .F. ) ;
#490 = LINE ( 'NONE', #5493, #1375 ) ;
#491 = CARTESIAN_POINT ( 'NONE',  ( -9.926776695296634756, -15.22536567718563560, 0.000000000000000000 ) ) ;
#492 = DIRECTION ( 'NONE',  ( -0.000000000000000000, -0.000000000000000000, 1.000000000000000000 ) ) ;
#493 = DIRECTION ( 'NONE',  ( 0.7071067811865479058, -0.7071067811865472397, -0.000000000000000000 ) ) ;
#494 = ORIENTED_EDGE ( 'NONE', *, *, #2838, .F. ) ;
#495 = DIRECTION ( 'NONE',  ( 0.7071067811865464625, 0.7071067811865486830, -0.000000000000000000 ) ) ;
#496 = ORIENTED_EDGE ( 'NONE', *, *, #3948, .T. ) ;
#497 = ORIENTED_EDGE ( 'NONE', *, *, #130, .T. ) ;
#498 = CARTESIAN_POINT ( 'NONE',  ( -8.502142372482266452, -23.70355339059327449, 500.0000000000000000 ) ) ;
#499 = ORIENTED_EDGE ( 'NONE', *, *, #4040, .F. ) ;
#500 = EDGE_CURVE ( 'NONE', #6186, #3356, #3467, .T. ) ;
#501 = DIRECTION ( 'NONE',  ( 0.000000000000000000, 0.000000000000000000, 1.000000000000000000 ) ) ;
#502 =( NAMED_UNIT ( * ) SI_UNIT ( $, .STERADIAN. ) SOLID_ANGLE_UNIT ( ) );
#503 = DIRECTION ( 'NONE',  ( 1.000000000000000000, 0.000000000000000000, 0.000000000000000000 ) ) ;
#504 = ORIENTED_EDGE ( 'NONE', *, *, #1084, .F. ) ;
#505 = DIRECTION ( 'NONE',  ( -0.000000000000000000, -0.000000000000000000, 1.000000000000000000 ) ) ;
#506 = EDGE_CURVE ( 'NONE', #3331, #3584, #1674, .T. ) ;
#507 = DIRECTION ( 'NONE',  ( -1.000000000000000000, 0.000000000000000000, 0.000000000000000000 ) ) ;
#508 = ORIENTED_EDGE ( 'NONE', *, *, #4130, .T. ) ;
#509 = DIRECTION ( 'NONE',  ( -1.000000000000000000, 1.387778780781444413E-14, 0.000000000000000000 ) ) ;
#510 = CARTESIAN_POINT ( 'NONE',  ( 9.750000000000001776, 9.750000000000003553, 0.000000000000000000 ) ) ;
#511 = CARTESIAN_POINT ( 'NONE',  ( -3.560660171779815197, 0.2422809267016608203, 0.000000000000000000 ) ) ;
#512 = CARTESIAN_POINT ( 'NONE',  ( -2.292893218813459200, -3.560660171779815197, 500.0000000000000000 ) ) ;
#513 = ORIENTED_EDGE ( 'NONE', *, *, #3665, .T. ) ;
#514 = CARTESIAN_POINT ( 'NONE',  ( 0.000000000000000000, -20.00000000000000000, 0.000000000000000000 ) ) ;
#515 = VECTOR ( 'NONE', #4149, 1000.000000000000000 ) ;
#516 = DIRECTION ( 'NONE',  ( 0.7071067811865459074, -0.7071067811865491270, 0.000000000000000000 ) ) ;
#517 = CARTESIAN_POINT ( 'NONE',  ( -9.999999999999998224, 4.951411018111002704, 500.0000000000000000 ) ) ;
#518 = DIRECTION ( 'NONE',  ( 0.000000000000000000, 0.000000000000000000, 1.000000000000000000 ) ) ;
#519 = EDGE_CURVE ( 'NONE', #4685, #1249, #4294, .T. ) ;
#520 = CIRCLE ( 'NONE', #4354, 0.2500000000000002220 ) ;
#521 = ORIENTED_EDGE ( 'NONE', *, *, #4728, .F. ) ;
#522 = LINE ( 'NONE', #3303, #4161 ) ;
#523 = ORIENTED_EDGE ( 'NONE', *, *, #117, .F. ) ;
#524 = DIRECTION ( 'NONE',  ( -0.000000000000000000, -0.000000000000000000, 1.000000000000000000 ) ) ;
#525 = VERTEX_POINT ( 'NONE', #5303 ) ;
#526 = CYLINDRICAL_SURFACE ( 'NONE', #1065, 0.2500000000000002220 ) ;
#527 = ORIENTED_EDGE ( 'NONE', *, *, #5708, .F. ) ;
#528 = DIRECTION ( 'NONE',  ( 1.000000000000000000, 0.000000000000000000, 0.000000000000000000 ) ) ;
#529 = VECTOR ( 'NONE', #5129, 1000.000000000000000 ) ;
#530 = AXIS2_PLACEMENT_3D ( 'NONE', #1885, #323, #1300 ) ;
#531 = EDGE_CURVE ( 'NONE', #275, #3697, #4829, .T. ) ;
#532 = VECTOR ( 'NONE', #758, 1000.000000000000000 ) ;
#533 = AXIS2_PLACEMENT_3D ( 'NONE', #2963, #1576, #3021 ) ;
#534 = CARTESIAN_POINT ( 'NONE',  ( -8.002142372482268229, -25.25000000000000000, 500.0000000000000000 ) ) ;
#535 = ORIENTED_EDGE ( 'NONE', *, *, #972, .F. ) ;
#536 = DIRECTION ( 'NONE',  ( 0.000000000000000000, 0.000000000000000000, -1.000000000000000000 ) ) ;
#537 = CIRCLE ( 'NONE', #1230, 0.2500000000000002220 ) ;
#538 = VECTOR ( 'NONE', #5539, 1000.000000000000000 ) ;
#539 = DIRECTION ( 'NONE',  ( 0.7071067811865492381, 0.7071067811865457964, 0.000000000000000000 ) ) ;
#540 = ORIENTED_EDGE ( 'NONE', *, *, #1694, .F. ) ;
#541 = DIRECTION ( 'NONE',  ( 0.000000000000000000, 0.000000000000000000, -1.000000000000000000 ) ) ;
#542 = DIRECTION ( 'NONE',  ( 1.000000000000000000, -0.000000000000000000, -0.000000000000000000 ) ) ;
#543 = DIRECTION ( 'NONE',  ( -0.000000000000000000, -0.000000000000000000, 1.000000000000000000 ) ) ;
#544 = EDGE_CURVE ( 'NONE', #4997, #4745, #5331, .T. ) ;
#545 = LINE ( 'NONE', #3384, #326 ) ;
#546 = EDGE_LOOP ( 'NONE', ( #2485, #1869, #4879, #4838 ) ) ;
#547 = DIRECTION ( 'NONE',  ( -1.000000000000000000, 6.733988894569413090E-16, 0.000000000000000000 ) ) ;
#548 = CYLINDRICAL_SURFACE ( 'NONE', #4790, 0.2500000000000002220 ) ;
#549 = EDGE_CURVE ( 'NONE', #6183, #941, #3096, .T. ) ;
#550 = LINE ( 'NONE', #3444, #5296 ) ;
#551 = DIRECTION ( 'NONE',  ( -7.228014483236698528E-16, -1.000000000000000000, 0.000000000000000000 ) ) ;
#552 = VECTOR ( 'NONE', #4274, 1000.000000000000227 ) ;
#553 = ORIENTED_EDGE ( 'NONE', *, *, #4932, .T. ) ;
#554 = LINE ( 'NONE', #2983, #4943 ) ;
#555 = ORIENTED_EDGE ( 'NONE', *, *, #1294, .F. ) ;
#556 = ORIENTED_EDGE ( 'NONE', *, *, #1668, .T. ) ;
#557 = CARTESIAN_POINT ( 'NONE',  ( 3.703553390593272265, 8.502142372482271782, 500.0000000000000000 ) ) ;
#558 = EDGE_CURVE ( 'NONE', #368, #2193, #165, .T. ) ;
#559 = ORIENTED_EDGE ( 'NONE', *, *, #5802, .T. ) ;
#560 = FACE_OUTER_BOUND ( 'NONE', #1438, .T. ) ;
#561 = AXIS2_PLACEMENT_3D ( 'NONE', #5663, #801, #1793 ) ;
#562 = VECTOR ( 'NONE', #3291, 1000.000000000000000 ) ;
#563 = EDGE_LOOP ( 'NONE', ( #5551, #2834, #5378, #4908 ) ) ;
#564 = VECTOR ( 'NONE', #4369, 1000.000000000000000 ) ;
#565 = EDGE_CURVE ( 'NONE', #5387, #4142, #4973, .T. ) ;
#566 = VECTOR ( 'NONE', #860, 1000.000000000000000 ) ;
#567 = ORIENTED_EDGE ( 'NONE', *, *, #500, .F. ) ;
#568 = ORIENTED_EDGE ( 'NONE', *, *, #177, .T. ) ;
#569 = DIRECTION ( 'NONE',  ( 1.000000000000000000, 0.000000000000000000, 0.000000000000000000 ) ) ;
#570 = DIRECTION ( 'NONE',  ( 1.000000000000000000, 0.000000000000000000, 0.000000000000000000 ) ) ;
#571 = ADVANCED_FACE ( 'NONE', ( #5901 ), #2522, .F. ) ;
#572 = CARTESIAN_POINT ( 'NONE',  ( 4.336808689942017736E-16, 3.398953432037304712, 500.0000000000000000 ) ) ;
#573 = CARTESIAN_POINT ( 'NONE',  ( -6.664213562373094923, -14.49999999999999645, 500.0000000000000000 ) ) ;
#574 = DIRECTION ( 'NONE',  ( -1.000000000000000000, -3.469446951953614682E-16, 0.000000000000000000 ) ) ;
#575 = ORIENTED_EDGE ( 'NONE', *, *, #5210, .T. ) ;
#576 = CARTESIAN_POINT ( 'NONE',  ( 2.100000000000000533, -20.00000000000000000, 0.000000000000000000 ) ) ;
#577 = DIRECTION ( 'NONE',  ( 1.000000000000000000, 0.000000000000000000, 0.000000000000000000 ) ) ;
#578 = CARTESIAN_POINT ( 'NONE',  ( -3.633883476483179553, 2.573223304703363468, 0.000000000000000000 ) ) ;
#579 = DIRECTION ( 'NONE',  ( 0.000000000000000000, 0.000000000000000000, -1.000000000000000000 ) ) ;
#580 = EDGE_CURVE ( 'NONE', #2956, #3346, #4073, .T. ) ;
#581 = ADVANCED_FACE ( 'NONE', ( #5999 ), #1584, .F. ) ;
#582 = VERTEX_POINT ( 'NONE', #1649 ) ;
#583 = CARTESIAN_POINT ( 'NONE',  ( 4.336808689942017736E-16, -16.60104656796269040, 0.000000000000000000 ) ) ;
#584 = ORIENTED_EDGE ( 'NONE', *, *, #5767, .T. ) ;
#585 = ORIENTED_EDGE ( 'NONE', *, *, #5068, .T. ) ;
#586 = LINE ( 'NONE', #1967, #3078 ) ;
#587 = ORIENTED_EDGE ( 'NONE', *, *, #1987, .F. ) ;
#588 = LINE ( 'NONE', #1539, #2332 ) ;
#589 = CARTESIAN_POINT ( 'NONE',  ( -8.252142372482268229, -25.25000000000000000, 500.0000000000000000 ) ) ;
#590 = VECTOR ( 'NONE', #1777, 1000.000000000000000 ) ;
#591 = DIRECTION ( 'NONE',  ( 0.000000000000000000, 0.000000000000000000, 1.000000000000000000 ) ) ;
#592 = ORIENTED_EDGE ( 'NONE', *, *, #2308, .F. ) ;
#593 = EDGE_CURVE ( 'NONE', #4319, #4430, #4941, .T. ) ;
#594 = ORIENTED_EDGE ( 'NONE', *, *, #6165, .T. ) ;
#595 = EDGE_LOOP ( 'NONE', ( #3336, #1008, #3278, #1163 ) ) ;
#596 = CARTESIAN_POINT ( 'NONE',  ( 8.252142372482268229, -5.250000000000003553, 500.0000000000000000 ) ) ;
#597 = CARTESIAN_POINT ( 'NONE',  ( 3.703553390593272265, -28.50214237248227533, 0.000000000000000000 ) ) ;
#598 = CARTESIAN_POINT ( 'NONE',  ( 3.453553390593271821, 8.502142372482271782, 500.0000000000000000 ) ) ;
#599 = EDGE_CURVE ( 'NONE', #2185, #971, #1101, .T. ) ;
#600 = DIRECTION ( 'NONE',  ( -1.000000000000000000, 0.000000000000000000, 0.000000000000000000 ) ) ;
#601 = ORIENTED_EDGE ( 'NONE', *, *, #5544, .F. ) ;
#602 = CARTESIAN_POINT ( 'NONE',  ( -3.398953432037304712, -19.99999999999999645, 0.000000000000000000 ) ) ;
#603 = DIRECTION ( 'NONE',  ( 0.7071067811865491270, 0.7071067811865459074, 0.000000000000000000 ) ) ;
#604 = FACE_OUTER_BOUND ( 'NONE', #1379, .T. ) ;
#605 = DIRECTION ( 'NONE',  ( -0.7071067811865464625, 0.7071067811865486830, 0.000000000000000000 ) ) ;
#606 = ORIENTED_EDGE ( 'NONE', *, *, #103, .F. ) ;
#607 = ORIENTED_EDGE ( 'NONE', *, *, #4969, .F. ) ;
#608 = EDGE_LOOP ( 'NONE', ( #257, #5659, #504, #2579 ) ) ;
#609 = CARTESIAN_POINT ( 'NONE',  ( 4.336808689942017736E-16, 3.398953432037304712, 0.000000000000000000 ) ) ;
#610 = VERTEX_POINT ( 'NONE', #3977 ) ;
#611 = CARTESIAN_POINT ( 'NONE',  ( -3.526776695296635289, -28.67891906777891009, 500.0000000000000000 ) ) ;
#612 = EDGE_CURVE ( 'NONE', #4311, #5844, #409, .T. ) ;
#613 = VECTOR ( 'NONE', #2339, 1000.000000000000000 ) ;
#614 = ORIENTED_EDGE ( 'NONE', *, *, #1538, .F. ) ;
#615 = CARTESIAN_POINT ( 'NONE',  ( 6.487436867076458391, 5.426776695296640085, 500.0000000000000000 ) ) ;
#616 = EDGE_LOOP ( 'NONE', ( #2931, #1550, #3680, #1296 ) ) ;
#617 = VECTOR ( 'NONE', #3449, 1000.000000000000000 ) ;
#618 = CIRCLE ( 'NONE', #1546, 0.2500000000000002220 ) ;
#619 = EDGE_CURVE ( 'NONE', #35, #4503, #5449, .T. ) ;
#620 = AXIS2_PLACEMENT_3D ( 'NONE', #888, #4727, #408 ) ;
#621 = ORIENTED_EDGE ( 'NONE', *, *, #2116, .F. ) ;
#622 = ORIENTED_EDGE ( 'NONE', *, *, #3627, .T. ) ;
#623 = VECTOR ( 'NONE', #4330, 1000.000000000000000 ) ;
#624 = CARTESIAN_POINT ( 'NONE',  ( 8.252142372482266452, 3.703553390593276706, 500.0000000000000000 ) ) ;
#625 = EDGE_CURVE ( 'NONE', #363, #4619, #5340, .T. ) ;
#626 = VECTOR ( 'NONE', #495, 1000.000000000000000 ) ;
#627 = CARTESIAN_POINT ( 'NONE',  ( -5.249999999999999112, -26.66421356237309581, 500.0000000000000000 ) ) ;
#628 = DIRECTION ( 'NONE',  ( -0.7071067811865486830, -0.7071067811865464625, 0.000000000000000000 ) ) ;
#629 = DIRECTION ( 'NONE',  ( 0.000000000000000000, 0.000000000000000000, -1.000000000000000000 ) ) ;
#630 = CARTESIAN_POINT ( 'NONE',  ( 5.792893218813442324, -13.14644660940672694, 500.0000000000000000 ) ) ;
#631 = EDGE_LOOP ( 'NONE', ( #4938, #3542, #5596, #4709 ) ) ;
#632 = DIRECTION ( 'NONE',  ( 0.000000000000000000, 0.000000000000000000, 1.000000000000000000 ) ) ;
#633 = DIRECTION ( 'NONE',  ( 1.000000000000000000, -0.000000000000000000, -0.000000000000000000 ) ) ;
#634 = DIRECTION ( 'NONE',  ( 1.000000000000000000, -1.025564132602993768E-15, -0.000000000000000000 ) ) ;
#635 = CARTESIAN_POINT ( 'NONE',  ( 2.499999999999999556, -3.560660171779816974, 500.0000000000000000 ) ) ;
#636 = EDGE_CURVE ( 'NONE', #2946, #2322, #1076, .T. ) ;
#637 = ORIENTED_EDGE ( 'NONE', *, *, #365, .T. ) ;
#638 = CYLINDRICAL_SURFACE ( 'NONE', #1125, 0.2500000000000002220 ) ;
#639 = ORIENTED_EDGE ( 'NONE', *, *, #938, .F. ) ;
#640 = CARTESIAN_POINT ( 'NONE',  ( -8.252142372482266452, -16.89999999999999503, 500.0000000000000000 ) ) ;
#641 = EDGE_LOOP ( 'NONE', ( #1608, #371, #5584, #155 ) ) ;
#642 = CARTESIAN_POINT ( 'NONE',  ( 4.336808689942017736E-16, -23.39895343203730249, 0.000000000000000000 ) ) ;
#643 = ORIENTED_EDGE ( 'NONE', *, *, #3361, .T. ) ;
#644 = DIRECTION ( 'NONE',  ( 0.7071067811865476838, -0.7071067811865474617, -0.000000000000000000 ) ) ;
#645 = LINE ( 'NONE', #5232, #4847 ) ;
#646 = ORIENTED_EDGE ( 'NONE', *, *, #4910, .T. ) ;
#647 = CARTESIAN_POINT ( 'NONE',  ( 8.252142372482268229, -5.500000000000004441, 500.0000000000000000 ) ) ;
#648 = VERTEX_POINT ( 'NONE', #5487 ) ;
#649 = DIRECTION ( 'NONE',  ( -0.7071067811865472397, 0.7071067811865479058, 0.000000000000000000 ) ) ;
#650 = VECTOR ( 'NONE', #3942, 1000.000000000000000 ) ;
#651 = ADVANCED_FACE ( 'NONE', ( #4009 ), #2615, .T. ) ;
#652 = AXIS2_PLACEMENT_3D ( 'NONE', #1277, #5564, #3671 ) ;
#653 = EDGE_CURVE ( 'NONE', #5345, #1926, #4916, .T. ) ;
#654 = AXIS2_PLACEMENT_3D ( 'NONE', #3534, #1556, #4080 ) ;
#655 = AXIS2_PLACEMENT_3D ( 'NONE', #4637, #3258, #4734 ) ;
#656 = ORIENTED_EDGE ( 'NONE', *, *, #4277, .F. ) ;
#657 = ORIENTED_EDGE ( 'NONE', *, *, #997, .F. ) ;
#658 = CARTESIAN_POINT ( 'NONE',  ( 3.810660171779816530, -2.396446609406726935, 0.000000000000000000 ) ) ;
#659 = CARTESIAN_POINT ( 'NONE',  ( -8.252142372482266452, -16.89999999999999503, 500.0000000000000000 ) ) ;
#660 = LINE ( 'NONE', #1167, #3535 ) ;
#661 = VECTOR ( 'NONE', #1682, 1000.000000000000000 ) ;
#662 = EDGE_CURVE ( 'NONE', #4414, #928, #2224, .T. ) ;
#663 = PLANE ( 'NONE',  #4857 ) ;
#664 = ORIENTED_EDGE ( 'NONE', *, *, #972, .T. ) ;
#665 = LINE ( 'NONE', #3102, #5295 ) ;
#666 = DIRECTION ( 'NONE',  ( 0.7071067811865486830, -0.7071067811865464625, 0.000000000000000000 ) ) ;
#667 = CARTESIAN_POINT ( 'NONE',  ( 2.292893218813488065, -15.93933982822018436, 500.0000000000000000 ) ) ;
#668 = DIRECTION ( 'NONE',  ( -0.000000000000000000, 0.000000000000000000, 1.000000000000000000 ) ) ;
#669 = EDGE_CURVE ( 'NONE', #752, #1972, #4505, .T. ) ;
#670 = ORIENTED_EDGE ( 'NONE', *, *, #4924, .T. ) ;
#671 = DIRECTION ( 'NONE',  ( -1.000000000000000000, 0.000000000000000000, 0.000000000000000000 ) ) ;
#672 = VERTEX_POINT ( 'NONE', #2120 ) ;
#673 = CARTESIAN_POINT ( 'NONE',  ( 3.810660171779816530, -2.396446609406726935, 500.0000000000000000 ) ) ;
#674 = ORIENTED_EDGE ( 'NONE', *, *, #1095, .F. ) ;
#675 = DIRECTION ( 'NONE',  ( 1.000000000000000000, 0.000000000000000000, 0.000000000000000000 ) ) ;
#676 = ORIENTED_EDGE ( 'NONE', *, *, #653, .F. ) ;
#677 = CARTESIAN_POINT ( 'NONE',  ( 8.252142372482266452, 3.100000000000004530, 500.0000000000000000 ) ) ;
#678 = CARTESIAN_POINT ( 'NONE',  ( 6.664213562373094923, -5.250000000000002665, 500.0000000000000000 ) ) ;
#679 = ORIENTED_EDGE ( 'NONE', *, *, #482, .T. ) ;
#680 = CARTESIAN_POINT ( 'NONE',  ( -6.560660171779821859, -14.49999999999999645, 500.0000000000000000 ) ) ;
#681 = EDGE_CURVE ( 'NONE', #1074, #273, #3841, .T. ) ;
#682 = ORIENTED_EDGE ( 'NONE', *, *, #3652, .T. ) ;
#683 = CARTESIAN_POINT ( 'NONE',  ( 3.560660171779816086, -17.49999999999999645, 500.0000000000000000 ) ) ;
#684 = CARTESIAN_POINT ( 'NONE',  ( -8.678919067778901208, -16.47322330470336027, 500.0000000000000000 ) ) ;
#685 = AXIS2_PLACEMENT_3D ( 'NONE', #1838, #3625, #5070 ) ;
#686 = EDGE_LOOP ( 'NONE', ( #1178, #2425, #462, #4407 ) ) ;
#687 = EDGE_CURVE ( 'NONE', #3513, #2144, #4630, .T. ) ;
#688 = ORIENTED_EDGE ( 'NONE', *, *, #5620, .T. ) ;
#689 = DIRECTION ( 'NONE',  ( -0.000000000000000000, -0.000000000000000000, 1.000000000000000000 ) ) ;
#690 = DIRECTION ( 'NONE',  ( 0.7071067811865492381, 0.7071067811865457964, 0.000000000000000000 ) ) ;
#691 = CARTESIAN_POINT ( 'NONE',  ( 9.926776695296634756, 4.774634322814365284, 0.000000000000000000 ) ) ;
#692 = CARTESIAN_POINT ( 'NONE',  ( -8.502142372482266452, -3.703553390593276706, 500.0000000000000000 ) ) ;
#693 = LINE ( 'NONE', #5491, #3438 ) ;
#694 = ORIENTED_EDGE ( 'NONE', *, *, #2664, .T. ) ;
#695 = LINE ( 'NONE', #602, #6107 ) ;
#696 = LINE ( 'NONE', #5974, #2376 ) ;
#697 = DIRECTION ( 'NONE',  ( -1.000000000000000000, 5.127820663014968840E-16, -0.000000000000000000 ) ) ;
#698 = CYLINDRICAL_SURFACE ( 'NONE', #4259, 0.2500000000000002220 ) ;
#699 = ORIENTED_EDGE ( 'NONE', *, *, #4293, .T. ) ;
#700 = ORIENTED_EDGE ( 'NONE', *, *, #1437, .T. ) ;
#701 = DIRECTION ( 'NONE',  ( -0.7071067811865492381, 0.7071067811865457964, 0.000000000000000000 ) ) ;
#702 = VERTEX_POINT ( 'NONE', #5133 ) ;
#703 = DIRECTION ( 'NONE',  ( 0.000000000000000000, 0.000000000000000000, 1.000000000000000000 ) ) ;
#704 = EDGE_LOOP ( 'NONE', ( #1670, #4562, #2010, #4464 ) ) ;
#705 = DIRECTION ( 'NONE',  ( -1.000000000000000000, 0.000000000000000000, 0.000000000000000000 ) ) ;
#706 = EDGE_CURVE ( 'NONE', #951, #1903, #1259, .T. ) ;
#707 = CARTESIAN_POINT ( 'NONE',  ( 8.252142372482268229, -25.25000000000000000, 500.0000000000000000 ) ) ;
#708 = ORIENTED_EDGE ( 'NONE', *, *, #5521, .T. ) ;
#709 = DIRECTION ( 'NONE',  ( 0.000000000000000000, 0.000000000000000000, -1.000000000000000000 ) ) ;
#710 = VERTEX_POINT ( 'NONE', #4629 ) ;
#711 = DIRECTION ( 'NONE',  ( 0.7071067811865479058, 0.7071067811865472397, -0.000000000000000000 ) ) ;
#712 = FACE_OUTER_BOUND ( 'NONE', #193, .T. ) ;
#713 = AXIS2_PLACEMENT_3D ( 'NONE', #5617, #1292, #3247 ) ;
#714 = ADVANCED_FACE ( 'NONE', ( #289 ), #1808, .F. ) ;
#715 = AXIS2_PLACEMENT_3D ( 'NONE', #4515, #2483, #1058 ) ;
#716 = AXIS2_PLACEMENT_3D ( 'NONE', #5463, #3607, #2563 ) ;
#717 = VECTOR ( 'NONE', #628, 999.9999999999998863 ) ;
#718 = ORIENTED_EDGE ( 'NONE', *, *, #6157, .T. ) ;
#719 = VERTEX_POINT ( 'NONE', #314 ) ;
#720 = CARTESIAN_POINT ( 'NONE',  ( 8.678919067778902985, 3.526776695296639286, 500.0000000000000000 ) ) ;
#721 = CARTESIAN_POINT ( 'NONE',  ( 0.000000000000000000, -20.00000000000000000, 500.0000000000000000 ) ) ;
#722 = CARTESIAN_POINT ( 'NONE',  ( 3.560660171779816086, -22.39644660940672694, 0.000000000000000000 ) ) ;
#723 = VECTOR ( 'NONE', #4948, 1000.000000000000114 ) ;
#724 = VECTOR ( 'NONE', #5590, 999.9999999999998863 ) ;
#725 = CIRCLE ( 'NONE', #2358, 2.100000000000000089 ) ;
#726 = VECTOR ( 'NONE', #5408, 1000.000000000000000 ) ;
#727 = DIRECTION ( 'NONE',  ( -1.000000000000000000, 0.000000000000000000, 0.000000000000000000 ) ) ;
#728 = ORIENTED_EDGE ( 'NONE', *, *, #3766, .F. ) ;
#729 = DIRECTION ( 'NONE',  ( -1.000000000000000000, 0.000000000000000000, 0.000000000000000000 ) ) ;
#730 = EDGE_CURVE ( 'NONE', #4346, #2212, #3246, .T. ) ;
#731 = FACE_OUTER_BOUND ( 'NONE', #2047, .T. ) ;
#732 = CARTESIAN_POINT ( 'NONE',  ( 5.500000000000000000, 8.252142372482271782, 500.0000000000000000 ) ) ;
#733 = LINE ( 'NONE', #296, #5658 ) ;
#734 = AXIS2_PLACEMENT_3D ( 'NONE', #2250, #5650, #727 ) ;
#735 = AXIS2_PLACEMENT_3D ( 'NONE', #3633, #5557, #4141 ) ;
#736 = AXIS2_PLACEMENT_3D ( 'NONE', #2036, #5879, #2012 ) ;
#737 = ORIENTED_EDGE ( 'NONE', *, *, #3766, .T. ) ;
#738 = DIRECTION ( 'NONE',  ( 0.000000000000000000, 0.000000000000000000, -1.000000000000000000 ) ) ;
#739 = EDGE_CURVE ( 'NONE', #5884, #5052, #4134, .T. ) ;
#740 = ORIENTED_EDGE ( 'NONE', *, *, #3322, .F. ) ;
#741 = LINE ( 'NONE', #1116, #4477 ) ;
#742 = ORIENTED_EDGE ( 'NONE', *, *, #4964, .F. ) ;
#743 = DIRECTION ( 'NONE',  ( 0.000000000000000000, 0.000000000000000000, -1.000000000000000000 ) ) ;
#744 = DIRECTION ( 'NONE',  ( 1.000000000000000000, 0.000000000000000000, 0.000000000000000000 ) ) ;
#745 = ORIENTED_EDGE ( 'NONE', *, *, #1915, .T. ) ;
#746 = EDGE_CURVE ( 'NONE', #4592, #275, #4417, .T. ) ;
#747 = DIRECTION ( 'NONE',  ( -1.000000000000000000, 0.000000000000000000, 0.000000000000000000 ) ) ;
#748 = ORIENTED_EDGE ( 'NONE', *, *, #5657, .F. ) ;
#749 = DIRECTION ( 'NONE',  ( 0.000000000000000000, 0.000000000000000000, -1.000000000000000000 ) ) ;
#750 = DIRECTION ( 'NONE',  ( -0.000000000000000000, -0.000000000000000000, -1.000000000000000000 ) ) ;
#751 = AXIS2_PLACEMENT_3D ( 'NONE', #4511, #5494, #1108 ) ;
#752 = VERTEX_POINT ( 'NONE', #4198 ) ;
#753 = EDGE_CURVE ( 'NONE', #3584, #4616, #4663, .T. ) ;
#754 = CARTESIAN_POINT ( 'NONE',  ( 6.146446609406724271, -7.000000000000002665, 500.0000000000000000 ) ) ;
#755 = FACE_OUTER_BOUND ( 'NONE', #1822, .T. ) ;
#756 = AXIS2_PLACEMENT_3D ( 'NONE', #2881, #6236, #3832 ) ;
#757 = CIRCLE ( 'NONE', #5597, 0.2500000000000002220 ) ;
#758 = DIRECTION ( 'NONE',  ( -1.000000000000000000, 0.000000000000000000, 0.000000000000000000 ) ) ;
#759 = EDGE_CURVE ( 'NONE', #123, #5483, #4164, .T. ) ;
#760 = ORIENTED_EDGE ( 'NONE', *, *, #1593, .F. ) ;
#761 = LINE ( 'NONE', #3190, #1686 ) ;
#762 = DIRECTION ( 'NONE',  ( -1.000000000000000000, 0.000000000000000000, 0.000000000000000000 ) ) ;
#763 = VECTOR ( 'NONE', #3630, 1000.000000000000000 ) ;
#764 = LINE ( 'NONE', #5556, #2782 ) ;
#765 = AXIS2_PLACEMENT_3D ( 'NONE', #2172, #1701, #2108 ) ;
#766 = LINE ( 'NONE', #4985, #5875 ) ;
#767 = LINE ( 'NONE', #6073, #131 ) ;
#768 = CIRCLE ( 'NONE', #1072, 0.2500000000000002220 ) ;
#769 = ORIENTED_EDGE ( 'NONE', *, *, #1723, .F. ) ;
#770 = CARTESIAN_POINT ( 'NONE',  ( 6.664213562373094923, -25.25000000000000000, 500.0000000000000000 ) ) ;
#771 = EDGE_LOOP ( 'NONE', ( #6115, #2604, #2397, #5509 ) ) ;
#772 = CARTESIAN_POINT ( 'NONE',  ( -8.252142372482268229, -12.99999999999999822, 500.0000000000000000 ) ) ;
#773 = ORIENTED_EDGE ( 'NONE', *, *, #2318, .T. ) ;
#774 = EDGE_CURVE ( 'NONE', #208, #2322, #5522, .T. ) ;
#775 = LINE ( 'NONE', #3548, #6010 ) ;
#776 = CARTESIAN_POINT ( 'NONE',  ( -8.502142372482266452, -3.703553390593276706, 0.000000000000000000 ) ) ;
#777 = EDGE_CURVE ( 'NONE', #5707, #5315, #5225, .T. ) ;
#778 = CIRCLE ( 'NONE', #2695, 0.2500000000000002220 ) ;
#779 = ORIENTED_EDGE ( 'NONE', *, *, #5938, .T. ) ;
#780 = DIRECTION ( 'NONE',  ( 0.000000000000000000, 0.000000000000000000, -1.000000000000000000 ) ) ;
#781 = ORIENTED_EDGE ( 'NONE', *, *, #1457, .F. ) ;
#782 = DIRECTION ( 'NONE',  ( 0.000000000000000000, 0.000000000000000000, -1.000000000000000000 ) ) ;
#783 = DIRECTION ( 'NONE',  ( -0.000000000000000000, 0.000000000000000000, 1.000000000000000000 ) ) ;
#784 = ORIENTED_EDGE ( 'NONE', *, *, #2871, .F. ) ;
#785 = CARTESIAN_POINT ( 'NONE',  ( -3.398953432037304712, 0.000000000000000000, 0.000000000000000000 ) ) ;
#786 = CARTESIAN_POINT ( 'NONE',  ( -6.487436867076457503, -14.57322330470336169, 0.000000000000000000 ) ) ;
#787 = CYLINDRICAL_SURFACE ( 'NONE', #713, 0.2500000000000002220 ) ;
#788 = EDGE_CURVE ( 'NONE', #2795, #1615, #5170, .T. ) ;
#789 = VECTOR ( 'NONE', #5987, 1000.000000000000000 ) ;
#790 = CARTESIAN_POINT ( 'NONE',  ( 5.249999999999999112, -28.00214237248227533, 500.0000000000000000 ) ) ;
#791 = ORIENTED_EDGE ( 'NONE', *, *, #3052, .F. ) ;
#792 = CARTESIAN_POINT ( 'NONE',  ( -5.500000000000000000, 6.664213562373098476, 0.000000000000000000 ) ) ;
#793 = FACE_OUTER_BOUND ( 'NONE', #933, .T. ) ;
#794 = DIRECTION ( 'NONE',  ( -1.000000000000000000, -3.469446951953614682E-16, 0.000000000000000000 ) ) ;
#795 = DIRECTION ( 'NONE',  ( 0.000000000000000000, -1.000000000000000000, 0.000000000000000000 ) ) ;
#796 = EDGE_CURVE ( 'NONE', #4912, #844, #900, .T. ) ;
#797 = EDGE_CURVE ( 'NONE', #1350, #3515, #3615, .T. ) ;
#798 = ORIENTED_EDGE ( 'NONE', *, *, #1332, .F. ) ;
#799 = DIRECTION ( 'NONE',  ( 0.000000000000000000, 0.000000000000000000, 1.000000000000000000 ) ) ;
#800 = ORIENTED_EDGE ( 'NONE', *, *, #3161, .F. ) ;
#801 = DIRECTION ( 'NONE',  ( 0.000000000000000000, 0.000000000000000000, 1.000000000000000000 ) ) ;
#802 = ORIENTED_EDGE ( 'NONE', *, *, #2405, .T. ) ;
#803 = FACE_OUTER_BOUND ( 'NONE', #3662, .T. ) ;
#804 = DIRECTION ( 'NONE',  ( -1.000000000000000000, 0.000000000000000000, 0.000000000000000000 ) ) ;
#805 = ORIENTED_EDGE ( 'NONE', *, *, #3508, .T. ) ;
#806 = DIRECTION ( 'NONE',  ( -0.7071067811865486830, -0.7071067811865464625, 0.000000000000000000 ) ) ;
#807 = VECTOR ( 'NONE', #3598, 1000.000000000000000 ) ;
#808 = VERTEX_POINT ( 'NONE', #2307 ) ;
#809 = LINE ( 'NONE', #845, #5801 ) ;
#810 = DIRECTION ( 'NONE',  ( 1.000000000000000000, 0.000000000000000000, 0.000000000000000000 ) ) ;
#811 = EDGE_CURVE ( 'NONE', #350, #1582, #3315, .T. ) ;
#812 = ORIENTED_EDGE ( 'NONE', *, *, #3092, .T. ) ;
#813 = AXIS2_PLACEMENT_3D ( 'NONE', #4824, #5263, #5326 ) ;
#814 = EDGE_CURVE ( 'NONE', #6183, #1700, #2310, .T. ) ;
#815 = DIRECTION ( 'NONE',  ( 1.000000000000000000, 0.000000000000000000, 0.000000000000000000 ) ) ;
#816 = DIRECTION ( 'NONE',  ( -1.000000000000000000, 0.000000000000000000, 0.000000000000000000 ) ) ;
#817 = DIRECTION ( 'NONE',  ( -1.000000000000000000, 0.000000000000000000, 0.000000000000000000 ) ) ;
#818 = VECTOR ( 'NONE', #2616, 1000.000000000000000 ) ;
#819 = ORIENTED_EDGE ( 'NONE', *, *, #4249, .T. ) ;
#820 = EDGE_CURVE ( 'NONE', #363, #5467, #2214, .T. ) ;
#821 = CARTESIAN_POINT ( 'NONE',  ( 3.810660171779816530, -22.39644660940672694, 500.0000000000000000 ) ) ;
#822 = VERTEX_POINT ( 'NONE', #3746 ) ;
#823 = STYLED_ITEM ( 'NONE', ( #3238 ), #4079 ) ;
#824 = AXIS2_PLACEMENT_3D ( 'NONE', #3808, #1302, #4279 ) ;
#825 = CARTESIAN_POINT ( 'NONE',  ( 3.560660171779816086, -17.60355339059326951, 500.0000000000000000 ) ) ;
#826 = DIRECTION ( 'NONE',  ( 0.000000000000000000, 0.000000000000000000, -1.000000000000000000 ) ) ;
#827 = CARTESIAN_POINT ( 'NONE',  ( -6.487436867076457503, 5.426776695296639197, 500.0000000000000000 ) ) ;
#828 = LINE ( 'NONE', #6164, #1951 ) ;
#829 = AXIS2_PLACEMENT_3D ( 'NONE', #5423, #1105, #5907 ) ;
#830 = AXIS2_PLACEMENT_3D ( 'NONE', #5858, #2904, #4821 ) ;
#831 = ORIENTED_EDGE ( 'NONE', *, *, #5024, .T. ) ;
#832 = CARTESIAN_POINT ( 'NONE',  ( -9.750000000000001776, -29.75000000000000711, 500.0000000000000000 ) ) ;
#833 = ORIENTED_EDGE ( 'NONE', *, *, #5989, .F. ) ;
#834 = DIRECTION ( 'NONE',  ( 1.000000000000000000, 0.000000000000000000, 0.000000000000000000 ) ) ;
#835 = ORIENTED_EDGE ( 'NONE', *, *, #2446, .F. ) ;
#836 = EDGE_CURVE ( 'NONE', #951, #1428, #3916, .T. ) ;
#837 = DIRECTION ( 'NONE',  ( -7.228014483236698528E-16, 1.000000000000000000, 0.000000000000000000 ) ) ;
#838 = AXIS2_PLACEMENT_3D ( 'NONE', #891, #2814, #5234 ) ;
#839 = VECTOR ( 'NONE', #2299, 1000.000000000000000 ) ;
#840 = FACE_OUTER_BOUND ( 'NONE', #1314, .T. ) ;
#841 = ORIENTED_EDGE ( 'NONE', *, *, #2994, .T. ) ;
#842 = EDGE_LOOP ( 'NONE', ( #3896, #4501, #3997, #4822, #513, #5390, #1106, #1193, #2100, #332, #682, #5145, #1531, #5504, #207, #6080, #1472, #4044, #1768, #1213, #1992, #181, #1994, #694, #2868, #2964, #5248, #2202, #4723, #1549, #2776, #360, #5472, #1505, #6036, #3743, #3430, #4487, #2003, #484, #3809, #1308, #3877, #5640, #805, #1187, #205, #17, #4480, #4749, #1305, #1033, #4524, #10, #1644, #4004, #831, #1981, #575, #3495, #3093, #3995, #5953, #40, #1953, #2016, #466, #2733, #2637, #4288, #5119, #5391, #1254, #3901, #3215, #657, #134, #1495, #118, #297, #6059, #6111, #5964, #245, #1388, #5212, #5341, #646, #4819, #3264, #1026, #4353, #3883, #3298, #2241, #3254, #2696, #1603, #4462, #456, #1233, #5855, #3450, #1273, #5947, #584, #4720, #2118, #5621, #3932, #3022, #3159, #2421, #399, #3506, #508, #1976, #2161, #4967, #4223, #5156, #3676, #4071, #4965, #5982, #1440, #4958, #699, #1810, #1706, #848, #4518, #2581, #987, #2352, #3754, #6124, #5877, #643, #70, #2077, #5735, #3128, #5168, #5694, #4183, #3498, #3846 ) ) ;
#843 = FACE_OUTER_BOUND ( 'NONE', #4179, .T. ) ;
#844 = VERTEX_POINT ( 'NONE', #1415 ) ;
#845 = CARTESIAN_POINT ( 'NONE',  ( -3.398953432037304712, -19.99999999999999645, 500.0000000000000000 ) ) ;
#846 = ORIENTED_EDGE ( 'NONE', *, *, #1145, .F. ) ;
#847 = LINE ( 'NONE', #1833, #4564 ) ;
#848 = ORIENTED_EDGE ( 'NONE', *, *, #4401, .T. ) ;
#849 = CARTESIAN_POINT ( 'NONE',  ( -8.678919067778902985, -3.526776695296639286, 500.0000000000000000 ) ) ;
#850 = CARTESIAN_POINT ( 'NONE',  ( -4.951411018110999152, 9.750000000000001776, 500.0000000000000000 ) ) ;
#851 = DIRECTION ( 'NONE',  ( -0.000000000000000000, -0.000000000000000000, 1.000000000000000000 ) ) ;
#852 = EDGE_CURVE ( 'NONE', #121, #2489, #5608, .T. ) ;
#853 = VECTOR ( 'NONE', #2561, 1000.000000000000000 ) ;
#854 = LINE ( 'NONE', #5135, #3347 ) ;
#855 = EDGE_CURVE ( 'NONE', #2957, #4220, #4128, .T. ) ;
#856 = ADVANCED_BREP_SHAPE_REPRESENTATION ( 'Aluminium profile 2040 500mm', ( #4079, #171 ), #5610 ) ;
#857 = VERTEX_POINT ( 'NONE', #5066 ) ;
#858 = DIRECTION ( 'NONE',  ( 5.127820663014968840E-16, 1.000000000000000000, -0.000000000000000000 ) ) ;
#859 = EDGE_LOOP ( 'NONE', ( #2822, #4290, #2206, #688 ) ) ;
#860 = DIRECTION ( 'NONE',  ( 0.000000000000000000, 0.000000000000000000, -1.000000000000000000 ) ) ;
#861 = CARTESIAN_POINT ( 'NONE',  ( -4.774634322814361731, -29.92677669529664186, 0.000000000000000000 ) ) ;
#862 = CYLINDRICAL_SURFACE ( 'NONE', #4386, 0.5000000000000004441 ) ;
#863 = CARTESIAN_POINT ( 'NONE',  ( -0.2422809267016586554, -3.560660171779816974, 500.0000000000000000 ) ) ;
#864 = VECTOR ( 'NONE', #1893, 1000.000000000000000 ) ;
#865 = EDGE_CURVE ( 'NONE', #2550, #4023, #4624, .T. ) ;
#866 = VERTEX_POINT ( 'NONE', #5128 ) ;
#867 = CARTESIAN_POINT ( 'NONE',  ( 9.749999999999998224, 4.951411018111002704, 500.0000000000000000 ) ) ;
#868 = VECTOR ( 'NONE', #4807, 1000.000000000000000 ) ;
#869 = ORIENTED_EDGE ( 'NONE', *, *, #5024, .F. ) ;
#870 = VECTOR ( 'NONE', #2788, 1000.000000000000000 ) ;
#871 = CARTESIAN_POINT ( 'NONE',  ( 3.560660171779815641, -19.75771907329833610, 500.0000000000000000 ) ) ;
#872 = ORIENTED_EDGE ( 'NONE', *, *, #3622, .T. ) ;
#873 = CARTESIAN_POINT ( 'NONE',  ( 2.396446609406726491, -23.81066017177981919, 500.0000000000000000 ) ) ;
#874 = DIRECTION ( 'NONE',  ( 0.000000000000000000, 0.000000000000000000, -1.000000000000000000 ) ) ;
#875 = EDGE_CURVE ( 'NONE', #702, #2449, #2584, .T. ) ;
#876 = AXIS2_PLACEMENT_3D ( 'NONE', #2718, #383, #2194 ) ;
#877 = VERTEX_POINT ( 'NONE', #3717 ) ;
#878 = DIRECTION ( 'NONE',  ( -0.7071067811865465735, 0.7071067811865484609, 0.000000000000000000 ) ) ;
#879 = VERTEX_POINT ( 'NONE', #3749 ) ;
#880 = DIRECTION ( 'NONE',  ( -7.228014483236698528E-16, 1.000000000000000000, 0.000000000000000000 ) ) ;
#881 = EDGE_LOOP ( 'NONE', ( #5980, #3404, #6013, #670 ) ) ;
#882 = CARTESIAN_POINT ( 'NONE',  ( 8.502142372482266452, -16.29644660940672196, 500.0000000000000000 ) ) ;
#883 = VERTEX_POINT ( 'NONE', #6223 ) ;
#884 = LINE ( 'NONE', #5740, #5410 ) ;
#885 = DIRECTION ( 'NONE',  ( -1.000000000000000000, 0.000000000000000000, 0.000000000000000000 ) ) ;
#886 = ADVANCED_FACE ( 'NONE', ( #3337 ), #4656, .F. ) ;
#887 = ORIENTED_EDGE ( 'NONE', *, *, #5233, .T. ) ;
#888 = CARTESIAN_POINT ( 'NONE',  ( 0.000000000000000000, 0.000000000000000000, 500.0000000000000000 ) ) ;
#889 = CARTESIAN_POINT ( 'NONE',  ( 3.100000000000000089, 8.252142372482271782, 500.0000000000000000 ) ) ;
#890 = EDGE_CURVE ( 'NONE', #5245, #74, #847, .T. ) ;
#891 = CARTESIAN_POINT ( 'NONE',  ( 8.252142372482266452, -3.100000000000004530, 500.0000000000000000 ) ) ;
#892 = ORIENTED_EDGE ( 'NONE', *, *, #286, .T. ) ;
#893 = CARTESIAN_POINT ( 'NONE',  ( 7.752142372482267341, -12.49999999999999645, 500.0000000000000000 ) ) ;
#894 = CARTESIAN_POINT ( 'NONE',  ( 8.252142372482268229, -14.49999999999999467, 500.0000000000000000 ) ) ;
#895 = EDGE_CURVE ( 'NONE', #1445, #2354, #5371, .T. ) ;
#896 = CARTESIAN_POINT ( 'NONE',  ( 2.499999999999999556, 3.560660171779816974, 500.0000000000000000 ) ) ;
#897 = EDGE_CURVE ( 'NONE', #4220, #5514, #6192, .T. ) ;
#898 = FACE_OUTER_BOUND ( 'NONE', #5067, .T. ) ;
#899 = ADVANCED_FACE ( 'NONE', ( #5255 ), #915, .T. ) ;
#900 = CIRCLE ( 'NONE', #5008, 0.5000000000000004441 ) ;
#901 = EDGE_LOOP ( 'NONE', ( #2937, #1629, #2825, #2102 ) ) ;
#902 = LINE ( 'NONE', #4176, #3348 ) ;
#903 = VERTEX_POINT ( 'NONE', #948 ) ;
#904 = PLANE ( 'NONE',  #463 ) ;
#905 = ORIENTED_EDGE ( 'NONE', *, *, #5475, .F. ) ;
#906 = LINE ( 'NONE', #1344, #1069 ) ;
#907 = DIRECTION ( 'NONE',  ( -0.7071067811865484609, -0.7071067811865465735, 0.000000000000000000 ) ) ;
#908 = CARTESIAN_POINT ( 'NONE',  ( -9.749999999999998224, -24.95141101811100270, 0.000000000000000000 ) ) ;
#909 = VERTEX_POINT ( 'NONE', #3369 ) ;
#910 = LINE ( 'NONE', #3744, #2350 ) ;
#911 = ORIENTED_EDGE ( 'NONE', *, *, #1745, .T. ) ;
#912 = CARTESIAN_POINT ( 'NONE',  ( 8.673617379884035472E-16, 8.673617379884035472E-16, 0.000000000000000000 ) ) ;
#913 = EDGE_CURVE ( 'NONE', #3379, #5799, #1651, .T. ) ;
#914 = ORIENTED_EDGE ( 'NONE', *, *, #4267, .F. ) ;
#915 = CYLINDRICAL_SURFACE ( 'NONE', #2460, 0.2500000000000002220 ) ;
#916 = CYLINDRICAL_SURFACE ( 'NONE', #5770, 0.2500000000000002220 ) ;
#917 = ORIENTED_EDGE ( 'NONE', *, *, #4893, .F. ) ;
#918 = DIRECTION ( 'NONE',  ( 1.000000000000000000, 0.000000000000000000, 0.000000000000000000 ) ) ;
#919 = ADVANCED_FACE ( 'NONE', ( #6151 ), #343, .F. ) ;
#920 = DIRECTION ( 'NONE',  ( 0.000000000000000000, 0.000000000000000000, -1.000000000000000000 ) ) ;
#921 = CARTESIAN_POINT ( 'NONE',  ( 4.336808689942017736E-16, -3.398953432037304712, 500.0000000000000000 ) ) ;
#922 = ORIENTED_EDGE ( 'NONE', *, *, #4293, .F. ) ;
#923 = LINE ( 'NONE', #4802, #3090 ) ;
#924 = CARTESIAN_POINT ( 'NONE',  ( 5.500000000000000000, -13.43933982822017370, 0.000000000000000000 ) ) ;
#925 = CYLINDRICAL_SURFACE ( 'NONE', #5961, 2.100000000000000533 ) ;
#926 = VECTOR ( 'NONE', #5601, 1000.000000000000000 ) ;
#927 = VECTOR ( 'NONE', #4743, 1000.000000000000000 ) ;
#928 = VERTEX_POINT ( 'NONE', #1356 ) ;
#929 = EDGE_CURVE ( 'NONE', #2599, #4912, #4724, .T. ) ;
#930 = CARTESIAN_POINT ( 'NONE',  ( 9.926776695296641861, -15.22536567718562850, 500.0000000000000000 ) ) ;
#931 = ORIENTED_EDGE ( 'NONE', *, *, #1146, .T. ) ;
#932 = CARTESIAN_POINT ( 'NONE',  ( -5.249999999999999112, 6.664213562373098476, 500.0000000000000000 ) ) ;
#933 = EDGE_LOOP ( 'NONE', ( #4278, #1283, #1664, #6139 ) ) ;
#934 = CARTESIAN_POINT ( 'NONE',  ( -8.252142372482268229, -25.25000000000000000, 0.000000000000000000 ) ) ;
#935 = DIRECTION ( 'NONE',  ( 0.7071067811865465735, -0.7071067811865484609, 0.000000000000000000 ) ) ;
#936 = AXIS2_PLACEMENT_3D ( 'NONE', #5458, #1139, #3532 ) ;
#937 = AXIS2_PLACEMENT_3D ( 'NONE', #673, #4116, #6042 ) ;
#938 = EDGE_CURVE ( 'NONE', #5729, #1749, #884, .T. ) ;
#939 = ORIENTED_EDGE ( 'NONE', *, *, #4036, .F. ) ;
#940 = CARTESIAN_POINT ( 'NONE',  ( -3.398953432037304712, -19.99999999999999645, 500.0000000000000000 ) ) ;
#941 = VERTEX_POINT ( 'NONE', #405 ) ;
#942 = DIRECTION ( 'NONE',  ( 0.000000000000000000, 1.000000000000000000, 0.000000000000000000 ) ) ;
#943 = ORIENTED_EDGE ( 'NONE', *, *, #1332, .T. ) ;
#944 = VECTOR ( 'NONE', #2878, 1000.000000000000000 ) ;
#945 = DIRECTION ( 'NONE',  ( 1.000000000000000000, 5.127820663014968840E-16, 0.000000000000000000 ) ) ;
#946 = CIRCLE ( 'NONE', #2547, 0.2500000000000002220 ) ;
#947 = ORIENTED_EDGE ( 'NONE', *, *, #5327, .T. ) ;
#948 = CARTESIAN_POINT ( 'NONE',  ( 9.926776695296634756, -4.774634322814365284, 500.0000000000000000 ) ) ;
#949 = DIRECTION ( 'NONE',  ( 0.000000000000000000, 0.000000000000000000, -1.000000000000000000 ) ) ;
#950 = ADVANCED_FACE ( 'NONE', ( #2334 ), #2270, .F. ) ;
#951 = VERTEX_POINT ( 'NONE', #5709 ) ;
#952 = CARTESIAN_POINT ( 'NONE',  ( 3.560660171779815197, 0.2422809267016573509, 0.000000000000000000 ) ) ;
#953 = DIRECTION ( 'NONE',  ( -0.000000000000000000, -0.000000000000000000, 1.000000000000000000 ) ) ;
#954 = EDGE_LOOP ( 'NONE', ( #5628, #3145, #4490, #5899 ) ) ;
#955 = CYLINDRICAL_SURFACE ( 'NONE', #979, 0.2500000000000002220 ) ;
#956 = CARTESIAN_POINT ( 'NONE',  ( 10.00000000000000178, 9.750000000000003553, 500.0000000000000000 ) ) ;
#957 = FACE_OUTER_BOUND ( 'NONE', #2262, .T. ) ;
#958 = ADVANCED_FACE ( 'NONE', ( #1317 ), #3237, .F. ) ;
#959 = AXIS2_PLACEMENT_3D ( 'NONE', #2692, #3768, #4636 ) ;
#960 = LINE ( 'NONE', #4335, #4853 ) ;
#961 = ORIENTED_EDGE ( 'NONE', *, *, #6064, .F. ) ;
#962 = DIRECTION ( 'NONE',  ( 1.000000000000000000, 0.000000000000000000, 0.000000000000000000 ) ) ;
#963 = CARTESIAN_POINT ( 'NONE',  ( 2.499999999999999556, 3.560660171779816974, 500.0000000000000000 ) ) ;
#964 = AXIS2_PLACEMENT_3D ( 'NONE', #3931, #4348, #4378 ) ;
#965 = LINE ( 'NONE', #6, #1162 ) ;
#966 = CARTESIAN_POINT ( 'NONE',  ( 4.336808689942017736E-16, -3.398953432037304712, 0.000000000000000000 ) ) ;
#967 = ORIENTED_EDGE ( 'NONE', *, *, #5069, .T. ) ;
#968 = VECTOR ( 'NONE', #5937, 1000.000000000000000 ) ;
#969 = CARTESIAN_POINT ( 'NONE',  ( 3.560660171779816086, -17.49999999999999645, 500.0000000000000000 ) ) ;
#970 = VECTOR ( 'NONE', #2068, 1000.000000000000000 ) ;
#971 = VERTEX_POINT ( 'NONE', #5227 ) ;
#972 = EDGE_CURVE ( 'NONE', #610, #74, #778, .T. ) ;
#973 = ORIENTED_EDGE ( 'NONE', *, *, #3726, .F. ) ;
#974 = DIRECTION ( 'NONE',  ( 0.000000000000000000, 0.000000000000000000, -1.000000000000000000 ) ) ;
#975 = ORIENTED_EDGE ( 'NONE', *, *, #2082, .F. ) ;
#976 = DIRECTION ( 'NONE',  ( -1.000000000000000000, 0.000000000000000000, 0.000000000000000000 ) ) ;
#977 = CARTESIAN_POINT ( 'NONE',  ( -3.398953432037304712, -19.99999999999999645, 0.000000000000000000 ) ) ;
#978 = EDGE_CURVE ( 'NONE', #6088, #2981, #4315, .T. ) ;
#979 = AXIS2_PLACEMENT_3D ( 'NONE', #1517, #541, #5722 ) ;
#980 = VECTOR ( 'NONE', #5090, 1000.000000000000000 ) ;
#981 = DIRECTION ( 'NONE',  ( -0.000000000000000000, -0.000000000000000000, 1.000000000000000000 ) ) ;
#982 = AXIS2_PLACEMENT_3D ( 'NONE', #1194, #815, #1290 ) ;
#983 = ORIENTED_EDGE ( 'NONE', *, *, #1487, .T. ) ;
#984 = LINE ( 'NONE', #2907, #417 ) ;
#985 = AXIS2_PLACEMENT_3D ( 'NONE', #4224, #810, #4789 ) ;
#986 = CARTESIAN_POINT ( 'NONE',  ( 3.810660171779816530, -17.60355339059326951, 500.0000000000000000 ) ) ;
#987 = ORIENTED_EDGE ( 'NONE', *, *, #1138, .T. ) ;
#988 = DIRECTION ( 'NONE',  ( -0.000000000000000000, -0.000000000000000000, 1.000000000000000000 ) ) ;
#989 = EDGE_CURVE ( 'NONE', #5002, #2657, #5103, .T. ) ;
#990 = CARTESIAN_POINT ( 'NONE',  ( -4.951411018110999152, -29.75000000000000711, 500.0000000000000000 ) ) ;
#991 = LINE ( 'NONE', #2413, #4583 ) ;
#992 = DIRECTION ( 'NONE',  ( 0.7071067811865492381, -0.7071067811865457964, -0.000000000000000000 ) ) ;
#993 = VERTEX_POINT ( 'NONE', #3849 ) ;
#994 = LINE ( 'NONE', #2917, #2883 ) ;
#995 = FACE_OUTER_BOUND ( 'NONE', #3668, .T. ) ;
#996 = DIRECTION ( 'NONE',  ( 0.5551424749987398100, -0.8317552719714336185, 0.000000000000000000 ) ) ;
#997 = EDGE_CURVE ( 'NONE', #4970, #752, #3908, .T. ) ;
#998 = CARTESIAN_POINT ( 'NONE',  ( 5.249999999999999112, 8.252142372482271782, 500.0000000000000000 ) ) ;
#999 = ADVANCED_FACE ( 'NONE', ( #560 ), #2514, .F. ) ;
#1000 = EDGE_LOOP ( 'NONE', ( #1044, #1728, #2337, #3695 ) ) ;
#1001 = CARTESIAN_POINT ( 'NONE',  ( -3.703553390593272265, 8.502142372482271782, 500.0000000000000000 ) ) ;
#1002 = ORIENTED_EDGE ( 'NONE', *, *, #3335, .T. ) ;
#1003 = CARTESIAN_POINT ( 'NONE',  ( 2.646446609406747363, -3.707106781186522149, 500.0000000000000000 ) ) ;
#1004 = VERTEX_POINT ( 'NONE', #3399 ) ;
#1005 = LINE ( 'NONE', #5287, #3581 ) ;
#1006 = ORIENTED_EDGE ( 'NONE', *, *, #500, .T. ) ;
#1007 = DIRECTION ( 'NONE',  ( -0.8317552719714353948, 0.5551424749987372564, -0.000000000000000000 ) ) ;
#1008 = ORIENTED_EDGE ( 'NONE', *, *, #3919, .F. ) ;
#1009 = EDGE_CURVE ( 'NONE', #1797, #1172, #4846, .T. ) ;
#1010 = DIRECTION ( 'NONE',  ( 0.000000000000000000, 0.000000000000000000, -1.000000000000000000 ) ) ;
#1011 = ADVANCED_FACE ( 'NONE', ( #4820 ), #2490, .T. ) ;
#1012 = DIRECTION ( 'NONE',  ( -1.000000000000000000, 0.000000000000000000, 0.000000000000000000 ) ) ;
#1013 = ORIENTED_EDGE ( 'NONE', *, *, #3552, .F. ) ;
#1014 = DIRECTION ( 'NONE',  ( 0.000000000000000000, -1.000000000000000000, 0.000000000000000000 ) ) ;
#1015 = CARTESIAN_POINT ( 'NONE',  ( 2.573223304703363024, -23.63388347648318444, 0.000000000000000000 ) ) ;
#1016 = DIRECTION ( 'NONE',  ( -1.000000000000000000, 0.000000000000000000, 0.000000000000000000 ) ) ;
#1017 = EDGE_CURVE ( 'NONE', #3079, #3591, #2540, .T. ) ;
#1018 = ORIENTED_EDGE ( 'NONE', *, *, #5359, .F. ) ;
#1019 = CARTESIAN_POINT ( 'NONE',  ( 3.810660171779816530, -2.396446609406726935, 500.0000000000000000 ) ) ;
#1020 = CIRCLE ( 'NONE', #1836, 0.2500000000000002220 ) ;
#1021 = CARTESIAN_POINT ( 'NONE',  ( -2.499999999999999556, -23.56066017177981209, 500.0000000000000000 ) ) ;
#1022 = LINE ( 'NONE', #115, #1780 ) ;
#1023 = DIRECTION ( 'NONE',  ( -1.000000000000000000, 0.000000000000000000, 0.000000000000000000 ) ) ;
#1024 = AXIS2_PLACEMENT_3D ( 'NONE', #2289, #354, #3193 ) ;
#1025 = AXIS2_PLACEMENT_3D ( 'NONE', #3759, #1778, #1226 ) ;
#1026 = ORIENTED_EDGE ( 'NONE', *, *, #4076, .T. ) ;
#1027 = LINE ( 'NONE', #6123, #4356 ) ;
#1028 = VERTEX_POINT ( 'NONE', #5921 ) ;
#1029 = DIRECTION ( 'NONE',  ( -0.5551424749987402540, -0.8317552719714332854, 0.000000000000000000 ) ) ;
#1030 = ADVANCED_FACE ( 'NONE', ( #5830 ), #5800, .F. ) ;
#1031 = ORIENTED_EDGE ( 'NONE', *, *, #1939, .T. ) ;
#1032 = DIRECTION ( 'NONE',  ( -1.000000000000000000, 0.000000000000000000, 0.000000000000000000 ) ) ;
#1033 = ORIENTED_EDGE ( 'NONE', *, *, #3139, .T. ) ;
#1034 = CARTESIAN_POINT ( 'NONE',  ( -8.252142372482268229, -14.49999999999999467, 500.0000000000000000 ) ) ;
#1035 = VECTOR ( 'NONE', #9, 1000.000000000000000 ) ;
#1036 = AXIS2_PLACEMENT_3D ( 'NONE', #3219, #5178, #5209 ) ;
#1037 = AXIS2_PLACEMENT_3D ( 'NONE', #1422, #1394, #4761 ) ;
#1038 = CYLINDRICAL_SURFACE ( 'NONE', #533, 0.2500000000000002220 ) ;
#1039 = EDGE_CURVE ( 'NONE', #4599, #5416, #5384, .T. ) ;
#1040 = EDGE_LOOP ( 'NONE', ( #3779, #1355, #1122, #3702 ) ) ;
#1041 = AXIS2_PLACEMENT_3D ( 'NONE', #2909, #4826, #507 ) ;
#1042 = ORIENTED_EDGE ( 'NONE', *, *, #1, .F. ) ;
#1043 = EDGE_CURVE ( 'NONE', #2668, #133, #4465, .T. ) ;
#1044 = ORIENTED_EDGE ( 'NONE', *, *, #4470, .F. ) ;
#1045 = CARTESIAN_POINT ( 'NONE',  ( 9.926776695296634756, -4.774634322814365284, 500.0000000000000000 ) ) ;
#1046 = LINE ( 'NONE', #24, #1878 ) ;
#1047 = DIRECTION ( 'NONE',  ( -1.000000000000000000, 0.000000000000000000, 0.000000000000000000 ) ) ;
#1048 = EDGE_CURVE ( 'NONE', #1421, #5763, #3421, .T. ) ;
#1049 = CARTESIAN_POINT ( 'NONE',  ( -8.252142372482266452, -16.89999999999999503, 0.000000000000000000 ) ) ;
#1050 = CARTESIAN_POINT ( 'NONE',  ( 2.499999999999999556, 3.560660171779816974, 0.000000000000000000 ) ) ;
#1051 = ORIENTED_EDGE ( 'NONE', *, *, #5786, .F. ) ;
#1052 = DIRECTION ( 'NONE',  ( 0.5551424749987354801, -0.8317552719714366161, 0.000000000000000000 ) ) ;
#1053 = DIRECTION ( 'NONE',  ( -0.000000000000000000, -0.000000000000000000, 1.000000000000000000 ) ) ;
#1054 = LINE ( 'NONE', #2978, #4984 ) ;
#1055 = DIRECTION ( 'NONE',  ( 0.7071067811865479058, 0.7071067811865472397, 0.000000000000000000 ) ) ;
#1056 = CIRCLE ( 'NONE', #4575, 0.2500000000000002220 ) ;
#1057 = EDGE_LOOP ( 'NONE', ( #187, #127, #3189, #4731 ) ) ;
#1058 = DIRECTION ( 'NONE',  ( -1.000000000000000000, 0.000000000000000000, 0.000000000000000000 ) ) ;
#1059 = VERTEX_POINT ( 'NONE', #2928 ) ;
#1060 = ORIENTED_EDGE ( 'NONE', *, *, #5885, .F. ) ;
#1061 = DIRECTION ( 'NONE',  ( -0.000000000000000000, -0.000000000000000000, 1.000000000000000000 ) ) ;
#1062 = ORIENTED_EDGE ( 'NONE', *, *, #753, .T. ) ;
#1063 = CARTESIAN_POINT ( 'NONE',  ( 6.146446609406719830, -12.99999999999999822, 0.000000000000000000 ) ) ;
#1064 = EDGE_CURVE ( 'NONE', #2628, #1149, #1602, .T. ) ;
#1065 = AXIS2_PLACEMENT_3D ( 'NONE', #5828, #3419, #3367 ) ;
#1066 = AXIS2_PLACEMENT_3D ( 'NONE', #1657, #5078, #2596 ) ;
#1067 = ORIENTED_EDGE ( 'NONE', *, *, #169, .F. ) ;
#1068 = AXIS2_PLACEMENT_3D ( 'NONE', #1019, #2947, #5818 ) ;
#1069 = VECTOR ( 'NONE', #5698, 1000.000000000000000 ) ;
#1070 = CIRCLE ( 'NONE', #2970, 0.2500000000000002220 ) ;
#1071 = ADVANCED_FACE ( 'NONE', ( #4381 ), #2458, .F. ) ;
#1072 = AXIS2_PLACEMENT_3D ( 'NONE', #1848, #5687, #351 ) ;
#1073 = VERTEX_POINT ( 'NONE', #1063 ) ;
#1074 = VERTEX_POINT ( 'NONE', #4909 ) ;
#1075 = CARTESIAN_POINT ( 'NONE',  ( 8.252142372482268229, -12.99999999999999822, 500.0000000000000000 ) ) ;
#1076 = LINE ( 'NONE', #4474, #2329 ) ;
#1077 = DIRECTION ( 'NONE',  ( -0.000000000000000000, -0.000000000000000000, 1.000000000000000000 ) ) ;
#1078 = DIRECTION ( 'NONE',  ( 0.000000000000000000, 0.000000000000000000, -1.000000000000000000 ) ) ;
#1079 = EDGE_CURVE ( 'NONE', #525, #4414, #588, .T. ) ;
#1080 = DIRECTION ( 'NONE',  ( 0.000000000000000000, 0.000000000000000000, -1.000000000000000000 ) ) ;
#1081 = DIRECTION ( 'NONE',  ( 1.000000000000000000, 0.000000000000000000, 0.000000000000000000 ) ) ;
#1082 = ORIENTED_EDGE ( 'NONE', *, *, #5742, .T. ) ;
#1083 = LINE ( 'NONE', #2526, #3892 ) ;
#1084 = EDGE_CURVE ( 'NONE', #5114, #6210, #4410, .T. ) ;
#1085 = PLANE ( 'NONE',  #2876 ) ;
#1086 = CARTESIAN_POINT ( 'NONE',  ( 3.560660171779816086, -17.49999999999999645, 500.0000000000000000 ) ) ;
#1087 = CARTESIAN_POINT ( 'NONE',  ( -10.00000000000000711, -4.951411018111010698, 0.000000000000000000 ) ) ;
#1088 = VERTEX_POINT ( 'NONE', #2961 ) ;
#1089 = ORIENTED_EDGE ( 'NONE', *, *, #814, .F. ) ;
#1090 = CARTESIAN_POINT ( 'NONE',  ( -6.664213562373095812, -5.500000000000003553, 500.0000000000000000 ) ) ;
#1091 = ORIENTED_EDGE ( 'NONE', *, *, #473, .T. ) ;
#1092 = CARTESIAN_POINT ( 'NONE',  ( 8.002142372482268229, 5.500000000000004441, 500.0000000000000000 ) ) ;
#1093 = ORIENTED_EDGE ( 'NONE', *, *, #3855, .T. ) ;
#1094 = DIRECTION ( 'NONE',  ( 0.000000000000000000, 0.000000000000000000, 1.000000000000000000 ) ) ;
#1095 = EDGE_CURVE ( 'NONE', #2399, #215, #5414, .T. ) ;
#1096 = EDGE_LOOP ( 'NONE', ( #2525, #5643, #3533, #4063 ) ) ;
#1097 = ORIENTED_EDGE ( 'NONE', *, *, #177, .F. ) ;
#1098 = ADVANCED_FACE ( 'NONE', ( #5889 ), #1570, .F. ) ;
#1099 = ORIENTED_EDGE ( 'NONE', *, *, #6165, .F. ) ;
#1100 = DIRECTION ( 'NONE',  ( 0.000000000000000000, -0.000000000000000000, 1.000000000000000000 ) ) ;
#1101 = LINE ( 'NONE', #6031, #807 ) ;
#1102 = DIRECTION ( 'NONE',  ( -0.000000000000000000, -0.000000000000000000, 1.000000000000000000 ) ) ;
#1103 = CARTESIAN_POINT ( 'NONE',  ( -9.926776695296634756, 4.774634322814365284, 500.0000000000000000 ) ) ;
#1104 = AXIS2_PLACEMENT_3D ( 'NONE', #195, #260, #4039 ) ;
#1105 = DIRECTION ( 'NONE',  ( -0.000000000000000000, 0.000000000000000000, -1.000000000000000000 ) ) ;
#1106 = ORIENTED_EDGE ( 'NONE', *, *, #2630, .T. ) ;
#1107 = DIRECTION ( 'NONE',  ( -1.000000000000000000, 0.000000000000000000, 0.000000000000000000 ) ) ;
#1108 = DIRECTION ( 'NONE',  ( -1.000000000000000000, 0.000000000000000000, -0.000000000000000000 ) ) ;
#1109 = LINE ( 'NONE', #732, #6109 ) ;
#1110 = PLANE ( 'NONE',  #4270 ) ;
#1111 = EDGE_CURVE ( 'NONE', #223, #1074, #2078, .T. ) ;
#1112 = VERTEX_POINT ( 'NONE', #2701 ) ;
#1113 = ORIENTED_EDGE ( 'NONE', *, *, #5594, .T. ) ;
#1114 = CARTESIAN_POINT ( 'NONE',  ( 8.252142372482266452, -23.70355339059327449, 500.0000000000000000 ) ) ;
#1115 = ORIENTED_EDGE ( 'NONE', *, *, #1826, .T. ) ;
#1116 = CARTESIAN_POINT ( 'NONE',  ( -3.560660171779816086, -22.39644660940672694, 500.0000000000000000 ) ) ;
#1117 = ORIENTED_EDGE ( 'NONE', *, *, #4665, .F. ) ;
#1118 = CARTESIAN_POINT ( 'NONE',  ( -3.526776695296635289, -28.67891906777891009, 500.0000000000000000 ) ) ;
#1119 = DIRECTION ( 'NONE',  ( -0.000000000000000000, -0.000000000000000000, 1.000000000000000000 ) ) ;
#1120 = VECTOR ( 'NONE', #2812, 1000.000000000000000 ) ;
#1121 = EDGE_CURVE ( 'NONE', #5844, #1806, #4587, .T. ) ;
#1122 = ORIENTED_EDGE ( 'NONE', *, *, #2885, .F. ) ;
#1123 = FACE_OUTER_BOUND ( 'NONE', #3424, .T. ) ;
#1124 = VERTEX_POINT ( 'NONE', #2575 ) ;
#1125 = AXIS2_PLACEMENT_3D ( 'NONE', #5883, #4021, #5943 ) ;
#1126 = VECTOR ( 'NONE', #5848, 1000.000000000000000 ) ;
#1127 = LINE ( 'NONE', #1606, #5367 ) ;
#1128 = ADVANCED_FACE ( 'NONE', ( #1153 ), #3082, .F. ) ;
#1129 = VECTOR ( 'NONE', #2932, 1000.000000000000000 ) ;
#1130 = VECTOR ( 'NONE', #4310, 1000.000000000000000 ) ;
#1131 = EDGE_LOOP ( 'NONE', ( #3243, #3, #4906, #4467 ) ) ;
#1132 = ORIENTED_EDGE ( 'NONE', *, *, #897, .T. ) ;
#1133 = VECTOR ( 'NONE', #190, 1000.000000000000000 ) ;
#1134 = CARTESIAN_POINT ( 'NONE',  ( 3.633883476483179997, 2.573223304703363912, 500.0000000000000000 ) ) ;
#1135 = CIRCLE ( 'NONE', #5167, 0.2500000000000002220 ) ;
#1136 = DIRECTION ( 'NONE',  ( 0.000000000000000000, 0.000000000000000000, -1.000000000000000000 ) ) ;
#1137 = DIRECTION ( 'NONE',  ( 0.000000000000000000, 0.000000000000000000, -1.000000000000000000 ) ) ;
#1138 = EDGE_CURVE ( 'NONE', #6154, #2888, #5535, .T. ) ;
#1139 = DIRECTION ( 'NONE',  ( -0.000000000000000000, -0.000000000000000000, 1.000000000000000000 ) ) ;
#1140 = ORIENTED_EDGE ( 'NONE', *, *, #5443, .F. ) ;
#1141 = PLANE ( 'NONE',  #4795 ) ;
#1142 = DIRECTION ( 'NONE',  ( 1.000000000000000000, 0.000000000000000000, 0.000000000000000000 ) ) ;
#1143 = LINE ( 'NONE', #6039, #263 ) ;
#1144 = CARTESIAN_POINT ( 'NONE',  ( 8.252142372482268229, -5.500000000000004441, 500.0000000000000000 ) ) ;
#1145 = EDGE_CURVE ( 'NONE', #4078, #1421, #3157, .T. ) ;
#1146 = EDGE_CURVE ( 'NONE', #4616, #5799, #3138, .T. ) ;
#1147 = VERTEX_POINT ( 'NONE', #4995 ) ;
#1148 = DIRECTION ( 'NONE',  ( 0.000000000000000000, 0.000000000000000000, 1.000000000000000000 ) ) ;
#1149 = VERTEX_POINT ( 'NONE', #1118 ) ;
#1150 = VERTEX_POINT ( 'NONE', #3171 ) ;
#1151 = DIRECTION ( 'NONE',  ( 0.000000000000000000, 0.000000000000000000, -1.000000000000000000 ) ) ;
#1152 = ORIENTED_EDGE ( 'NONE', *, *, #2557, .T. ) ;
#1153 = FACE_OUTER_BOUND ( 'NONE', #1988, .T. ) ;
#1154 = DIRECTION ( 'NONE',  ( -0.000000000000000000, -1.000000000000000000, -0.000000000000000000 ) ) ;
#1155 = EDGE_CURVE ( 'NONE', #4256, #1972, #1665, .T. ) ;
#1156 = VERTEX_POINT ( 'NONE', #3585 ) ;
#1157 = DIRECTION ( 'NONE',  ( -0.7071067811865472397, 0.7071067811865479058, 0.000000000000000000 ) ) ;
#1158 = ORIENTED_EDGE ( 'NONE', *, *, #4277, .T. ) ;
#1159 = CARTESIAN_POINT ( 'NONE',  ( 4.336808689942017736E-16, -16.60104656796269040, 500.0000000000000000 ) ) ;
#1160 = VECTOR ( 'NONE', #3407, 1000.000000000000000 ) ;
#1161 = AXIS2_PLACEMENT_3D ( 'NONE', #1378, #1342, #3263 ) ;
#1162 = VECTOR ( 'NONE', #492, 1000.000000000000000 ) ;
#1163 = ORIENTED_EDGE ( 'NONE', *, *, #1313, .F. ) ;
#1164 = VERTEX_POINT ( 'NONE', #4521 ) ;
#1165 = CARTESIAN_POINT ( 'NONE',  ( 10.00000000000000711, -4.951411018111001816, 500.0000000000000000 ) ) ;
#1166 = DIRECTION ( 'NONE',  ( 0.7071067811865472397, -0.7071067811865479058, 0.000000000000000000 ) ) ;
#1167 = CARTESIAN_POINT ( 'NONE',  ( 8.252142372482268229, -25.25000000000000000, 500.0000000000000000 ) ) ;
#1168 = AXIS2_PLACEMENT_3D ( 'NONE', #5783, #1399, #1461 ) ;
#1169 = CARTESIAN_POINT ( 'NONE',  ( -5.500000000000000000, -26.66421356237309581, 500.0000000000000000 ) ) ;
#1170 = EDGE_CURVE ( 'NONE', #1460, #94, #3113, .T. ) ;
#1171 = DIRECTION ( 'NONE',  ( 0.000000000000000000, 1.000000000000000000, 0.000000000000000000 ) ) ;
#1172 = VERTEX_POINT ( 'NONE', #4617 ) ;
#1173 = DIRECTION ( 'NONE',  ( -1.000000000000000000, 0.000000000000000000, 0.000000000000000000 ) ) ;
#1174 = LINE ( 'NONE', #1235, #853 ) ;
#1175 = CARTESIAN_POINT ( 'NONE',  ( 10.00000000000000178, -29.75000000000000711, 500.0000000000000000 ) ) ;
#1176 = FACE_OUTER_BOUND ( 'NONE', #5599, .T. ) ;
#1177 = ORIENTED_EDGE ( 'NONE', *, *, #1191, .T. ) ;
#1178 = ORIENTED_EDGE ( 'NONE', *, *, #3887, .F. ) ;
#1179 = EDGE_LOOP ( 'NONE', ( #4006, #3398, #1341, #4115 ) ) ;
#1180 = DIRECTION ( 'NONE',  ( 0.000000000000000000, -0.000000000000000000, -1.000000000000000000 ) ) ;
#1181 = ORIENTED_EDGE ( 'NONE', *, *, #2408, .T. ) ;
#1182 = EDGE_CURVE ( 'NONE', #5538, #941, #1579, .T. ) ;
#1183 = CARTESIAN_POINT ( 'NONE',  ( -3.560660171779816086, -17.50000000000000000, 0.000000000000000000 ) ) ;
#1184 = LINE ( 'NONE', #5091, #515 ) ;
#1185 = VERTEX_POINT ( 'NONE', #2632 ) ;
#1186 = FACE_OUTER_BOUND ( 'NONE', #5737, .T. ) ;
#1187 = ORIENTED_EDGE ( 'NONE', *, *, #506, .T. ) ;
#1188 = CARTESIAN_POINT ( 'NONE',  ( 2.499999999999999556, -23.56066017177981919, 500.0000000000000000 ) ) ;
#1189 = DIRECTION ( 'NONE',  ( -0.000000000000000000, -0.000000000000000000, 1.000000000000000000 ) ) ;
#1190 = VECTOR ( 'NONE', #3723, 1000.000000000000000 ) ;
#1191 = EDGE_CURVE ( 'NONE', #1451, #2704, #3614, .T. ) ;
#1192 = ORIENTED_EDGE ( 'NONE', *, *, #4433, .T. ) ;
#1193 = ORIENTED_EDGE ( 'NONE', *, *, #1457, .T. ) ;
#1194 = CARTESIAN_POINT ( 'NONE',  ( -3.560660171779816086, -2.500000000000000444, 500.0000000000000000 ) ) ;
#1195 = DIRECTION ( 'NONE',  ( -1.000000000000000000, 0.000000000000000000, 0.000000000000000000 ) ) ;
#1196 = DIRECTION ( 'NONE',  ( -1.000000000000000000, 0.000000000000000000, 0.000000000000000000 ) ) ;
#1197 = FACE_OUTER_BOUND ( 'NONE', #4053, .T. ) ;
#1198 = ADVANCED_FACE ( 'NONE', ( #4494 ), #4093, .F. ) ;
#1199 = CYLINDRICAL_SURFACE ( 'NONE', #2749, 0.2500000000000002220 ) ;
#1200 = EDGE_LOOP ( 'NONE', ( #3452, #6148, #1097, #2836, #3047, #4234, #258, #4145, #3199, #3296, #2496, #247, #4548, #5914, #1448, #1827, #3608, #2827, #594, #3118, #1726, #5478, #4377, #4358, #242, #1351, #2748, #2839, #4919, #4993 ) ) ;
#1201 = CARTESIAN_POINT ( 'NONE',  ( 3.703553390593272265, 8.502142372482271782, 0.000000000000000000 ) ) ;
#1202 = DIRECTION ( 'NONE',  ( 0.000000000000000000, 0.000000000000000000, -1.000000000000000000 ) ) ;
#1203 = CARTESIAN_POINT ( 'NONE',  ( -0.2422809267016586554, -16.43933982822018081, 0.000000000000000000 ) ) ;
#1204 = LINE ( 'NONE', #4049, #2650 ) ;
#1205 = ADVANCED_FACE ( 'NONE', ( #248 ), #2203, .F. ) ;
#1206 = ORIENTED_EDGE ( 'NONE', *, *, #4683, .F. ) ;
#1207 = EDGE_LOOP ( 'NONE', ( #3249, #2626, #3209, #2457 ) ) ;
#1208 = DIRECTION ( 'NONE',  ( -1.000000000000000000, -1.734723475976805517E-15, 0.000000000000000000 ) ) ;
#1209 = VERTEX_POINT ( 'NONE', #2605 ) ;
#1210 = CARTESIAN_POINT ( 'NONE',  ( 3.703553390593272265, 8.502142372482271782, 500.0000000000000000 ) ) ;
#1211 = CARTESIAN_POINT ( 'NONE',  ( 6.664213562373095812, 5.500000000000003553, 0.000000000000000000 ) ) ;
#1212 = ADVANCED_FACE ( 'NONE', ( #1630 ), #302, .T. ) ;
#1213 = ORIENTED_EDGE ( 'NONE', *, *, #5544, .T. ) ;
#1214 = CARTESIAN_POINT ( 'NONE',  ( -6.146446609406722494, -6.500000000000002665, 500.0000000000000000 ) ) ;
#1215 = VERTEX_POINT ( 'NONE', #4120 ) ;
#1216 = DIRECTION ( 'NONE',  ( 0.7071067811865480168, 0.7071067811865470176, 0.000000000000000000 ) ) ;
#1217 = CARTESIAN_POINT ( 'NONE',  ( -3.633883476483180441, -22.57322330470336169, 0.000000000000000000 ) ) ;
#1218 = CIRCLE ( 'NONE', #2237, 0.2500000000000002220 ) ;
#1219 = EDGE_CURVE ( 'NONE', #6121, #4599, #775, .T. ) ;
#1220 = CIRCLE ( 'NONE', #715, 0.2500000000000002220 ) ;
#1221 = VECTOR ( 'NONE', #3328, 1000.000000000000000 ) ;
#1222 = AXIS2_PLACEMENT_3D ( 'NONE', #4475, #3097, #1196 ) ;
#1223 = ORIENTED_EDGE ( 'NONE', *, *, #565, .F. ) ;
#1224 = CARTESIAN_POINT ( 'NONE',  ( 8.678919067778902985, 3.526776695296639286, 500.0000000000000000 ) ) ;
#1225 = DIRECTION ( 'NONE',  ( -0.000000000000000000, -0.000000000000000000, 1.000000000000000000 ) ) ;
#1226 = DIRECTION ( 'NONE',  ( -0.5551424749987398100, -0.8317552719714336185, 0.000000000000000000 ) ) ;
#1227 = AXIS2_PLACEMENT_3D ( 'NONE', #4309, #2821, #6204 ) ;
#1228 = CIRCLE ( 'NONE', #3540, 0.2500000000000002220 ) ;
#1229 = EDGE_CURVE ( 'NONE', #5406, #6121, #5200, .T. ) ;
#1230 = AXIS2_PLACEMENT_3D ( 'NONE', #3127, #4604, #381 ) ;
#1231 = AXIS2_PLACEMENT_3D ( 'NONE', #1214, #4003, #3618 ) ;
#1232 = CARTESIAN_POINT ( 'NONE',  ( 3.633883476483179997, 2.573223304703363912, 0.000000000000000000 ) ) ;
#1233 = ORIENTED_EDGE ( 'NONE', *, *, #4559, .F. ) ;
#1234 = CARTESIAN_POINT ( 'NONE',  ( -3.100000000000000089, -28.25214237248227533, 0.000000000000000000 ) ) ;
#1235 = CARTESIAN_POINT ( 'NONE',  ( -6.487436867076458391, 5.426776695296639197, 0.000000000000000000 ) ) ;
#1236 = EDGE_CURVE ( 'NONE', #350, #2567, #4148, .T. ) ;
#1237 = DIRECTION ( 'NONE',  ( -0.000000000000000000, -0.000000000000000000, 1.000000000000000000 ) ) ;
#1238 = CARTESIAN_POINT ( 'NONE',  ( 9.926776695296634756, 4.774634322814365284, 500.0000000000000000 ) ) ;
#1239 = AXIS2_PLACEMENT_3D ( 'NONE', #2734, #5738, #5195 ) ;
#1240 = CIRCLE ( 'NONE', #4151, 0.2500000000000002220 ) ;
#1241 = CARTESIAN_POINT ( 'NONE',  ( 9.999999999999998224, -15.04858898188899197, 500.0000000000000000 ) ) ;
#1242 = VERTEX_POINT ( 'NONE', #2828 ) ;
#1243 = CARTESIAN_POINT ( 'NONE',  ( -10.00000000000000178, 9.750000000000003553, 500.0000000000000000 ) ) ;
#1244 = ORIENTED_EDGE ( 'NONE', *, *, #3588, .T. ) ;
#1245 = CYLINDRICAL_SURFACE ( 'NONE', #3285, 0.2500000000000002220 ) ;
#1246 = ORIENTED_EDGE ( 'NONE', *, *, #2054, .T. ) ;
#1247 = DIRECTION ( 'NONE',  ( 0.5551424749987402540, 0.8317552719714332854, 0.000000000000000000 ) ) ;
#1248 = DIRECTION ( 'NONE',  ( 1.000000000000000000, 0.000000000000000000, 0.000000000000000000 ) ) ;
#1249 = VERTEX_POINT ( 'NONE', #3228 ) ;
#1250 = CARTESIAN_POINT ( 'NONE',  ( -6.664213562373094923, -14.74999999999999822, 500.0000000000000000 ) ) ;
#1251 = ORIENTED_EDGE ( 'NONE', *, *, #1009, .T. ) ;
#1252 = PLANE ( 'NONE',  #5166 ) ;
#1253 = VECTOR ( 'NONE', #1815, 1000.000000000000000 ) ;
#1254 = ORIENTED_EDGE ( 'NONE', *, *, #478, .T. ) ;
#1255 = CARTESIAN_POINT ( 'NONE',  ( 5.249999999999999112, 6.664213562373098476, 0.000000000000000000 ) ) ;
#1256 = VECTOR ( 'NONE', #2867, 1000.000000000000000 ) ;
#1257 = ADVANCED_FACE ( 'NONE', ( #4742 ), #1306, .F. ) ;
#1258 = CARTESIAN_POINT ( 'NONE',  ( 2.292893218813451206, -4.060660171779816530, 500.0000000000000000 ) ) ;
#1259 = LINE ( 'NONE', #3758, #5436 ) ;
#1260 = ADVANCED_FACE ( 'NONE', ( #3740 ), #460, .F. ) ;
#1261 = DIRECTION ( 'NONE',  ( 0.8317552719714379483, 0.5551424749987333707, 0.000000000000000000 ) ) ;
#1262 = CIRCLE ( 'NONE', #161, 0.5000000000000004441 ) ;
#1263 = AXIS2_PLACEMENT_3D ( 'NONE', #4805, #3918, #5366 ) ;
#1264 = FACE_OUTER_BOUND ( 'NONE', #3975, .T. ) ;
#1265 = ORIENTED_EDGE ( 'NONE', *, *, #5154, .F. ) ;
#1266 = CYLINDRICAL_SURFACE ( 'NONE', #4887, 0.2500000000000002220 ) ;
#1267 = LINE ( 'NONE', #6134, #1253 ) ;
#1268 = CIRCLE ( 'NONE', #1998, 0.2500000000000002220 ) ;
#1269 = DIRECTION ( 'NONE',  ( 1.000000000000000000, 0.000000000000000000, 0.000000000000000000 ) ) ;
#1270 = VECTOR ( 'NONE', #4372, 1000.000000000000000 ) ;
#1271 = FACE_OUTER_BOUND ( 'NONE', #2791, .T. ) ;
#1272 = VECTOR ( 'NONE', #1807, 1000.000000000000000 ) ;
#1273 = ORIENTED_EDGE ( 'NONE', *, *, #4785, .T. ) ;
#1274 = EDGE_CURVE ( 'NONE', #2168, #2260, #4097, .T. ) ;
#1275 = CYLINDRICAL_SURFACE ( 'NONE', #2440, 0.5000000000000000000 ) ;
#1276 = ORIENTED_EDGE ( 'NONE', *, *, #311, .T. ) ;
#1277 = CARTESIAN_POINT ( 'NONE',  ( -9.999999999999998224, 4.847857627517729640, 500.0000000000000000 ) ) ;
#1278 = ORIENTED_EDGE ( 'NONE', *, *, #3689, .T. ) ;
#1279 = DIRECTION ( 'NONE',  ( 0.000000000000000000, 0.000000000000000000, -1.000000000000000000 ) ) ;
#1280 = CARTESIAN_POINT ( 'NONE',  ( -8.252142372482268229, -5.500000000000004441, 0.000000000000000000 ) ) ;
#1281 = ADVANCED_FACE ( 'NONE', ( #5665 ), #2357, .F. ) ;
#1282 = AXIS2_PLACEMENT_3D ( 'NONE', #440, #1391, #5163 ) ;
#1283 = ORIENTED_EDGE ( 'NONE', *, *, #593, .F. ) ;
#1284 = CARTESIAN_POINT ( 'NONE',  ( -9.926776695296634756, -24.77463432281436440, 0.000000000000000000 ) ) ;
#1285 = ORIENTED_EDGE ( 'NONE', *, *, #5045, .F. ) ;
#1286 = LINE ( 'NONE', #342, #1566 ) ;
#1287 = CARTESIAN_POINT ( 'NONE',  ( -8.252142372482266452, -16.29644660940672551, 500.0000000000000000 ) ) ;
#1288 = ADVANCED_FACE ( 'NONE', ( #4246 ), #2295, .F. ) ;
#1289 = ORIENTED_EDGE ( 'NONE', *, *, #2171, .F. ) ;
#1290 = DIRECTION ( 'NONE',  ( 0.000000000000000000, 0.000000000000000000, -1.000000000000000000 ) ) ;
#1291 = DIRECTION ( 'NONE',  ( -0.000000000000000000, -0.000000000000000000, 1.000000000000000000 ) ) ;
#1292 = DIRECTION ( 'NONE',  ( 0.000000000000000000, 0.000000000000000000, 1.000000000000000000 ) ) ;
#1293 = ORIENTED_EDGE ( 'NONE', *, *, #3634, .T. ) ;
#1294 = EDGE_CURVE ( 'NONE', #2613, #5406, #2393, .T. ) ;
#1295 = DIRECTION ( 'NONE',  ( 0.000000000000000000, 0.000000000000000000, 1.000000000000000000 ) ) ;
#1296 = ORIENTED_EDGE ( 'NONE', *, *, #4502, .T. ) ;
#1297 = CARTESIAN_POINT ( 'NONE',  ( 9.999999999999998224, -24.95141101811100270, 500.0000000000000000 ) ) ;
#1298 = CARTESIAN_POINT ( 'NONE',  ( 2.100000000000000533, -20.00000000000000000, 500.0000000000000000 ) ) ;
#1299 = CARTESIAN_POINT ( 'NONE',  ( 0.2422809267016595158, -16.43933982822018081, 0.000000000000000000 ) ) ;
#1300 = DIRECTION ( 'NONE',  ( -1.000000000000000000, 0.000000000000000000, 0.000000000000000000 ) ) ;
#1301 = ORIENTED_EDGE ( 'NONE', *, *, #1079, .F. ) ;
#1302 = DIRECTION ( 'NONE',  ( 0.000000000000000000, 0.000000000000000000, 1.000000000000000000 ) ) ;
#1303 = ORIENTED_EDGE ( 'NONE', *, *, #4050, .T. ) ;
#1304 = DIRECTION ( 'NONE',  ( -0.7071067811865457964, 0.7071067811865492381, 0.000000000000000000 ) ) ;
#1305 = ORIENTED_EDGE ( 'NONE', *, *, #3834, .F. ) ;
#1306 = CYLINDRICAL_SURFACE ( 'NONE', #5905, 0.2500000000000002220 ) ;
#1307 = LINE ( 'NONE', #5666, #2844 ) ;
#1308 = ORIENTED_EDGE ( 'NONE', *, *, #2198, .T. ) ;
#1309 = LINE ( 'NONE', #2766, #626 ) ;
#1310 = ORIENTED_EDGE ( 'NONE', *, *, #3792, .F. ) ;
#1311 = CARTESIAN_POINT ( 'NONE',  ( 8.002142372482268229, -5.250000000000003553, 500.0000000000000000 ) ) ;
#1312 = VECTOR ( 'NONE', #227, 1000.000000000000114 ) ;
#1313 = EDGE_CURVE ( 'NONE', #2550, #3379, #3776, .T. ) ;
#1314 = EDGE_LOOP ( 'NONE', ( #737, #5230, #1042, #1246 ) ) ;
#1315 = DIRECTION ( 'NONE',  ( -0.000000000000000000, -0.000000000000000000, 1.000000000000000000 ) ) ;
#1316 = ORIENTED_EDGE ( 'NONE', *, *, #2240, .T. ) ;
#1317 = FACE_OUTER_BOUND ( 'NONE', #5124, .T. ) ;
#1318 = DIRECTION ( 'NONE',  ( -0.000000000000000000, -0.000000000000000000, 1.000000000000000000 ) ) ;
#1319 = EDGE_CURVE ( 'NONE', #1330, #6130, #5186, .T. ) ;
#1320 = VECTOR ( 'NONE', #3933, 1000.000000000000000 ) ;
#1321 = ORIENTED_EDGE ( 'NONE', *, *, #6090, .F. ) ;
#1322 = CIRCLE ( 'NONE', #2035, 0.2500000000000002220 ) ;
#1323 = CARTESIAN_POINT ( 'NONE',  ( 4.774634322814361731, 9.926776695296638309, 0.000000000000000000 ) ) ;
#1324 = ADVANCED_FACE ( 'NONE', ( #5120 ), #5217, .T. ) ;
#1325 = DIRECTION ( 'NONE',  ( -1.000000000000000000, 0.000000000000000000, 0.000000000000000000 ) ) ;
#1326 = DIRECTION ( 'NONE',  ( -0.000000000000000000, -0.000000000000000000, 1.000000000000000000 ) ) ;
#1327 = VECTOR ( 'NONE', #5967, 1000.000000000000000 ) ;
#1328 = VERTEX_POINT ( 'NONE', #3673 ) ;
#1329 = DIRECTION ( 'NONE',  ( -1.000000000000000000, 1.387778780781445873E-15, 0.000000000000000000 ) ) ;
#1330 = VERTEX_POINT ( 'NONE', #6211 ) ;
#1331 = VECTOR ( 'NONE', #2955, 1000.000000000000000 ) ;
#1332 = EDGE_CURVE ( 'NONE', #5172, #5372, #906, .T. ) ;
#1333 = CIRCLE ( 'NONE', #3242, 0.2500000000000002220 ) ;
#1334 = CARTESIAN_POINT ( 'NONE',  ( 2.396446609406726935, -23.56066017177981919, 500.0000000000000000 ) ) ;
#1335 = LINE ( 'NONE', #5207, #552 ) ;
#1336 = LINE ( 'NONE', #5208, #5389 ) ;
#1337 = LINE ( 'NONE', #2255, #724 ) ;
#1338 = CIRCLE ( 'NONE', #1641, 0.2500000000000002220 ) ;
#1339 = ORIENTED_EDGE ( 'NONE', *, *, #5567, .T. ) ;
#1340 = LINE ( 'NONE', #2792, #1637 ) ;
#1341 = ORIENTED_EDGE ( 'NONE', *, *, #2433, .F. ) ;
#1342 = DIRECTION ( 'NONE',  ( 0.000000000000000000, 0.000000000000000000, -1.000000000000000000 ) ) ;
#1343 = ORIENTED_EDGE ( 'NONE', *, *, #5259, .T. ) ;
#1344 = CARTESIAN_POINT ( 'NONE',  ( 2.499999999999999556, -3.560660171779816974, 0.000000000000000000 ) ) ;
#1345 = VECTOR ( 'NONE', #3253, 1000.000000000000000 ) ;
#1346 = VECTOR ( 'NONE', #6087, 1000.000000000000000 ) ;
#1347 = CYLINDRICAL_SURFACE ( 'NONE', #2239, 0.2500000000000002220 ) ;
#1348 = ADVANCED_FACE ( 'NONE', ( #1896 ), #3812, .F. ) ;
#1349 = VECTOR ( 'NONE', #1770, 1000.000000000000000 ) ;
#1350 = VERTEX_POINT ( 'NONE', #934 ) ;
#1351 = ORIENTED_EDGE ( 'NONE', *, *, #4248, .F. ) ;
#1352 = DIRECTION ( 'NONE',  ( 0.000000000000000000, 0.000000000000000000, -1.000000000000000000 ) ) ;
#1353 = EDGE_LOOP ( 'NONE', ( #742, #3589, #5534, #5530 ) ) ;
#1354 = DIRECTION ( 'NONE',  ( -3.469446951953614682E-16, -1.000000000000000000, 0.000000000000000000 ) ) ;
#1355 = ORIENTED_EDGE ( 'NONE', *, *, #1744, .F. ) ;
#1356 = CARTESIAN_POINT ( 'NONE',  ( 3.703553390593272265, -28.25214237248227533, 0.000000000000000000 ) ) ;
#1357 = DIRECTION ( 'NONE',  ( 1.000000000000000000, -1.387778780781445873E-15, -0.000000000000000000 ) ) ;
#1358 = EDGE_CURVE ( 'NONE', #3195, #4132, #1408, .T. ) ;
#1359 = ORIENTED_EDGE ( 'NONE', *, *, #2664, .F. ) ;
#1360 = DIRECTION ( 'NONE',  ( -1.000000000000000000, -7.228014483236698528E-16, 0.000000000000000000 ) ) ;
#1361 = DIRECTION ( 'NONE',  ( -1.000000000000000000, 0.000000000000000000, 0.000000000000000000 ) ) ;
#1362 = AXIS2_PLACEMENT_3D ( 'NONE', #894, #4671, #5623 ) ;
#1363 = AXIS2_PLACEMENT_3D ( 'NONE', #4350, #2428, #41 ) ;
#1364 = DIRECTION ( 'NONE',  ( -0.5551424749987372564, -0.8317552719714353948, 0.000000000000000000 ) ) ;
#1365 = ORIENTED_EDGE ( 'NONE', *, *, #797, .T. ) ;
#1366 = CARTESIAN_POINT ( 'NONE',  ( 9.750000000000001776, 10.00000000000000355, 500.0000000000000000 ) ) ;
#1367 = CARTESIAN_POINT ( 'NONE',  ( 4.951411018110999152, -30.00000000000000711, 500.0000000000000000 ) ) ;
#1368 = CARTESIAN_POINT ( 'NONE',  ( 2.499999999999999556, 3.560660171779816974, 0.000000000000000000 ) ) ;
#1369 = DIRECTION ( 'NONE',  ( 0.7071067811865464625, -0.7071067811865486830, 0.000000000000000000 ) ) ;
#1370 = AXIS2_PLACEMENT_3D ( 'NONE', #1506, #1536, #4435 ) ;
#1371 = VECTOR ( 'NONE', #1431, 1000.000000000000000 ) ;
#1372 = EDGE_CURVE ( 'NONE', #6173, #266, #364, .T. ) ;
#1373 = EDGE_LOOP ( 'NONE', ( #892, #4806, #4537, #4845 ) ) ;
#1374 = CARTESIAN_POINT ( 'NONE',  ( 9.999999999999998224, 4.951411018111002704, 0.000000000000000000 ) ) ;
#1375 = VECTOR ( 'NONE', #1616, 1000.000000000000000 ) ;
#1376 = EDGE_LOOP ( 'NONE', ( #3260, #4156, #1412, #798 ) ) ;
#1377 = VECTOR ( 'NONE', #1795, 1000.000000000000000 ) ;
#1378 = CARTESIAN_POINT ( 'NONE',  ( 3.703553390593272265, -28.50214237248227533, 500.0000000000000000 ) ) ;
#1379 = EDGE_LOOP ( 'NONE', ( #86, #5761, #5804, #3629 ) ) ;
#1380 = DIRECTION ( 'NONE',  ( -1.000000000000000000, 0.000000000000000000, 0.000000000000000000 ) ) ;
#1381 = CARTESIAN_POINT ( 'NONE',  ( -3.526776695296635289, 8.678919067778908314, 500.0000000000000000 ) ) ;
#1382 = AXIS2_PLACEMENT_3D ( 'NONE', #4858, #4361, #54 ) ;
#1383 = ORIENTED_EDGE ( 'NONE', *, *, #4728, .T. ) ;
#1384 = CARTESIAN_POINT ( 'NONE',  ( -8.252142372482268229, -25.25000000000000000, 0.000000000000000000 ) ) ;
#1385 = ORIENTED_EDGE ( 'NONE', *, *, #4323, .T. ) ;
#1386 = DIRECTION ( 'NONE',  ( -0.000000000000000000, -0.000000000000000000, 1.000000000000000000 ) ) ;
#1387 = ADVANCED_FACE ( 'NONE', ( #803 ), #6142, .F. ) ;
#1388 = ORIENTED_EDGE ( 'NONE', *, *, #5849, .T. ) ;
#1389 = CYLINDRICAL_SURFACE ( 'NONE', #5293, 0.5000000000000004441 ) ;
#1390 = ORIENTED_EDGE ( 'NONE', *, *, #3818, .T. ) ;
#1391 = DIRECTION ( 'NONE',  ( -0.8317552719714366161, 0.5551424749987354801, 0.000000000000000000 ) ) ;
#1392 = DIRECTION ( 'NONE',  ( 0.5551424749987398100, -0.8317552719714336185, 0.000000000000000000 ) ) ;
#1393 = ORIENTED_EDGE ( 'NONE', *, *, #109, .F. ) ;
#1394 = DIRECTION ( 'NONE',  ( -0.000000000000000000, -0.000000000000000000, 1.000000000000000000 ) ) ;
#1395 = CARTESIAN_POINT ( 'NONE',  ( 9.999999999999998224, -24.95141101811100270, 500.0000000000000000 ) ) ;
#1396 = ADVANCED_FACE ( 'NONE', ( #1860 ), #2859, .F. ) ;
#1397 = LINE ( 'NONE', #3317, #1449 ) ;
#1398 = ORIENTED_EDGE ( 'NONE', *, *, #2847, .F. ) ;
#1399 = DIRECTION ( 'NONE',  ( -0.000000000000000000, -0.000000000000000000, 1.000000000000000000 ) ) ;
#1400 = FACE_OUTER_BOUND ( 'NONE', #546, .T. ) ;
#1401 = CARTESIAN_POINT ( 'NONE',  ( 4.336808689942017736E-16, -16.60104656796269040, 0.000000000000000000 ) ) ;
#1402 = EDGE_CURVE ( 'NONE', #1350, #866, #1927, .T. ) ;
#1403 = ORIENTED_EDGE ( 'NONE', *, *, #3099, .T. ) ;
#1404 = DIRECTION ( 'NONE',  ( 0.8317552719714353948, -0.5551424749987372564, -0.000000000000000000 ) ) ;
#1405 = ORIENTED_EDGE ( 'NONE', *, *, #4869, .F. ) ;
#1406 = DIRECTION ( 'NONE',  ( -1.000000000000000000, 0.000000000000000000, 0.000000000000000000 ) ) ;
#1407 = ORIENTED_EDGE ( 'NONE', *, *, #3251, .F. ) ;
#1408 = LINE ( 'NONE', #2763, #2681 ) ;
#1409 = EDGE_CURVE ( 'NONE', #2354, #857, #2479, .T. ) ;
#1410 = CARTESIAN_POINT ( 'NONE',  ( 9.926776695296634756, -24.77463432281436440, 500.0000000000000000 ) ) ;
#1411 = FACE_OUTER_BOUND ( 'NONE', #5030, .T. ) ;
#1412 = ORIENTED_EDGE ( 'NONE', *, *, #2544, .T. ) ;
#1413 = LINE ( 'NONE', #6181, #4764 ) ;
#1414 = ORIENTED_EDGE ( 'NONE', *, *, #2171, .T. ) ;
#1415 = CARTESIAN_POINT ( 'NONE',  ( -6.146446609406722494, -12.99999999999999822, 500.0000000000000000 ) ) ;
#1416 = LINE ( 'NONE', #4622, #2454 ) ;
#1417 = ORIENTED_EDGE ( 'NONE', *, *, #519, .F. ) ;
#1418 = DIRECTION ( 'NONE',  ( 0.000000000000000000, 0.000000000000000000, -1.000000000000000000 ) ) ;
#1419 = FILL_AREA_STYLE_COLOUR ( '', #2944 ) ;
#1420 = VECTOR ( 'NONE', #1610, 1000.000000000000000 ) ;
#1421 = VERTEX_POINT ( 'NONE', #2445 ) ;
#1422 = CARTESIAN_POINT ( 'NONE',  ( -8.502142372482266452, 3.703553390593276706, 500.0000000000000000 ) ) ;
#1423 = DIRECTION ( 'NONE',  ( -1.000000000000000000, 0.000000000000000000, 0.000000000000000000 ) ) ;
#1424 = ADVANCED_FACE ( 'NONE', ( #1498 ), #2529, .F. ) ;
#1425 = AXIS2_PLACEMENT_3D ( 'NONE', #71, #1997, #5349 ) ;
#1426 = EDGE_CURVE ( 'NONE', #5315, #3591, #2949, .T. ) ;
#1427 = CARTESIAN_POINT ( 'NONE',  ( 4.336808689942017736E-16, -16.60104656796269040, 0.000000000000000000 ) ) ;
#1428 = VERTEX_POINT ( 'NONE', #578 ) ;
#1429 = CARTESIAN_POINT ( 'NONE',  ( 6.664213562373095812, 5.250000000000002665, 500.0000000000000000 ) ) ;
#1430 = DIRECTION ( 'NONE',  ( -1.000000000000000000, 7.228014483236698528E-16, 0.000000000000000000 ) ) ;
#1431 = DIRECTION ( 'NONE',  ( -0.7071067811865479058, -0.7071067811865472397, 0.000000000000000000 ) ) ;
#1432 = VECTOR ( 'NONE', #3854, 1000.000000000000000 ) ;
#1433 = EDGE_CURVE ( 'NONE', #2475, #5172, #5820, .T. ) ;
#1434 = CIRCLE ( 'NONE', #3944, 0.2500000000000002220 ) ;
#1435 = AXIS2_PLACEMENT_3D ( 'NONE', #3956, #5312, #5881 ) ;
#1436 = DIRECTION ( 'NONE',  ( -0.000000000000000000, -0.000000000000000000, 1.000000000000000000 ) ) ;
#1437 = EDGE_CURVE ( 'NONE', #582, #4651, #61, .T. ) ;
#1438 = EDGE_LOOP ( 'NONE', ( #3268, #4547, #2995, #914 ) ) ;
#1439 = CARTESIAN_POINT ( 'NONE',  ( -8.252142372482266452, 3.100000000000004530, 0.000000000000000000 ) ) ;
#1440 = ORIENTED_EDGE ( 'NONE', *, *, #3471, .T. ) ;
#1441 = CARTESIAN_POINT ( 'NONE',  ( 8.002142372482268229, -25.25000000000000000, 500.0000000000000000 ) ) ;
#1442 = CARTESIAN_POINT ( 'NONE',  ( 3.633883476483179997, -2.573223304703363912, 0.000000000000000000 ) ) ;
#1443 = AXIS2_PLACEMENT_3D ( 'NONE', #4231, #2687, #4708 ) ;
#1444 = AXIS2_PLACEMENT_3D ( 'NONE', #2319, #6106, #358 ) ;
#1445 = VERTEX_POINT ( 'NONE', #5338 ) ;
#1446 = DIRECTION ( 'NONE',  ( -0.000000000000000000, -0.000000000000000000, 1.000000000000000000 ) ) ;
#1447 = VERTEX_POINT ( 'NONE', #3359 ) ;
#1448 = ORIENTED_EDGE ( 'NONE', *, *, #580, .F. ) ;
#1449 = VECTOR ( 'NONE', #447, 1000.000000000000000 ) ;
#1450 = CARTESIAN_POINT ( 'NONE',  ( -3.398953432037304712, -19.99999999999999645, 500.0000000000000000 ) ) ;
#1451 = VERTEX_POINT ( 'NONE', #3871 ) ;
#1452 = DIRECTION ( 'NONE',  ( 0.7071067811865459074, 0.7071067811865491270, -0.000000000000000000 ) ) ;
#1453 = EDGE_CURVE ( 'NONE', #163, #1059, #1022, .T. ) ;
#1454 = ORIENTED_EDGE ( 'NONE', *, *, #3882, .T. ) ;
#1455 = LINE ( 'NONE', #3373, #1129 ) ;
#1456 = LINE ( 'NONE', #5807, #2840 ) ;
#1457 = EDGE_CURVE ( 'NONE', #1447, #3842, #550, .T. ) ;
#1458 = DIRECTION ( 'NONE',  ( -1.000000000000000000, 0.000000000000000000, 0.000000000000000000 ) ) ;
#1459 = EDGE_CURVE ( 'NONE', #5749, #35, #757, .T. ) ;
#1460 = VERTEX_POINT ( 'NONE', #5375 ) ;
#1461 = DIRECTION ( 'NONE',  ( -1.000000000000000000, -3.469446951953611033E-15, 0.000000000000000000 ) ) ;
#1462 = DIRECTION ( 'NONE',  ( -0.000000000000000000, -0.000000000000000000, 1.000000000000000000 ) ) ;
#1463 = VECTOR ( 'NONE', #4398, 1000.000000000000000 ) ;
#1464 = CARTESIAN_POINT ( 'NONE',  ( -8.252142372482268229, -14.74999999999999645, 500.0000000000000000 ) ) ;
#1465 = ORIENTED_EDGE ( 'NONE', *, *, #3322, .T. ) ;
#1466 = CYLINDRICAL_SURFACE ( 'NONE', #6008, 0.2500000000000002220 ) ;
#1467 = CARTESIAN_POINT ( 'NONE',  ( -3.100000000000000089, 8.252142372482271782, 500.0000000000000000 ) ) ;
#1468 = AXIS2_PLACEMENT_3D ( 'NONE', #2169, #5533, #4492 ) ;
#1469 = DIRECTION ( 'NONE',  ( -0.000000000000000000, -0.000000000000000000, 1.000000000000000000 ) ) ;
#1470 = CARTESIAN_POINT ( 'NONE',  ( -3.526776695296635289, -28.67891906777891009, 0.000000000000000000 ) ) ;
#1471 = EDGE_CURVE ( 'NONE', #2322, #3271, #965, .T. ) ;
#1472 = ORIENTED_EDGE ( 'NONE', *, *, #2492, .T. ) ;
#1473 = AXIS2_PLACEMENT_3D ( 'NONE', #3069, #4453, #3034 ) ;
#1474 = CARTESIAN_POINT ( 'NONE',  ( -3.633883476483180441, -17.42677669529663831, 500.0000000000000000 ) ) ;
#1475 = VECTOR ( 'NONE', #3104, 1000.000000000000000 ) ;
#1476 = ORIENTED_EDGE ( 'NONE', *, *, #1652, .F. ) ;
#1477 = ORIENTED_EDGE ( 'NONE', *, *, #989, .F. ) ;
#1478 = LINE ( 'NONE', #5318, #2181 ) ;
#1479 = EDGE_LOOP ( 'NONE', ( #1301, #3122, #3582, #2535 ) ) ;
#1480 = CARTESIAN_POINT ( 'NONE',  ( -9.750000000000001776, 9.750000000000003553, 500.0000000000000000 ) ) ;
#1481 = CARTESIAN_POINT ( 'NONE',  ( -5.500000000000000000, -26.56066017177982275, 500.0000000000000000 ) ) ;
#1482 = VECTOR ( 'NONE', #2435, 1000.000000000000000 ) ;
#1483 = EDGE_CURVE ( 'NONE', #1615, #4026, #1054, .T. ) ;
#1484 = ORIENTED_EDGE ( 'NONE', *, *, #1823, .F. ) ;
#1485 = DIRECTION ( 'NONE',  ( 0.000000000000000000, 0.000000000000000000, 1.000000000000000000 ) ) ;
#1486 = LINE ( 'NONE', #952, #2627 ) ;
#1487 = EDGE_CURVE ( 'NONE', #6117, #1513, #2037, .T. ) ;
#1488 = LINE ( 'NONE', #6197, #2545 ) ;
#1489 = VERTEX_POINT ( 'NONE', #5880 ) ;
#1490 = CARTESIAN_POINT ( 'NONE',  ( -8.252142372482268229, -12.49999999999999645, 500.0000000000000000 ) ) ;
#1491 = CARTESIAN_POINT ( 'NONE',  ( -8.252142372482268229, -5.500000000000004441, 500.0000000000000000 ) ) ;
#1492 = FACE_OUTER_BOUND ( 'NONE', #859, .T. ) ;
#1493 = EDGE_CURVE ( 'NONE', #5435, #5962, #3479, .T. ) ;
#1494 = CYLINDRICAL_SURFACE ( 'NONE', #3753, 0.2500000000000002220 ) ;
#1495 = ORIENTED_EDGE ( 'NONE', *, *, #1459, .T. ) ;
#1496 = DIRECTION ( 'NONE',  ( -1.000000000000000000, 0.000000000000000000, 0.000000000000000000 ) ) ;
#1497 = ORIENTED_EDGE ( 'NONE', *, *, #3541, .T. ) ;
#1498 = FACE_OUTER_BOUND ( 'NONE', #2482, .T. ) ;
#1499 = CARTESIAN_POINT ( 'NONE',  ( -6.664213562373095812, -5.500000000000003553, 0.000000000000000000 ) ) ;
#1500 = AXIS2_PLACEMENT_3D ( 'NONE', #6126, #2277, #1325 ) ;
#1501 = EDGE_LOOP ( 'NONE', ( #1181, #1339, #5214, #1871 ) ) ;
#1502 = LINE ( 'NONE', #5342, #3343 ) ;
#1503 = ORIENTED_EDGE ( 'NONE', *, *, #4932, .F. ) ;
#1504 = DIRECTION ( 'NONE',  ( 0.7071067811865472397, -0.7071067811865479058, 0.000000000000000000 ) ) ;
#1505 = ORIENTED_EDGE ( 'NONE', *, *, #4226, .T. ) ;
#1506 = CARTESIAN_POINT ( 'NONE',  ( -9.750000000000007105, -4.951411018111010698, 500.0000000000000000 ) ) ;
#1507 = ORIENTED_EDGE ( 'NONE', *, *, #1402, .F. ) ;
#1508 = CARTESIAN_POINT ( 'NONE',  ( 3.810660171779816530, 2.396446609406726935, 500.0000000000000000 ) ) ;
#1509 = ADVANCED_FACE ( 'NONE', ( #604 ), #5759, .F. ) ;
#1510 = ORIENTED_EDGE ( 'NONE', *, *, #2531, .T. ) ;
#1511 = EDGE_CURVE ( 'NONE', #1004, #2212, #4340, .T. ) ;
#1512 = DIRECTION ( 'NONE',  ( -1.000000000000000000, -7.228014483236698528E-16, 0.000000000000000000 ) ) ;
#1513 = VERTEX_POINT ( 'NONE', #4809 ) ;
#1514 = EDGE_CURVE ( 'NONE', #1215, #458, #31, .T. ) ;
#1515 = VECTOR ( 'NONE', #3530, 1000.000000000000000 ) ;
#1516 = EDGE_LOOP ( 'NONE', ( #3236, #1414, #4349, #3811 ) ) ;
#1517 = CARTESIAN_POINT ( 'NONE',  ( 3.703553390593272265, 8.502142372482271782, 500.0000000000000000 ) ) ;
#1518 = VECTOR ( 'NONE', #154, 1000.000000000000000 ) ;
#1519 = CARTESIAN_POINT ( 'NONE',  ( 8.252142372482268229, -12.49999999999999645, 500.0000000000000000 ) ) ;
#1520 = DIRECTION ( 'NONE',  ( -0.5551424749987389218, 0.8317552719714342846, 0.000000000000000000 ) ) ;
#1521 = EDGE_CURVE ( 'NONE', #2453, #4202, #2919, .T. ) ;
#1522 = DIRECTION ( 'NONE',  ( -0.000000000000000000, -1.000000000000000000, -0.000000000000000000 ) ) ;
#1523 = ORIENTED_EDGE ( 'NONE', *, *, #3239, .F. ) ;
#1524 = FACE_OUTER_BOUND ( 'NONE', #1731, .T. ) ;
#1525 = VECTOR ( 'NONE', #536, 1000.000000000000000 ) ;
#1526 = DIRECTION ( 'NONE',  ( 0.000000000000000000, 0.000000000000000000, 1.000000000000000000 ) ) ;
#1527 = CARTESIAN_POINT ( 'NONE',  ( 6.560660171779821859, -5.500000000000003553, 500.0000000000000000 ) ) ;
#1528 = DIRECTION ( 'NONE',  ( -1.000000000000000000, 2.775557561562888827E-14, 0.000000000000000000 ) ) ;
#1529 = VECTOR ( 'NONE', #1357, 1000.000000000000000 ) ;
#1530 = AXIS2_PLACEMENT_3D ( 'NONE', #2764, #3709, #6143 ) ;
#1531 = ORIENTED_EDGE ( 'NONE', *, *, #746, .T. ) ;
#1532 = LINE ( 'NONE', #583, #3434 ) ;
#1533 = ORIENTED_EDGE ( 'NONE', *, *, #2302, .F. ) ;
#1534 = CARTESIAN_POINT ( 'NONE',  ( 3.560660171779816086, -22.39644660940672694, 500.0000000000000000 ) ) ;
#1535 = ORIENTED_EDGE ( 'NONE', *, *, #2115, .F. ) ;
#1536 = DIRECTION ( 'NONE',  ( 0.000000000000000000, 0.000000000000000000, -1.000000000000000000 ) ) ;
#1537 = VERTEX_POINT ( 'NONE', #3574 ) ;
#1538 = EDGE_CURVE ( 'NONE', #4331, #1582, #236, .T. ) ;
#1539 = CARTESIAN_POINT ( 'NONE',  ( 3.453553390593271821, -28.50214237248227533, 500.0000000000000000 ) ) ;
#1540 = CIRCLE ( 'NONE', #5863, 0.5000000000000004441 ) ;
#1541 = VECTOR ( 'NONE', #5550, 1000.000000000000000 ) ;
#1542 = VECTOR ( 'NONE', #5572, 1000.000000000000000 ) ;
#1543 = VERTEX_POINT ( 'NONE', #203 ) ;
#1544 = ADVANCED_FACE ( 'NONE', ( #4952 ), #1618, .T. ) ;
#1545 = VECTOR ( 'NONE', #4188, 1000.000000000000000 ) ;
#1546 = AXIS2_PLACEMENT_3D ( 'NONE', #4429, #4837, #2038 ) ;
#1547 = AXIS2_PLACEMENT_3D ( 'NONE', #6118, #3784, #4750 ) ;
#1548 = EDGE_CURVE ( 'NONE', #2178, #3076, #361, .T. ) ;
#1549 = ORIENTED_EDGE ( 'NONE', *, *, #2976, .T. ) ;
#1550 = ORIENTED_EDGE ( 'NONE', *, *, #3167, .T. ) ;
#1551 = LINE ( 'NONE', #5965, #1898 ) ;
#1552 = DIRECTION ( 'NONE',  ( 0.000000000000000000, 0.000000000000000000, -1.000000000000000000 ) ) ;
#1553 = DIRECTION ( 'NONE',  ( 0.8317552719714332854, 0.5551424749987402540, 0.000000000000000000 ) ) ;
#1554 = CARTESIAN_POINT ( 'NONE',  ( 2.499999999999999556, 3.560660171779816974, 0.000000000000000000 ) ) ;
#1555 = VERTEX_POINT ( 'NONE', #1175 ) ;
#1556 = DIRECTION ( 'NONE',  ( 0.000000000000000000, 0.000000000000000000, 1.000000000000000000 ) ) ;
#1557 = CARTESIAN_POINT ( 'NONE',  ( 6.487436867076458391, -14.57322330470335991, 0.000000000000000000 ) ) ;
#1558 = DIRECTION ( 'NONE',  ( 1.000000000000000000, -5.127820663014968840E-16, 0.000000000000000000 ) ) ;
#1559 = CARTESIAN_POINT ( 'NONE',  ( 4.774634322814361731, -29.92677669529664186, 0.000000000000000000 ) ) ;
#1560 = ADVANCED_FACE ( 'NONE', ( #4577 ), #5975, .F. ) ;
#1561 = VECTOR ( 'NONE', #4362, 1000.000000000000000 ) ;
#1562 = ORIENTED_EDGE ( 'NONE', *, *, #4674, .T. ) ;
#1563 = LINE ( 'NONE', #5468, #5667 ) ;
#1564 = EDGE_LOOP ( 'NONE', ( #3269, #120, #4427, #887 ) ) ;
#1565 = CARTESIAN_POINT ( 'NONE',  ( 3.703553390593272265, -28.25214237248227533, 500.0000000000000000 ) ) ;
#1566 = VECTOR ( 'NONE', #6119, 1000.000000000000000 ) ;
#1567 = VERTEX_POINT ( 'NONE', #3537 ) ;
#1568 = DIRECTION ( 'NONE',  ( -0.000000000000000000, -0.000000000000000000, 1.000000000000000000 ) ) ;
#1569 = EDGE_LOOP ( 'NONE', ( #3638, #189, #5744, #1764 ) ) ;
#1570 = CYLINDRICAL_SURFACE ( 'NONE', #1708, 0.5000000000000004441 ) ;
#1571 = LINE ( 'NONE', #5321, #5451 ) ;
#1572 = AXIS2_PLACEMENT_3D ( 'NONE', #2412, #3862, #3381 ) ;
#1573 = VECTOR ( 'NONE', #3518, 1000.000000000000000 ) ;
#1574 = AXIS2_PLACEMENT_3D ( 'NONE', #2030, #2913, #4363 ) ;
#1575 = EDGE_CURVE ( 'NONE', #2429, #4685, #2623, .T. ) ;
#1576 = DIRECTION ( 'NONE',  ( 0.000000000000000000, 0.000000000000000000, -1.000000000000000000 ) ) ;
#1577 = VERTEX_POINT ( 'NONE', #5427 ) ;
#1578 = AXIS2_PLACEMENT_3D ( 'NONE', #514, #3410, #5336 ) ;
#1579 = CIRCLE ( 'NONE', #4888, 0.2500000000000002220 ) ;
#1580 = VECTOR ( 'NONE', #5104, 1000.000000000000000 ) ;
#1581 = ORIENTED_EDGE ( 'NONE', *, *, #2341, .F. ) ;
#1582 = VERTEX_POINT ( 'NONE', #3987 ) ;
#1583 = PLANE ( 'NONE',  #5099 ) ;
#1584 = PLANE ( 'NONE',  #3221 ) ;
#1585 = CARTESIAN_POINT ( 'NONE',  ( -8.252142372482268229, -12.99999999999999822, 500.0000000000000000 ) ) ;
#1586 = EDGE_CURVE ( 'NONE', #1328, #357, #1143, .T. ) ;
#1587 = DIRECTION ( 'NONE',  ( -1.000000000000000000, 0.000000000000000000, 0.000000000000000000 ) ) ;
#1588 = AXIS2_PLACEMENT_3D ( 'NONE', #4291, #1418, #1908 ) ;
#1589 = CARTESIAN_POINT ( 'NONE',  ( 9.750000000000007105, -15.04858898188899197, 500.0000000000000000 ) ) ;
#1590 = ORIENTED_EDGE ( 'NONE', *, *, #3073, .T. ) ;
#1591 = DIRECTION ( 'NONE',  ( -0.000000000000000000, -0.000000000000000000, 1.000000000000000000 ) ) ;
#1592 = DIRECTION ( 'NONE',  ( -1.000000000000000000, 0.000000000000000000, 0.000000000000000000 ) ) ;
#1593 = EDGE_CURVE ( 'NONE', #208, #4227, #5013, .T. ) ;
#1594 = CARTESIAN_POINT ( 'NONE',  ( -3.560660171779816086, -2.396446609406726935, 500.0000000000000000 ) ) ;
#1595 = DIRECTION ( 'NONE',  ( -1.000000000000000000, 0.000000000000000000, 0.000000000000000000 ) ) ;
#1596 = ORIENTED_EDGE ( 'NONE', *, *, #5007, .T. ) ;
#1597 = ORIENTED_EDGE ( 'NONE', *, *, #1643, .F. ) ;
#1598 = VERTEX_POINT ( 'NONE', #144 ) ;
#1599 = CARTESIAN_POINT ( 'NONE',  ( 8.252142372482268229, -12.99999999999999822, 0.000000000000000000 ) ) ;
#1600 = EDGE_CURVE ( 'NONE', #2896, #1147, #6009, .T. ) ;
#1601 = ORIENTED_EDGE ( 'NONE', *, *, #4878, .F. ) ;
#1602 = LINE ( 'NONE', #611, #1518 ) ;
#1603 = ORIENTED_EDGE ( 'NONE', *, *, #1904, .T. ) ;
#1604 = FACE_OUTER_BOUND ( 'NONE', #4565, .T. ) ;
#1605 = ORIENTED_EDGE ( 'NONE', *, *, #5130, .T. ) ;
#1606 = CARTESIAN_POINT ( 'NONE',  ( 2.292893218813451206, -3.560660171779816974, 500.0000000000000000 ) ) ;
#1607 = ORIENTED_EDGE ( 'NONE', *, *, #3613, .F. ) ;
#1608 = ORIENTED_EDGE ( 'NONE', *, *, #4076, .F. ) ;
#1609 = DIRECTION ( 'NONE',  ( -0.7071067811865491270, -0.7071067811865459074, 0.000000000000000000 ) ) ;
#1610 = DIRECTION ( 'NONE',  ( 0.000000000000000000, 0.000000000000000000, -1.000000000000000000 ) ) ;
#1611 = EDGE_CURVE ( 'NONE', #4970, #5749, #5527, .T. ) ;
#1612 = CARTESIAN_POINT ( 'NONE',  ( -8.252142372482266452, -16.29644660940672551, 0.000000000000000000 ) ) ;
#1613 = FACE_OUTER_BOUND ( 'NONE', #2916, .T. ) ;
#1614 = LINE ( 'NONE', #630, #2049 ) ;
#1615 = VERTEX_POINT ( 'NONE', #1203 ) ;
#1616 = DIRECTION ( 'NONE',  ( 0.000000000000000000, 0.000000000000000000, -1.000000000000000000 ) ) ;
#1617 = DIRECTION ( 'NONE',  ( 1.000000000000000000, -0.000000000000000000, -0.000000000000000000 ) ) ;
#1618 = PLANE ( 'NONE',  #465 ) ;
#1619 = CARTESIAN_POINT ( 'NONE',  ( 9.999999999999998224, -24.84785762751772964, 500.0000000000000000 ) ) ;
#1620 = EDGE_CURVE ( 'NONE', #3204, #3898, #3131, .T. ) ;
#1621 = EDGE_CURVE ( 'NONE', #1421, #3326, #1109, .T. ) ;
#1622 = ORIENTED_EDGE ( 'NONE', *, *, #3719, .T. ) ;
#1623 = CARTESIAN_POINT ( 'NONE',  ( -9.750000000000001776, -29.75000000000000711, 0.000000000000000000 ) ) ;
#1624 = EDGE_LOOP ( 'NONE', ( #6198, #5501, #973, #3068 ) ) ;
#1625 = CIRCLE ( 'NONE', #2730, 0.5000000000000004441 ) ;
#1626 = FACE_OUTER_BOUND ( 'NONE', #6105, .T. ) ;
#1627 = EDGE_LOOP ( 'NONE', ( #5739, #22, #917, #1385 ) ) ;
#1628 = FACE_OUTER_BOUND ( 'NONE', #3875, .T. ) ;
#1629 = ORIENTED_EDGE ( 'NONE', *, *, #1426, .F. ) ;
#1630 = FACE_OUTER_BOUND ( 'NONE', #1000, .T. ) ;
#1631 = CARTESIAN_POINT ( 'NONE',  ( -8.252142372482266452, 3.703553390593276706, 0.000000000000000000 ) ) ;
#1632 = AXIS2_PLACEMENT_3D ( 'NONE', #3833, #5752, #1520 ) ;
#1633 = ORIENTED_EDGE ( 'NONE', *, *, #4069, .T. ) ;
#1634 = CARTESIAN_POINT ( 'NONE',  ( -3.560660171779815197, -19.75771907329833965, 0.000000000000000000 ) ) ;
#1635 = VERTEX_POINT ( 'NONE', #2660 ) ;
#1636 = MECHANICAL_DESIGN_GEOMETRIC_PRESENTATION_REPRESENTATION (  '', ( #823 ), #2238 ) ;
#1637 = VECTOR ( 'NONE', #2823, 1000.000000000000000 ) ;
#1638 = LINE ( 'NONE', #1159, #3453 ) ;
#1639 = LINE ( 'NONE', #4657, #2145 ) ;
#1640 = EDGE_CURVE ( 'NONE', #4616, #357, #4485, .T. ) ;
#1641 = AXIS2_PLACEMENT_3D ( 'NONE', #3279, #3793, #5644 ) ;
#1642 = VECTOR ( 'NONE', #5062, 1000.000000000000000 ) ;
#1643 = EDGE_CURVE ( 'NONE', #3302, #4142, #3163, .T. ) ;
#1644 = ORIENTED_EDGE ( 'NONE', *, *, #160, .T. ) ;
#1645 = ORIENTED_EDGE ( 'NONE', *, *, #5786, .T. ) ;
#1646 = VECTOR ( 'NONE', #5993, 1000.000000000000000 ) ;
#1647 = DIRECTION ( 'NONE',  ( 1.000000000000000000, -0.000000000000000000, -0.000000000000000000 ) ) ;
#1648 = CIRCLE ( 'NONE', #2953, 2.100000000000000533 ) ;
#1649 = CARTESIAN_POINT ( 'NONE',  ( -2.646446609406734485, -3.707106781186543021, 0.000000000000000000 ) ) ;
#1650 = CARTESIAN_POINT ( 'NONE',  ( 9.999999999999998224, -24.84785762751772964, 500.0000000000000000 ) ) ;
#1651 = CIRCLE ( 'NONE', #5979, 0.2500000000000002220 ) ;
#1652 = EDGE_CURVE ( 'NONE', #357, #3331, #764, .T. ) ;
#1653 = DIRECTION ( 'NONE',  ( 6.733988894569413090E-16, 1.000000000000000000, 0.000000000000000000 ) ) ;
#1654 = ORIENTED_EDGE ( 'NONE', *, *, #4352, .T. ) ;
#1655 = CARTESIAN_POINT ( 'NONE',  ( -9.999999999999998224, -24.84785762751772964, 500.0000000000000000 ) ) ;
#1656 = FACE_OUTER_BOUND ( 'NONE', #3596, .T. ) ;
#1657 = CARTESIAN_POINT ( 'NONE',  ( -6.560660171779821859, -25.50000000000000355, 500.0000000000000000 ) ) ;
#1658 = DIRECTION ( 'NONE',  ( -1.000000000000000000, 0.000000000000000000, 0.000000000000000000 ) ) ;
#1659 = VERTEX_POINT ( 'NONE', #4455 ) ;
#1660 = FACE_OUTER_BOUND ( 'NONE', #4558, .T. ) ;
#1661 = ORIENTED_EDGE ( 'NONE', *, *, #4036, .T. ) ;
#1662 = VERTEX_POINT ( 'NONE', #1594 ) ;
#1663 = DIRECTION ( 'NONE',  ( -0.000000000000000000, -0.000000000000000000, 1.000000000000000000 ) ) ;
#1664 = ORIENTED_EDGE ( 'NONE', *, *, #5429, .F. ) ;
#1665 = LINE ( 'NONE', #5055, #980 ) ;
#1666 = CARTESIAN_POINT ( 'NONE',  ( -3.703553390593272265, -28.50214237248227533, 500.0000000000000000 ) ) ;
#1667 = CIRCLE ( 'NONE', #256, 0.2500000000000002220 ) ;
#1668 = EDGE_CURVE ( 'NONE', #719, #2946, #3037, .T. ) ;
#1669 = AXIS2_PLACEMENT_3D ( 'NONE', #1508, #501, #528 ) ;
#1670 = ORIENTED_EDGE ( 'NONE', *, *, #2272, .T. ) ;
#1671 = DIRECTION ( 'NONE',  ( -0.000000000000000000, -0.000000000000000000, 1.000000000000000000 ) ) ;
#1672 = EDGE_LOOP ( 'NONE', ( #2105, #1680, #3168, #3110 ) ) ;
#1673 = DIRECTION ( 'NONE',  ( 0.8317552719714353948, -0.5551424749987372564, -0.000000000000000000 ) ) ;
#1674 = CIRCLE ( 'NONE', #756, 0.2500000000000002220 ) ;
#1675 = EDGE_CURVE ( 'NONE', #4929, #5362, #2884, .T. ) ;
#1676 = VECTOR ( 'NONE', #3017, 1000.000000000000000 ) ;
#1677 = CIRCLE ( 'NONE', #5190, 0.5000000000000004441 ) ;
#1678 = AXIS2_PLACEMENT_3D ( 'NONE', #4337, #3442, #1982 ) ;
#1679 = VECTOR ( 'NONE', #2720, 1000.000000000000000 ) ;
#1680 = ORIENTED_EDGE ( 'NONE', *, *, #3818, .F. ) ;
#1681 = ORIENTED_EDGE ( 'NONE', *, *, #5165, .T. ) ;
#1682 = DIRECTION ( 'NONE',  ( 0.000000000000000000, -0.000000000000000000, -1.000000000000000000 ) ) ;
#1683 = EDGE_CURVE ( 'NONE', #2144, #1489, #5238, .T. ) ;
#1684 = DIRECTION ( 'NONE',  ( 0.000000000000000000, 0.000000000000000000, -1.000000000000000000 ) ) ;
#1685 = LINE ( 'NONE', #5034, #818 ) ;
#1686 = VECTOR ( 'NONE', #6037, 1000.000000000000000 ) ;
#1687 = CARTESIAN_POINT ( 'NONE',  ( -6.487436867076458391, -5.426776695296639197, 0.000000000000000000 ) ) ;
#1688 = LINE ( 'NONE', #5370, #3248 ) ;
#1689 = ORIENTED_EDGE ( 'NONE', *, *, #2813, .F. ) ;
#1690 = CARTESIAN_POINT ( 'NONE',  ( -5.249999999999999112, -28.25214237248227533, 500.0000000000000000 ) ) ;
#1691 = DIRECTION ( 'NONE',  ( 0.000000000000000000, 0.000000000000000000, -1.000000000000000000 ) ) ;
#1692 = CARTESIAN_POINT ( 'NONE',  ( 6.560660171779821859, -25.50000000000000355, 500.0000000000000000 ) ) ;
#1693 = DIRECTION ( 'NONE',  ( -1.000000000000000000, -6.733988894569410132E-16, 0.000000000000000000 ) ) ;
#1694 = EDGE_CURVE ( 'NONE', #4085, #4651, #4237, .T. ) ;
#1695 = ORIENTED_EDGE ( 'NONE', *, *, #3588, .F. ) ;
#1696 = VERTEX_POINT ( 'NONE', #827 ) ;
#1697 = LINE ( 'NONE', #3044, #2642 ) ;
#1698 = ORIENTED_EDGE ( 'NONE', *, *, #1586, .T. ) ;
#1699 = CARTESIAN_POINT ( 'NONE',  ( 3.398953432037304268, 0.000000000000000000, 500.0000000000000000 ) ) ;
#1700 = VERTEX_POINT ( 'NONE', #5112 ) ;
#1701 = DIRECTION ( 'NONE',  ( 1.025564132602993768E-15, 1.000000000000000000, -0.000000000000000000 ) ) ;
#1702 = CARTESIAN_POINT ( 'NONE',  ( -8.252142372482268229, -7.000000000000002665, 500.0000000000000000 ) ) ;
#1703 = ADVANCED_FACE ( 'NONE', ( #5177 ), #6162, .T. ) ;
#1704 = VERTEX_POINT ( 'NONE', #4275 ) ;
#1705 = CARTESIAN_POINT ( 'NONE',  ( 3.560660171779816086, -2.500000000000000444, 500.0000000000000000 ) ) ;
#1706 = ORIENTED_EDGE ( 'NONE', *, *, #2532, .T. ) ;
#1707 = PLANE ( 'NONE',  #3553 ) ;
#1708 = AXIS2_PLACEMENT_3D ( 'NONE', #3491, #1094, #4931 ) ;
#1709 = EDGE_CURVE ( 'NONE', #4405, #2144, #2755, .T. ) ;
#1710 = AXIS2_PLACEMENT_3D ( 'NONE', #3210, #5646, #4699 ) ;
#1711 = EDGE_CURVE ( 'NONE', #1242, #928, #3731, .T. ) ;
#1712 = ORIENTED_EDGE ( 'NONE', *, *, #452, .F. ) ;
#1713 = CARTESIAN_POINT ( 'NONE',  ( 5.500000000000000000, 8.252142372482271782, 0.000000000000000000 ) ) ;
#1714 = DIRECTION ( 'NONE',  ( 1.000000000000000000, 0.000000000000000000, 0.000000000000000000 ) ) ;
#1715 = CARTESIAN_POINT ( 'NONE',  ( 2.499999999999999556, -23.56066017177981919, 500.0000000000000000 ) ) ;
#1716 = DIRECTION ( 'NONE',  ( 0.000000000000000000, 0.000000000000000000, -1.000000000000000000 ) ) ;
#1717 = DIRECTION ( 'NONE',  ( 0.000000000000000000, 0.000000000000000000, -1.000000000000000000 ) ) ;
#1718 = ORIENTED_EDGE ( 'NONE', *, *, #5697, .F. ) ;
#1719 = LINE ( 'NONE', #792, #2191 ) ;
#1720 = CARTESIAN_POINT ( 'NONE',  ( 2.292893218813451206, -4.060660171779816530, 500.0000000000000000 ) ) ;
#1721 = CARTESIAN_POINT ( 'NONE',  ( -8.678919067778901208, -16.47322330470336027, 500.0000000000000000 ) ) ;
#1722 = LINE ( 'NONE', #4953, #6191 ) ;
#1723 = EDGE_CURVE ( 'NONE', #1185, #4911, #2080, .T. ) ;
#1724 = ORIENTED_EDGE ( 'NONE', *, *, #6212, .F. ) ;
#1725 = LINE ( 'NONE', #2568, #5560 ) ;
#1726 = ORIENTED_EDGE ( 'NONE', *, *, #4478, .T. ) ;
#1727 = LINE ( 'NONE', #4992, #5700 ) ;
#1728 = ORIENTED_EDGE ( 'NONE', *, *, #1471, .F. ) ;
#1729 = DIRECTION ( 'NONE',  ( -1.000000000000000000, 0.000000000000000000, 0.000000000000000000 ) ) ;
#1730 = LINE ( 'NONE', #1280, #3230 ) ;
#1731 = EDGE_LOOP ( 'NONE', ( #5288, #1091, #3101, #4711 ) ) ;
#1732 = CARTESIAN_POINT ( 'NONE',  ( 5.249999999999999112, -26.66421356237309581, 500.0000000000000000 ) ) ;
#1733 = ADVANCED_FACE ( 'NONE', ( #4140 ), #862, .T. ) ;
#1734 = ORIENTED_EDGE ( 'NONE', *, *, #280, .T. ) ;
#1735 = CARTESIAN_POINT ( 'NONE',  ( -5.792893218813448541, -13.14644660940672516, 500.0000000000000000 ) ) ;
#1736 = AXIS2_PLACEMENT_3D ( 'NONE', #5988, #5536, #2204 ) ;
#1737 = AXIS2_PLACEMENT_3D ( 'NONE', #1623, #3543, #4431 ) ;
#1738 = VECTOR ( 'NONE', #2920, 1000.000000000000000 ) ;
#1739 = VERTEX_POINT ( 'NONE', #1299 ) ;
#1740 = DIRECTION ( 'NONE',  ( 1.000000000000000000, 0.000000000000000000, -0.000000000000000000 ) ) ;
#1741 = DIRECTION ( 'NONE',  ( -0.5551424749987333707, 0.8317552719714379483, 0.000000000000000000 ) ) ;
#1742 = VECTOR ( 'NONE', #1653, 1000.000000000000000 ) ;
#1743 = VECTOR ( 'NONE', #3166, 1000.000000000000000 ) ;
#1744 = EDGE_CURVE ( 'NONE', #3318, #5252, #1336, .T. ) ;
#1745 = EDGE_CURVE ( 'NONE', #1150, #5817, #5142, .T. ) ;
#1746 = AXIS2_PLACEMENT_3D ( 'NONE', #349, #5173, #1329 ) ;
#1747 = AXIS2_PLACEMENT_3D ( 'NONE', #1250, #188, #306 ) ;
#1748 = FACE_OUTER_BOUND ( 'NONE', #2762, .T. ) ;
#1749 = VERTEX_POINT ( 'NONE', #353 ) ;
#1750 = DIRECTION ( 'NONE',  ( 0.000000000000000000, 0.000000000000000000, 1.000000000000000000 ) ) ;
#1751 = PLANE ( 'NONE',  #5291 ) ;
#1752 = DIRECTION ( 'NONE',  ( 0.7071067811865496822, -0.7071067811865454633, 0.000000000000000000 ) ) ;
#1753 = CARTESIAN_POINT ( 'NONE',  ( 8.002142372482268229, -25.50000000000000355, 500.0000000000000000 ) ) ;
#1754 = EDGE_CURVE ( 'NONE', #4280, #6108, #1850, .T. ) ;
#1755 = VECTOR ( 'NONE', #2418, 1000.000000000000000 ) ;
#1756 = ORIENTED_EDGE ( 'NONE', *, *, #6214, .F. ) ;
#1757 = CARTESIAN_POINT ( 'NONE',  ( 6.560660171779821859, -5.500000000000003553, 500.0000000000000000 ) ) ;
#1758 = ORIENTED_EDGE ( 'NONE', *, *, #3354, .T. ) ;
#1759 = CARTESIAN_POINT ( 'NONE',  ( -2.646446609406725159, -16.29289321881345742, 500.0000000000000000 ) ) ;
#1760 = ORIENTED_EDGE ( 'NONE', *, *, #5348, .F. ) ;
#1761 = DIRECTION ( 'NONE',  ( 0.000000000000000000, -1.000000000000000000, 0.000000000000000000 ) ) ;
#1762 = EDGE_CURVE ( 'NONE', #5319, #1489, #3218, .T. ) ;
#1763 = DIRECTION ( 'NONE',  ( 7.228014483236698528E-16, 1.000000000000000000, 0.000000000000000000 ) ) ;
#1764 = ORIENTED_EDGE ( 'NONE', *, *, #1048, .T. ) ;
#1765 = DIRECTION ( 'NONE',  ( 0.7071067811865479058, 0.7071067811865472397, 0.000000000000000000 ) ) ;
#1766 = ORIENTED_EDGE ( 'NONE', *, *, #3283, .T. ) ;
#1767 = CARTESIAN_POINT ( 'NONE',  ( 2.100000000000000977, 1.124537565809347595E-15, 500.0000000000000000 ) ) ;
#1768 = ORIENTED_EDGE ( 'NONE', *, *, #4245, .T. ) ;
#1769 = CARTESIAN_POINT ( 'NONE',  ( 6.664213562373094923, -5.500000000000003553, 500.0000000000000000 ) ) ;
#1770 = DIRECTION ( 'NONE',  ( 0.000000000000000000, -1.000000000000000000, 0.000000000000000000 ) ) ;
#1771 = CARTESIAN_POINT ( 'NONE',  ( 8.673617379884035472E-16, 8.673617379884035472E-16, 500.0000000000000000 ) ) ;
#1772 = EDGE_CURVE ( 'NONE', #4935, #5985, #1677, .T. ) ;
#1773 = VECTOR ( 'NONE', #3730, 1000.000000000000000 ) ;
#1774 = ORIENTED_EDGE ( 'NONE', *, *, #3029, .F. ) ;
#1775 = VECTOR ( 'NONE', #1315, 1000.000000000000000 ) ;
#1776 = CARTESIAN_POINT ( 'NONE',  ( -4.774634322814361731, -29.92677669529664186, 500.0000000000000000 ) ) ;
#1777 = DIRECTION ( 'NONE',  ( 1.000000000000000000, -0.000000000000000000, -0.000000000000000000 ) ) ;
#1778 = DIRECTION ( 'NONE',  ( -0.8317552719714336185, 0.5551424749987398100, 0.000000000000000000 ) ) ;
#1779 = VECTOR ( 'NONE', #5695, 1000.000000000000000 ) ;
#1780 = VECTOR ( 'NONE', #4868, 1000.000000000000000 ) ;
#1781 = CARTESIAN_POINT ( 'NONE',  ( 6.560660171779821859, -25.50000000000000355, 0.000000000000000000 ) ) ;
#1782 = ORIENTED_EDGE ( 'NONE', *, *, #57, .F. ) ;
#1783 = FACE_OUTER_BOUND ( 'NONE', #2510, .T. ) ;
#1784 = EDGE_CURVE ( 'NONE', #1700, #5459, #5689, .T. ) ;
#1785 = DIRECTION ( 'NONE',  ( -0.000000000000000000, -0.000000000000000000, 1.000000000000000000 ) ) ;
#1786 = CIRCLE ( 'NONE', #1168, 0.2500000000000002220 ) ;
#1787 = DIRECTION ( 'NONE',  ( 0.000000000000000000, 0.000000000000000000, -1.000000000000000000 ) ) ;
#1788 = CARTESIAN_POINT ( 'NONE',  ( 5.500000000000000000, 8.002142372482271782, 0.000000000000000000 ) ) ;
#1789 = VERTEX_POINT ( 'NONE', #2818 ) ;
#1790 = CARTESIAN_POINT ( 'NONE',  ( -4.951411018110999152, -30.00000000000000711, 0.000000000000000000 ) ) ;
#1791 = EDGE_CURVE ( 'NONE', #4189, #2312, #416, .T. ) ;
#1792 = EDGE_LOOP ( 'NONE', ( #1140, #748, #4781, #5317 ) ) ;
#1793 = DIRECTION ( 'NONE',  ( 1.000000000000000000, 0.000000000000000000, 0.000000000000000000 ) ) ;
#1794 = EDGE_LOOP ( 'NONE', ( #4778, #2167, #4320, #1933 ) ) ;
#1795 = DIRECTION ( 'NONE',  ( -0.000000000000000000, -0.000000000000000000, 1.000000000000000000 ) ) ;
#1796 = DIRECTION ( 'NONE',  ( -0.000000000000000000, -0.000000000000000000, 1.000000000000000000 ) ) ;
#1797 = VERTEX_POINT ( 'NONE', #3700 ) ;
#1798 = EDGE_CURVE ( 'NONE', #74, #5838, #5624, .T. ) ;
#1799 = CARTESIAN_POINT ( 'NONE',  ( -3.703553390593272265, 8.502142372482271782, 500.0000000000000000 ) ) ;
#1800 = ORIENTED_EDGE ( 'NONE', *, *, #2544, .F. ) ;
#1801 = FACE_OUTER_BOUND ( 'NONE', #3401, .T. ) ;
#1802 = VERTEX_POINT ( 'NONE', #1884 ) ;
#1803 = DIRECTION ( 'NONE',  ( -1.000000000000000000, 0.000000000000000000, 0.000000000000000000 ) ) ;
#1804 = PLANE ( 'NONE',  #4649 ) ;
#1805 = ADVANCED_FACE ( 'NONE', ( #4205 ), #6135, .F. ) ;
#1806 = VERTEX_POINT ( 'NONE', #1816 ) ;
#1807 = DIRECTION ( 'NONE',  ( 0.000000000000000000, 0.000000000000000000, -1.000000000000000000 ) ) ;
#1808 = PLANE ( 'NONE',  #5950 ) ;
#1809 = LINE ( 'NONE', #4664, #2431 ) ;
#1810 = ORIENTED_EDGE ( 'NONE', *, *, #238, .T. ) ;
#1811 = CARTESIAN_POINT ( 'NONE',  ( -5.792893218813447653, -6.853553390593274841, 0.000000000000000000 ) ) ;
#1812 = EDGE_CURVE ( 'NONE', #377, #2996, #4090, .T. ) ;
#1813 = VERTEX_POINT ( 'NONE', #5785 ) ;
#1814 = CARTESIAN_POINT ( 'NONE',  ( 5.500000000000000000, -26.66421356237309581, 500.0000000000000000 ) ) ;
#1815 = DIRECTION ( 'NONE',  ( 0.000000000000000000, 0.000000000000000000, -1.000000000000000000 ) ) ;
#1816 = CARTESIAN_POINT ( 'NONE',  ( -5.426776695296637421, -26.48743686707645750, 0.000000000000000000 ) ) ;
#1817 = PLANE ( 'NONE',  #5261 ) ;
#1818 = ORIENTED_EDGE ( 'NONE', *, *, #4823, .T. ) ;
#1819 = DIRECTION ( 'NONE',  ( 1.000000000000000000, 0.000000000000000000, 0.000000000000000000 ) ) ;
#1820 = ORIENTED_EDGE ( 'NONE', *, *, #636, .T. ) ;
#1821 = LINE ( 'NONE', #4178, #4184 ) ;
#1822 = EDGE_LOOP ( 'NONE', ( #489, #1407, #4718, #3913 ) ) ;
#1823 = EDGE_CURVE ( 'NONE', #2168, #4319, #2007, .T. ) ;
#1824 = DIRECTION ( 'NONE',  ( 0.7071067811865484609, -0.7071067811865466846, 0.000000000000000000 ) ) ;
#1825 = CARTESIAN_POINT ( 'NONE',  ( 6.560660171779821859, 5.500000000000003553, 500.0000000000000000 ) ) ;
#1826 = EDGE_CURVE ( 'NONE', #2599, #4895, #5305, .T. ) ;
#1827 = ORIENTED_EDGE ( 'NONE', *, *, #4744, .F. ) ;
#1828 = CARTESIAN_POINT ( 'NONE',  ( 8.002142372482268229, -5.250000000000003553, 0.000000000000000000 ) ) ;
#1829 = AXIS2_PLACEMENT_3D ( 'NONE', #627, #1684, #5517 ) ;
#1830 = ORIENTED_EDGE ( 'NONE', *, *, #3031, .T. ) ;
#1831 = DIRECTION ( 'NONE',  ( -0.000000000000000000, -0.000000000000000000, 1.000000000000000000 ) ) ;
#1832 = ORIENTED_EDGE ( 'NONE', *, *, #746, .F. ) ;
#1833 = CARTESIAN_POINT ( 'NONE',  ( 3.560660171779816086, -17.49999999999999645, 0.000000000000000000 ) ) ;
#1834 = SURFACE_STYLE_USAGE ( .BOTH. , #6152 ) ;
#1835 = VERTEX_POINT ( 'NONE', #451 ) ;
#1836 = AXIS2_PLACEMENT_3D ( 'NONE', #3741, #1796, #3840 ) ;
#1837 = LINE ( 'NONE', #785, #4000 ) ;
#1838 = CARTESIAN_POINT ( 'NONE',  ( 4.951411018110999152, 9.750000000000001776, 0.000000000000000000 ) ) ;
#1839 = LINE ( 'NONE', #5171, #2338 ) ;
#1840 = EDGE_CURVE ( 'NONE', #275, #392, #5332, .T. ) ;
#1841 = AXIS2_PLACEMENT_3D ( 'NONE', #5915, #1148, #4404 ) ;
#1842 = VECTOR ( 'NONE', #4780, 1000.000000000000000 ) ;
#1843 = VECTOR ( 'NONE', #83, 1000.000000000000000 ) ;
#1844 = LINE ( 'NONE', #921, #623 ) ;
#1845 = ORIENTED_EDGE ( 'NONE', *, *, #1586, .F. ) ;
#1846 = AXIS2_PLACEMENT_3D ( 'NONE', #479, #1360, #1911 ) ;
#1847 = AXIS2_PLACEMENT_3D ( 'NONE', #5690, #418, #3732 ) ;
#1848 = CARTESIAN_POINT ( 'NONE',  ( 3.703553390593272265, -28.50214237248227533, 500.0000000000000000 ) ) ;
#1849 = CARTESIAN_POINT ( 'NONE',  ( 2.499999999999999556, -23.56066017177981919, 0.000000000000000000 ) ) ;
#1850 = LINE ( 'NONE', #3666, #3988 ) ;
#1851 = DIRECTION ( 'NONE',  ( -0.000000000000000000, -0.000000000000000000, 1.000000000000000000 ) ) ;
#1852 = EDGE_CURVE ( 'NONE', #1567, #2026, #2969, .T. ) ;
#1853 = AXIS2_PLACEMENT_3D ( 'NONE', #4075, #1078, #5490 ) ;
#1854 = AXIS2_PLACEMENT_3D ( 'NONE', #5192, #5637, #5704 ) ;
#1855 = ORIENTED_EDGE ( 'NONE', *, *, #1155, .F. ) ;
#1856 = CARTESIAN_POINT ( 'NONE',  ( -10.00000000000000711, -15.04858898188899907, 500.0000000000000000 ) ) ;
#1857 = ORIENTED_EDGE ( 'NONE', *, *, #5648, .F. ) ;
#1858 = CARTESIAN_POINT ( 'NONE',  ( -3.560660171779816086, -2.500000000000000444, 500.0000000000000000 ) ) ;
#1859 = ORIENTED_EDGE ( 'NONE', *, *, #3919, .T. ) ;
#1860 = FACE_OUTER_BOUND ( 'NONE', #1930, .T. ) ;
#1861 = CIRCLE ( 'NONE', #2648, 2.100000000000000089 ) ;
#1862 = AXIS2_PLACEMENT_3D ( 'NONE', #2624, #4544, #237 ) ;
#1863 = CARTESIAN_POINT ( 'NONE',  ( 9.749999999999998224, -24.95141101811100270, 0.000000000000000000 ) ) ;
#1864 = VECTOR ( 'NONE', #191, 1000.000000000000000 ) ;
#1865 = VERTEX_POINT ( 'NONE', #3891 ) ;
#1866 = CARTESIAN_POINT ( 'NONE',  ( -3.703553390593272265, 8.252142372482271782, 500.0000000000000000 ) ) ;
#1867 = EDGE_LOOP ( 'NONE', ( #5715, #2266, #1857, #5039 ) ) ;
#1868 = DIRECTION ( 'NONE',  ( 0.000000000000000000, 0.000000000000000000, 1.000000000000000000 ) ) ;
#1869 = ORIENTED_EDGE ( 'NONE', *, *, #1319, .T. ) ;
#1870 = PLANE ( 'NONE',  #3981 ) ;
#1871 = ORIENTED_EDGE ( 'NONE', *, *, #5697, .T. ) ;
#1872 = DIRECTION ( 'NONE',  ( -1.000000000000000000, 1.387778780781444413E-14, 0.000000000000000000 ) ) ;
#1873 = EDGE_CURVE ( 'NONE', #2567, #217, #991, .T. ) ;
#1874 = EDGE_LOOP ( 'NONE', ( #846, #5469, #6159, #2004 ) ) ;
#1875 = ADVANCED_FACE ( 'NONE', ( #957 ), #2882, .T. ) ;
#1876 = FACE_OUTER_BOUND ( 'NONE', #178, .T. ) ;
#1877 = CARTESIAN_POINT ( 'NONE',  ( 5.500000000000000000, -26.56066017177982275, 500.0000000000000000 ) ) ;
#1878 = VECTOR ( 'NONE', #2470, 1000.000000000000000 ) ;
#1879 = EDGE_CURVE ( 'NONE', #2373, #2896, #4298, .T. ) ;
#1880 = DIRECTION ( 'NONE',  ( 0.000000000000000000, 0.000000000000000000, -1.000000000000000000 ) ) ;
#1881 = ORIENTED_EDGE ( 'NONE', *, *, #1798, .T. ) ;
#1882 = DIRECTION ( 'NONE',  ( 0.000000000000000000, 0.000000000000000000, -1.000000000000000000 ) ) ;
#1883 = PLANE ( 'NONE',  #4081 ) ;
#1884 = CARTESIAN_POINT ( 'NONE',  ( 3.560660171779815197, 0.2422809267016573509, 0.000000000000000000 ) ) ;
#1885 = CARTESIAN_POINT ( 'NONE',  ( -3.810660171779816530, -2.396446609406726935, 500.0000000000000000 ) ) ;
#1886 = VECTOR ( 'NONE', #2488, 1000.000000000000000 ) ;
#1887 = CARTESIAN_POINT ( 'NONE',  ( 7.752142372482267341, -12.99999999999999822, 500.0000000000000000 ) ) ;
#1888 = ORIENTED_EDGE ( 'NONE', *, *, #4598, .T. ) ;
#1889 = DIRECTION ( 'NONE',  ( -1.000000000000000000, -5.127820663014968840E-16, 0.000000000000000000 ) ) ;
#1890 = VECTOR ( 'NONE', #5878, 1000.000000000000000 ) ;
#1891 = ORIENTED_EDGE ( 'NONE', *, *, #788, .F. ) ;
#1892 = VECTOR ( 'NONE', #5022, 1000.000000000000000 ) ;
#1893 = DIRECTION ( 'NONE',  ( -0.000000000000000000, -0.000000000000000000, 1.000000000000000000 ) ) ;
#1894 = ORIENTED_EDGE ( 'NONE', *, *, #865, .F. ) ;
#1895 = ADVANCED_FACE ( 'NONE', ( #5842 ), #2383, .T. ) ;
#1896 = FACE_OUTER_BOUND ( 'NONE', #1131, .T. ) ;
#1897 = DIRECTION ( 'NONE',  ( -1.000000000000000000, 0.000000000000000000, 0.000000000000000000 ) ) ;
#1898 = VECTOR ( 'NONE', #106, 1000.000000000000000 ) ;
#1899 = ORIENTED_EDGE ( 'NONE', *, *, #4880, .F. ) ;
#1900 = PLANE ( 'NONE',  #50 ) ;
#1901 = ORIENTED_EDGE ( 'NONE', *, *, #5322, .F. ) ;
#1902 = FACE_OUTER_BOUND ( 'NONE', #1353, .T. ) ;
#1903 = VERTEX_POINT ( 'NONE', #511 ) ;
#1904 = EDGE_CURVE ( 'NONE', #2268, #1059, #2940, .T. ) ;
#1905 = DIRECTION ( 'NONE',  ( 1.000000000000000000, 0.000000000000000000, -0.000000000000000000 ) ) ;
#1906 = ORIENTED_EDGE ( 'NONE', *, *, #473, .F. ) ;
#1907 = EDGE_CURVE ( 'NONE', #2404, #3544, #4860, .T. ) ;
#1908 = DIRECTION ( 'NONE',  ( -1.000000000000000000, 0.000000000000000000, 0.000000000000000000 ) ) ;
#1909 =( LENGTH_UNIT ( ) NAMED_UNIT ( * ) SI_UNIT ( .MILLI., .METRE. ) );
#1910 = ORIENTED_EDGE ( 'NONE', *, *, #3926, .F. ) ;
#1911 = DIRECTION ( 'NONE',  ( 7.228014483236698528E-16, -1.000000000000000000, 0.000000000000000000 ) ) ;
#1912 = PRODUCT_CONTEXT ( 'NONE', #2076, 'mechanical' ) ;
#1913 = CARTESIAN_POINT ( 'NONE',  ( 8.502142372482266452, -16.29644660940672196, 500.0000000000000000 ) ) ;
#1914 = ADVANCED_FACE ( 'NONE', ( #1492 ), #56, .F. ) ;
#1915 = EDGE_CURVE ( 'NONE', #3983, #2312, #3240, .T. ) ;
#1916 = CARTESIAN_POINT ( 'NONE',  ( -10.00000000000000711, -4.951411018111010698, 500.0000000000000000 ) ) ;
#1917 = ORIENTED_EDGE ( 'NONE', *, *, #3425, .T. ) ;
#1918 = CARTESIAN_POINT ( 'NONE',  ( 2.100000000000000977, 1.124537565809347595E-15, 0.000000000000000000 ) ) ;
#1919 = PLANE ( 'NONE',  #2671 ) ;
#1920 = DIRECTION ( 'NONE',  ( -0.000000000000000000, -0.000000000000000000, -1.000000000000000000 ) ) ;
#1921 = EDGE_CURVE ( 'NONE', #3231, #3930, #4886, .T. ) ;
#1922 = FACE_OUTER_BOUND ( 'NONE', #6016, .T. ) ;
#1923 = VERTEX_POINT ( 'NONE', #4420 ) ;
#1924 = CARTESIAN_POINT ( 'NONE',  ( -8.252142372482266452, -3.703553390593276706, 500.0000000000000000 ) ) ;
#1925 = ADVANCED_FACE ( 'NONE', ( #108 ), #925, .F. ) ;
#1926 = VERTEX_POINT ( 'NONE', #5902 ) ;
#1927 = LINE ( 'NONE', #1957, #2390 ) ;
#1928 = CARTESIAN_POINT ( 'NONE',  ( 8.673617379884035472E-16, 8.673617379884035472E-16, 500.0000000000000000 ) ) ;
#1929 = EDGE_CURVE ( 'NONE', #648, #6154, #3142, .T. ) ;
#1930 = EDGE_LOOP ( 'NONE', ( #4415, #2625, #5925, #2300 ) ) ;
#1931 = CARTESIAN_POINT ( 'NONE',  ( -9.926776695296643638, -4.774634322814374165, 500.0000000000000000 ) ) ;
#1932 = ORIENTED_EDGE ( 'NONE', *, *, #1372, .F. ) ;
#1933 = ORIENTED_EDGE ( 'NONE', *, *, #5281, .T. ) ;
#1934 = DIRECTION ( 'NONE',  ( -1.000000000000000000, 1.387778780781444413E-14, 0.000000000000000000 ) ) ;
#1935 = EDGE_LOOP ( 'NONE', ( #1383, #2229, #2113, #5886 ) ) ;
#1936 = DIRECTION ( 'NONE',  ( 1.000000000000000000, 0.000000000000000000, 0.000000000000000000 ) ) ;
#1937 = CARTESIAN_POINT ( 'NONE',  ( 9.749999999999998224, -24.95141101811100270, 500.0000000000000000 ) ) ;
#1938 = AXIS2_PLACEMENT_3D ( 'NONE', #2187, #2243, #5615 ) ;
#1939 = EDGE_CURVE ( 'NONE', #4651, #2399, #5862, .T. ) ;
#1940 = ORIENTED_EDGE ( 'NONE', *, *, #6199, .F. ) ;
#1941 = LINE ( 'NONE', #4328, #1525 ) ;
#1942 = VECTOR ( 'NONE', #3827, 1000.000000000000000 ) ;
#1943 = CYLINDRICAL_SURFACE ( 'NONE', #1041, 0.2500000000000002220 ) ;
#1944 = ORIENTED_EDGE ( 'NONE', *, *, #5242, .F. ) ;
#1945 = LINE ( 'NONE', #3861, #77 ) ;
#1946 = PLANE ( 'NONE',  #2564 ) ;
#1947 = DIRECTION ( 'NONE',  ( 0.000000000000000000, 0.000000000000000000, -1.000000000000000000 ) ) ;
#1948 = ADVANCED_FACE ( 'NONE', ( #5421 ), #229, .F. ) ;
#1949 = CIRCLE ( 'NONE', #220, 0.2500000000000002220 ) ;
#1950 = AXIS2_PLACEMENT_3D ( 'NONE', #3310, #375, #2305 ) ;
#1951 = VECTOR ( 'NONE', #1851, 1000.000000000000000 ) ;
#1952 = CARTESIAN_POINT ( 'NONE',  ( 8.002142372482268229, -5.500000000000004441, 0.000000000000000000 ) ) ;
#1953 = ORIENTED_EDGE ( 'NONE', *, *, #376, .T. ) ;
#1954 = CARTESIAN_POINT ( 'NONE',  ( 3.453553390593271821, 8.502142372482271782, 0.000000000000000000 ) ) ;
#1955 = CARTESIAN_POINT ( 'NONE',  ( -8.678919067778902985, 3.526776695296639286, 0.000000000000000000 ) ) ;
#1956 = EDGE_CURVE ( 'NONE', #1172, #3930, #2523, .T. ) ;
#1957 = CARTESIAN_POINT ( 'NONE',  ( -8.252142372482268229, -25.50000000000000355, 0.000000000000000000 ) ) ;
#1958 = DIRECTION ( 'NONE',  ( 0.000000000000000000, 0.000000000000000000, -1.000000000000000000 ) ) ;
#1959 = VECTOR ( 'NONE', #2500, 1000.000000000000000 ) ;
#1960 = VECTOR ( 'NONE', #992, 1000.000000000000114 ) ;
#1961 = ORIENTED_EDGE ( 'NONE', *, *, #5325, .T. ) ;
#1962 = DIRECTION ( 'NONE',  ( -1.000000000000000000, 0.000000000000000000, 0.000000000000000000 ) ) ;
#1963 = ORIENTED_EDGE ( 'NONE', *, *, #2875, .T. ) ;
#1964 = CARTESIAN_POINT ( 'NONE',  ( -9.750000000000001776, 10.00000000000000355, 500.0000000000000000 ) ) ;
#1965 = ORIENTED_EDGE ( 'NONE', *, *, #5259, .F. ) ;
#1966 = AXIS2_PLACEMENT_3D ( 'NONE', #2936, #4768, #2432 ) ;
#1967 = CARTESIAN_POINT ( 'NONE',  ( -2.100000000000000533, -20.00000000000000000, 500.0000000000000000 ) ) ;
#1968 = EDGE_CURVE ( 'NONE', #6210, #4286, #34, .T. ) ;
#1969 = VECTOR ( 'NONE', #1446, 1000.000000000000000 ) ;
#1970 = ORIENTED_EDGE ( 'NONE', *, *, #2571, .T. ) ;
#1971 = CARTESIAN_POINT ( 'NONE',  ( 4.336808689942017736E-16, 3.398953432037304712, 0.000000000000000000 ) ) ;
#1972 = VERTEX_POINT ( 'NONE', #4041 ) ;
#1973 = ADVANCED_FACE ( 'NONE', ( #4074 ), #4917, .T. ) ;
#1974 = CARTESIAN_POINT ( 'NONE',  ( -6.664213562373094923, 5.500000000000003553, 0.000000000000000000 ) ) ;
#1975 = DIRECTION ( 'NONE',  ( 1.000000000000000000, 0.000000000000000000, 0.000000000000000000 ) ) ;
#1976 = ORIENTED_EDGE ( 'NONE', *, *, #2797, .T. ) ;
#1977 = DIRECTION ( 'NONE',  ( 0.000000000000000000, -0.000000000000000000, -1.000000000000000000 ) ) ;
#1978 = DIRECTION ( 'NONE',  ( 0.7071067811865419106, 0.7071067811865531239, 0.000000000000000000 ) ) ;
#1979 = CARTESIAN_POINT ( 'NONE',  ( 8.252142372482266452, 3.100000000000004530, 0.000000000000000000 ) ) ;
#1980 = CIRCLE ( 'NONE', #959, 0.2500000000000002220 ) ;
#1981 = ORIENTED_EDGE ( 'NONE', *, *, #5758, .T. ) ;
#1982 = DIRECTION ( 'NONE',  ( -1.000000000000000000, 0.000000000000000000, 0.000000000000000000 ) ) ;
#1983 = PLANE ( 'NONE',  #5271 ) ;
#1984 = DIRECTION ( 'NONE',  ( 7.228014483236698528E-16, 1.000000000000000000, 0.000000000000000000 ) ) ;
#1985 = DIRECTION ( 'NONE',  ( -1.000000000000000000, 0.000000000000000000, 0.000000000000000000 ) ) ;
#1986 = EDGE_CURVE ( 'NONE', #4078, #5538, #3124, .T. ) ;
#1987 = EDGE_CURVE ( 'NONE', #5729, #377, #3531, .T. ) ;
#1988 = EDGE_LOOP ( 'NONE', ( #1002, #5352, #5082, #911 ) ) ;
#1989 = VECTOR ( 'NONE', #2476, 1000.000000000000000 ) ;
#1990 = CYLINDRICAL_SURFACE ( 'NONE', #128, 0.2500000000000002220 ) ;
#1991 = AXIS2_PLACEMENT_3D ( 'NONE', #667, #2562, #4048 ) ;
#1992 = ORIENTED_EDGE ( 'NONE', *, *, #5455, .T. ) ;
#1993 = LINE ( 'NONE', #5316, #4459 ) ;
#1994 = ORIENTED_EDGE ( 'NONE', *, *, #3990, .T. ) ;
#1995 = LINE ( 'NONE', #5854, #4792 ) ;
#1996 = ORIENTED_EDGE ( 'NONE', *, *, #3052, .T. ) ;
#1997 = DIRECTION ( 'NONE',  ( 0.000000000000000000, 0.000000000000000000, 1.000000000000000000 ) ) ;
#1998 = AXIS2_PLACEMENT_3D ( 'NONE', #2469, #988, #509 ) ;
#1999 = EDGE_CURVE ( 'NONE', #4227, #6108, #1685, .T. ) ;
#2000 = ORIENTED_EDGE ( 'NONE', *, *, #5861, .F. ) ;
#2001 = CARTESIAN_POINT ( 'NONE',  ( -8.252142372482268229, -14.49999999999999467, 500.0000000000000000 ) ) ;
#2002 = ADVANCED_FACE ( 'NONE', ( #2060 ), #4446, .F. ) ;
#2003 = ORIENTED_EDGE ( 'NONE', *, *, #6012, .T. ) ;
#2004 = ORIENTED_EDGE ( 'NONE', *, *, #1048, .F. ) ;
#2005 = LINE ( 'NONE', #5302, #2686 ) ;
#2006 = FACE_OUTER_BOUND ( 'NONE', #5380, .T. ) ;
#2007 = LINE ( 'NONE', #2499, #1371 ) ;
#2008 = EDGE_CURVE ( 'NONE', #3737, #4346, #5933, .T. ) ;
#2009 = LINE ( 'NONE', #5816, #5969 ) ;
#2010 = ORIENTED_EDGE ( 'NONE', *, *, #619, .F. ) ;
#2011 = CARTESIAN_POINT ( 'NONE',  ( 9.999999999999998224, 4.847857627517729640, 500.0000000000000000 ) ) ;
#2012 = DIRECTION ( 'NONE',  ( -1.000000000000000000, 0.000000000000000000, 0.000000000000000000 ) ) ;
#2013 = CARTESIAN_POINT ( 'NONE',  ( 4.336808689942017736E-16, -3.398953432037304712, 0.000000000000000000 ) ) ;
#2014 = CARTESIAN_POINT ( 'NONE',  ( -2.099999999999999645, 8.673617379884035472E-16, 500.0000000000000000 ) ) ;
#2015 = EDGE_LOOP ( 'NONE', ( #1293, #5680, #4109, #3137 ) ) ;
#2016 = ORIENTED_EDGE ( 'NONE', *, *, #5793, .T. ) ;
#2017 = DIRECTION ( 'NONE',  ( -1.000000000000000000, 0.000000000000000000, 0.000000000000000000 ) ) ;
#2018 = EDGE_CURVE ( 'NONE', #426, #2373, #660, .T. ) ;
#2019 = ORIENTED_EDGE ( 'NONE', *, *, #5229, .F. ) ;
#2020 = CARTESIAN_POINT ( 'NONE',  ( -9.749999999999998224, 4.951411018111002704, 500.0000000000000000 ) ) ;
#2021 = ORIENTED_EDGE ( 'NONE', *, *, #4586, .F. ) ;
#2022 = CARTESIAN_POINT ( 'NONE',  ( 3.703553390593272265, 8.252142372482271782, 500.0000000000000000 ) ) ;
#2023 = EDGE_CURVE ( 'NONE', #2973, #4414, #520, .T. ) ;
#2024 = ORIENTED_EDGE ( 'NONE', *, *, #1620, .T. ) ;
#2025 = ORIENTED_EDGE ( 'NONE', *, *, #2366, .T. ) ;
#2026 = VERTEX_POINT ( 'NONE', #691 ) ;
#2027 = DIRECTION ( 'NONE',  ( 0.000000000000000000, 1.000000000000000000, 0.000000000000000000 ) ) ;
#2028 = EDGE_CURVE ( 'NONE', #1555, #5765, #4534, .T. ) ;
#2029 = DIRECTION ( 'NONE',  ( 0.000000000000000000, 0.000000000000000000, -1.000000000000000000 ) ) ;
#2030 = CARTESIAN_POINT ( 'NONE',  ( 9.749999999999998224, -4.951411018111002704, 500.0000000000000000 ) ) ;
#2031 = DIRECTION ( 'NONE',  ( 0.000000000000000000, 0.000000000000000000, -1.000000000000000000 ) ) ;
#2032 = CARTESIAN_POINT ( 'NONE',  ( 8.002142372482268229, -5.500000000000004441, 500.0000000000000000 ) ) ;
#2033 = ORIENTED_EDGE ( 'NONE', *, *, #4666, .T. ) ;
#2034 = LINE ( 'NONE', #3953, #1890 ) ;
#2035 = AXIS2_PLACEMENT_3D ( 'NONE', #6062, #3186, #4631 ) ;
#2036 = CARTESIAN_POINT ( 'NONE',  ( 3.810660171779816530, -22.39644660940672694, 0.000000000000000000 ) ) ;
#2037 = LINE ( 'NONE', #3838, #2280 ) ;
#2038 = DIRECTION ( 'NONE',  ( -1.000000000000000000, 0.000000000000000000, 0.000000000000000000 ) ) ;
#2039 = EDGE_CURVE ( 'NONE', #2946, #2601, #2942, .T. ) ;
#2040 = CIRCLE ( 'NONE', #1950, 0.2500000000000002220 ) ;
#2041 = AXIS2_PLACEMENT_3D ( 'NONE', #62, #2950, #551 ) ;
#2042 = ORIENTED_EDGE ( 'NONE', *, *, #355, .F. ) ;
#2043 = ORIENTED_EDGE ( 'NONE', *, *, #4910, .F. ) ;
#2044 = DIRECTION ( 'NONE',  ( 0.000000000000000000, 0.000000000000000000, -1.000000000000000000 ) ) ;
#2045 = ORIENTED_EDGE ( 'NONE', *, *, #6001, .T. ) ;
#2046 = LINE ( 'NONE', #2958, #5591 ) ;
#2047 = EDGE_LOOP ( 'NONE', ( #4530, #1881, #1899, #3024 ) ) ;
#2048 = DIRECTION ( 'NONE',  ( 0.8317552719714332854, 0.5551424749987402540, 0.000000000000000000 ) ) ;
#2049 = VECTOR ( 'NONE', #4424, 1000.000000000000000 ) ;
#2050 = CIRCLE ( 'NONE', #1847, 0.2500000000000002220 ) ;
#2051 = VECTOR ( 'NONE', #3661, 1000.000000000000000 ) ;
#2052 = CIRCLE ( 'NONE', #2456, 0.2500000000000002220 ) ;
#2053 = VERTEX_POINT ( 'NONE', #1612 ) ;
#2054 = EDGE_CURVE ( 'NONE', #2494, #243, #5450, .T. ) ;
#2055 = EDGE_CURVE ( 'NONE', #1926, #2306, #3978, .T. ) ;
#2056 = ORIENTED_EDGE ( 'NONE', *, *, #1683, .T. ) ;
#2057 = ORIENTED_EDGE ( 'NONE', *, *, #2871, .T. ) ;
#2058 = DIRECTION ( 'NONE',  ( -1.000000000000000000, 0.000000000000000000, 0.000000000000000000 ) ) ;
#2059 = DIRECTION ( 'NONE',  ( 3.469446951953614682E-16, -1.000000000000000000, 0.000000000000000000 ) ) ;
#2060 = FACE_OUTER_BOUND ( 'NONE', #4313, .T. ) ;
#2061 = CARTESIAN_POINT ( 'NONE',  ( 8.502142372482266452, 3.703553390593276706, 500.0000000000000000 ) ) ;
#2062 = EDGE_CURVE ( 'NONE', #4911, #5749, #3566, .T. ) ;
#2063 = DIRECTION ( 'NONE',  ( -0.5551424749987402540, 0.8317552719714332854, 0.000000000000000000 ) ) ;
#2064 = DIRECTION ( 'NONE',  ( -0.000000000000000000, -0.000000000000000000, 1.000000000000000000 ) ) ;
#2065 = ORIENTED_EDGE ( 'NONE', *, *, #4025, .F. ) ;
#2066 = CARTESIAN_POINT ( 'NONE',  ( -8.678919067778902985, -23.52677669529663973, 500.0000000000000000 ) ) ;
#2067 = CARTESIAN_POINT ( 'NONE',  ( 8.252142372482268229, 5.250000000000003553, 500.0000000000000000 ) ) ;
#2068 = DIRECTION ( 'NONE',  ( 1.000000000000000000, -1.387778780781445873E-15, -0.000000000000000000 ) ) ;
#2069 = CARTESIAN_POINT ( 'NONE',  ( 3.560660171779816086, -2.500000000000000444, 500.0000000000000000 ) ) ;
#2070 = VERTEX_POINT ( 'NONE', #2685 ) ;
#2071 = CARTESIAN_POINT ( 'NONE',  ( 7.752142372482267341, -12.99999999999999822, 0.000000000000000000 ) ) ;
#2072 = ORIENTED_EDGE ( 'NONE', *, *, #811, .F. ) ;
#2073 = AXIS2_PLACEMENT_3D ( 'NONE', #642, #4463, #5434 ) ;
#2074 = ORIENTED_EDGE ( 'NONE', *, *, #4302, .T. ) ;
#2075 = DIRECTION ( 'NONE',  ( -0.000000000000000000, -0.000000000000000000, 1.000000000000000000 ) ) ;
#2076 = APPLICATION_CONTEXT ( 'automotive_design' ) ;
#2077 = ORIENTED_EDGE ( 'NONE', *, *, #5139, .T. ) ;
#2078 = LINE ( 'NONE', #3998, #789 ) ;
#2079 = DIRECTION ( 'NONE',  ( -0.000000000000000000, -0.000000000000000000, 1.000000000000000000 ) ) ;
#2080 = CIRCLE ( 'NONE', #655, 0.2500000000000002220 ) ;
#2081 = EDGE_LOOP ( 'NONE', ( #5936, #5383, #5216, #1113 ) ) ;
#2082 = EDGE_CURVE ( 'NONE', #3814, #2986, #4850, .T. ) ;
#2083 = ORIENTED_EDGE ( 'NONE', *, *, #1575, .F. ) ;
#2084 = CARTESIAN_POINT ( 'NONE',  ( -5.500000000000000000, 6.560660171779825411, 500.0000000000000000 ) ) ;
#2085 = VECTOR ( 'NONE', #4899, 1000.000000000000000 ) ;
#2086 = VECTOR ( 'NONE', #4600, 1000.000000000000000 ) ;
#2087 = ORIENTED_EDGE ( 'NONE', *, *, #5481, .F. ) ;
#2088 = ADVANCED_FACE ( 'NONE', ( #2309 ), #6156, .F. ) ;
#2089 = ORIENTED_EDGE ( 'NONE', *, *, #5620, .F. ) ;
#2090 = LINE ( 'NONE', #4972, #5908 ) ;
#2091 = CARTESIAN_POINT ( 'NONE',  ( 6.146446609406724271, -6.500000000000002665, 500.0000000000000000 ) ) ;
#2092 = DIRECTION ( 'NONE',  ( -6.733988894569410132E-16, 1.000000000000000000, -0.000000000000000000 ) ) ;
#2093 = ADVANCED_FACE ( 'NONE', ( #5547 ), #5106, .F. ) ;
#2094 = CYLINDRICAL_SURFACE ( 'NONE', #829, 0.5000000000000004441 ) ;
#2095 = ORIENTED_EDGE ( 'NONE', *, *, #3125, .T. ) ;
#2096 = DIRECTION ( 'NONE',  ( 0.8317552719714342846, -0.5551424749987389218, 0.000000000000000000 ) ) ;
#2097 = CARTESIAN_POINT ( 'NONE',  ( -7.752142372482267341, -7.000000000000002665, 0.000000000000000000 ) ) ;
#2098 = DIRECTION ( 'NONE',  ( 0.000000000000000000, 0.000000000000000000, -1.000000000000000000 ) ) ;
#2099 = CARTESIAN_POINT ( 'NONE',  ( 7.752142372482267341, -7.000000000000002665, 500.0000000000000000 ) ) ;
#2100 = ORIENTED_EDGE ( 'NONE', *, *, #2190, .T. ) ;
#2101 = DIRECTION ( 'NONE',  ( -0.000000000000000000, -0.000000000000000000, 1.000000000000000000 ) ) ;
#2102 = ORIENTED_EDGE ( 'NONE', *, *, #4323, .F. ) ;
#2103 = EDGE_CURVE ( 'NONE', #808, #5859, #2636, .T. ) ;
#2104 = CARTESIAN_POINT ( 'NONE',  ( 5.500000000000000000, -26.66421356237309581, 0.000000000000000000 ) ) ;
#2105 = ORIENTED_EDGE ( 'NONE', *, *, #4478, .F. ) ;
#2106 = CARTESIAN_POINT ( 'NONE',  ( -5.500000000000000000, -28.25214237248227533, 500.0000000000000000 ) ) ;
#2107 = ORIENTED_EDGE ( 'NONE', *, *, #4611, .T. ) ;
#2108 = DIRECTION ( 'NONE',  ( -1.000000000000000000, 1.025564132602993768E-15, 0.000000000000000000 ) ) ;
#2109 = ADVANCED_FACE ( 'NONE', ( #3156 ), #787, .F. ) ;
#2110 = LINE ( 'NONE', #3140, #3035 ) ;
#2111 = ORIENTED_EDGE ( 'NONE', *, *, #79, .F. ) ;
#2112 = CARTESIAN_POINT ( 'NONE',  ( 8.252142372482268229, 5.500000000000004441, 500.0000000000000000 ) ) ;
#2113 = ORIENTED_EDGE ( 'NONE', *, *, #6095, .F. ) ;
#2114 = DIRECTION ( 'NONE',  ( -0.7071067811865491270, 0.7071067811865459074, -0.000000000000000000 ) ) ;
#2115 = EDGE_CURVE ( 'NONE', #1088, #6183, #380, .T. ) ;
#2116 = EDGE_CURVE ( 'NONE', #1088, #5837, #4266, .T. ) ;
#2117 = VERTEX_POINT ( 'NONE', #6128 ) ;
#2118 = ORIENTED_EDGE ( 'NONE', *, *, #5512, .T. ) ;
#2119 = CARTESIAN_POINT ( 'NONE',  ( 8.502142372482266452, 3.703553390593276706, 0.000000000000000000 ) ) ;
#2120 = CARTESIAN_POINT ( 'NONE',  ( -3.398953432037304712, -19.99999999999999645, 0.000000000000000000 ) ) ;
#2121 = DIRECTION ( 'NONE',  ( -1.000000000000000000, 0.000000000000000000, 0.000000000000000000 ) ) ;
#2122 = CARTESIAN_POINT ( 'NONE',  ( -3.100000000000000089, -28.25214237248227533, 500.0000000000000000 ) ) ;
#2123 = CARTESIAN_POINT ( 'NONE',  ( 3.398953432037304268, 0.000000000000000000, 0.000000000000000000 ) ) ;
#2124 = ORIENTED_EDGE ( 'NONE', *, *, #2211, .T. ) ;
#2125 = CARTESIAN_POINT ( 'NONE',  ( 3.560660171779816086, -2.500000000000000444, 500.0000000000000000 ) ) ;
#2126 = CARTESIAN_POINT ( 'NONE',  ( 3.560660171779816086, -17.49999999999999645, 500.0000000000000000 ) ) ;
#2127 = CARTESIAN_POINT ( 'NONE',  ( 8.252142372482268229, -12.99999999999999822, 500.0000000000000000 ) ) ;
#2128 = DIRECTION ( 'NONE',  ( 0.000000000000000000, 0.000000000000000000, -1.000000000000000000 ) ) ;
#2129 = VERTEX_POINT ( 'NONE', #6094 ) ;
#2130 = CARTESIAN_POINT ( 'NONE',  ( -8.002142372482268229, -5.250000000000003553, 0.000000000000000000 ) ) ;
#2131 = EDGE_LOOP ( 'NONE', ( #5852, #5335, #4396, #3868 ) ) ;
#2132 = VECTOR ( 'NONE', #4523, 1000.000000000000000 ) ;
#2133 = ADVANCED_FACE ( 'NONE', ( #5134 ), #4199, .T. ) ;
#2134 = ORIENTED_EDGE ( 'NONE', *, *, #3792, .T. ) ;
#2135 = DIRECTION ( 'NONE',  ( -0.5551424749987398100, -0.8317552719714336185, -0.000000000000000000 ) ) ;
#2136 = EDGE_LOOP ( 'NONE', ( #931, #1859, #1712, #1062 ) ) ;
#2137 = CARTESIAN_POINT ( 'NONE',  ( 3.810660171779816530, 2.396446609406726935, 500.0000000000000000 ) ) ;
#2138 = LINE ( 'NONE', #3172, #2132 ) ;
#2139 = CIRCLE ( 'NONE', #420, 0.2500000000000002220 ) ;
#2140 = VECTOR ( 'NONE', #4391, 1000.000000000000000 ) ;
#2141 = ORIENTED_EDGE ( 'NONE', *, *, #1694, .T. ) ;
#2142 = EDGE_CURVE ( 'NONE', #5387, #38, #5683, .T. ) ;
#2143 = FACE_OUTER_BOUND ( 'NONE', #5776, .T. ) ;
#2144 = VERTEX_POINT ( 'NONE', #2244 ) ;
#2145 = VECTOR ( 'NONE', #2271, 1000.000000000000000 ) ;
#2146 = VECTOR ( 'NONE', #4549, 1000.000000000000000 ) ;
#2147 = CARTESIAN_POINT ( 'NONE',  ( -7.752142372482267341, -12.99999999999999822, 500.0000000000000000 ) ) ;
#2148 = VECTOR ( 'NONE', #3825, 1000.000000000000000 ) ;
#2149 = ORIENTED_EDGE ( 'NONE', *, *, #5922, .F. ) ;
#2150 = ADVANCED_FACE ( 'NONE', ( #410 ), #6196, .F. ) ;
#2151 = ORIENTED_EDGE ( 'NONE', *, *, #777, .T. ) ;
#2152 = VECTOR ( 'NONE', #3119, 1000.000000000000000 ) ;
#2153 = CARTESIAN_POINT ( 'NONE',  ( -3.398953432037304712, -19.99999999999999645, 0.000000000000000000 ) ) ;
#2154 = VECTOR ( 'NONE', #2267, 1000.000000000000000 ) ;
#2155 = CARTESIAN_POINT ( 'NONE',  ( -5.426776695296636532, 6.487436867076461944, 500.0000000000000000 ) ) ;
#2156 = DIRECTION ( 'NONE',  ( 0.000000000000000000, 1.000000000000000000, 0.000000000000000000 ) ) ;
#2157 = VECTOR ( 'NONE', #2807, 1000.000000000000000 ) ;
#2158 = PLANE ( 'NONE',  #325 ) ;
#2159 = CARTESIAN_POINT ( 'NONE',  ( 4.847857627517726087, -30.00000000000000711, 500.0000000000000000 ) ) ;
#2160 = EDGE_CURVE ( 'NONE', #3420, #4023, #1809, .T. ) ;
#2161 = ORIENTED_EDGE ( 'NONE', *, *, #2473, .T. ) ;
#2162 = FACE_OUTER_BOUND ( 'NONE', #5532, .T. ) ;
#2163 = CARTESIAN_POINT ( 'NONE',  ( -6.487436867076456615, -25.42677669529663831, 0.000000000000000000 ) ) ;
#2164 = CARTESIAN_POINT ( 'NONE',  ( 9.999999999999998224, -4.847857627517729640, 0.000000000000000000 ) ) ;
#2165 = CYLINDRICAL_SURFACE ( 'NONE', #2534, 0.2500000000000002220 ) ;
#2166 = ORIENTED_EDGE ( 'NONE', *, *, #2571, .F. ) ;
#2167 = ORIENTED_EDGE ( 'NONE', *, *, #5071, .T. ) ;
#2168 = VERTEX_POINT ( 'NONE', #3626 ) ;
#2169 = CARTESIAN_POINT ( 'NONE',  ( -8.502142372482266452, -16.29644660940672551, 500.0000000000000000 ) ) ;
#2170 = ORIENTED_EDGE ( 'NONE', *, *, #3099, .F. ) ;
#2171 = EDGE_CURVE ( 'NONE', #4132, #2854, #1839, .T. ) ;
#2172 = CARTESIAN_POINT ( 'NONE',  ( -6.560660171779821859, -14.49999999999999645, 500.0000000000000000 ) ) ;
#2173 = DIRECTION ( 'NONE',  ( -0.000000000000000000, 1.000000000000000000, -0.000000000000000000 ) ) ;
#2174 = VECTOR ( 'NONE', #5871, 1000.000000000000000 ) ;
#2175 = ADVANCED_FACE ( 'NONE', ( #755 ), #290, .T. ) ;
#2176 = EDGE_LOOP ( 'NONE', ( #199, #5794, #3858, #2362 ) ) ;
#2177 = PLANE ( 'NONE',  #2750 ) ;
#2178 = VERTEX_POINT ( 'NONE', #4135 ) ;
#2179 = DIRECTION ( 'NONE',  ( -1.000000000000000000, 0.000000000000000000, 0.000000000000000000 ) ) ;
#2180 = CARTESIAN_POINT ( 'NONE',  ( 4.336808689942017736E-16, -23.39895343203730249, 0.000000000000000000 ) ) ;
#2181 = VECTOR ( 'NONE', #69, 1000.000000000000000 ) ;
#2182 = VECTOR ( 'NONE', #25, 1000.000000000000000 ) ;
#2183 = AXIS2_PLACEMENT_3D ( 'NONE', #2137, #4059, #1729 ) ;
#2184 = ORIENTED_EDGE ( 'NONE', *, *, #4785, .F. ) ;
#2185 = VERTEX_POINT ( 'NONE', #5581 ) ;
#2186 = DIRECTION ( 'NONE',  ( -1.000000000000000000, 0.000000000000000000, 0.000000000000000000 ) ) ;
#2188 = VECTOR ( 'NONE', #1785, 1000.000000000000000 ) ;
#2187 = CARTESIAN_POINT ( 'NONE',  ( -2.396446609406726047, 3.810660171779815641, 0.000000000000000000 ) ) ;
#2189 = DIRECTION ( 'NONE',  ( 1.000000000000000000, 0.000000000000000000, 0.000000000000000000 ) ) ;
#2190 = EDGE_CURVE ( 'NONE', #3842, #4066, #1322, .T. ) ;
#2191 = VECTOR ( 'NONE', #4332, 1000.000000000000000 ) ;
#2192 = DIRECTION ( 'NONE',  ( -0.000000000000000000, -0.000000000000000000, 1.000000000000000000 ) ) ;
#2193 = VERTEX_POINT ( 'NONE', #315 ) ;
#2194 = DIRECTION ( 'NONE',  ( 8.060449430099660112E-16, -1.000000000000000000, 0.000000000000000000 ) ) ;
#2195 = CARTESIAN_POINT ( 'NONE',  ( 8.252142372482266452, -23.10000000000000142, 500.0000000000000000 ) ) ;
#2196 = DIRECTION ( 'NONE',  ( -0.000000000000000000, -0.000000000000000000, 1.000000000000000000 ) ) ;
#2197 = CARTESIAN_POINT ( 'NONE',  ( 8.502142372482266452, -23.70355339059327449, 500.0000000000000000 ) ) ;
#2198 = EDGE_CURVE ( 'NONE', #4142, #5114, #4535, .T. ) ;
#2199 = ORIENTED_EDGE ( 'NONE', *, *, #5767, .F. ) ;
#2200 = ORIENTED_EDGE ( 'NONE', *, *, #3972, .F. ) ;
#2201 = CARTESIAN_POINT ( 'NONE',  ( -3.703553390593272265, 8.502142372482271782, 0.000000000000000000 ) ) ;
#2202 = ORIENTED_EDGE ( 'NONE', *, *, #1191, .F. ) ;
#2203 = PLANE ( 'NONE',  #765 ) ;
#2204 = DIRECTION ( 'NONE',  ( -1.000000000000000000, 0.000000000000000000, 0.000000000000000000 ) ) ;
#2205 = EDGE_CURVE ( 'NONE', #3170, #1555, #4143, .T. ) ;
#2206 = ORIENTED_EDGE ( 'NONE', *, *, #5152, .F. ) ;
#2207 = LINE ( 'NONE', #3177, #1542 ) ;
#2208 = ORIENTED_EDGE ( 'NONE', *, *, #1229, .F. ) ;
#2209 = DIRECTION ( 'NONE',  ( 0.000000000000000000, 0.000000000000000000, -1.000000000000000000 ) ) ;
#2210 = DIRECTION ( 'NONE',  ( -0.000000000000000000, -0.000000000000000000, 1.000000000000000000 ) ) ;
#2211 = EDGE_CURVE ( 'NONE', #2966, #3842, #645, .T. ) ;
#2212 = VERTEX_POINT ( 'NONE', #19 ) ;
#2213 = LINE ( 'NONE', #4197, #5304 ) ;
#2214 = LINE ( 'NONE', #2714, #5832 ) ;
#2215 = DIRECTION ( 'NONE',  ( -1.000000000000000000, 0.000000000000000000, 0.000000000000000000 ) ) ;
#2216 = EDGE_CURVE ( 'NONE', #2996, #3848, #1941, .T. ) ;
#2217 = PLANE ( 'NONE',  #1746 ) ;
#2218 = ORIENTED_EDGE ( 'NONE', *, *, #2439, .F. ) ;
#2219 = FACE_OUTER_BOUND ( 'NONE', #1874, .T. ) ;
#2220 = DIRECTION ( 'NONE',  ( 6.733988894569410132E-16, 1.000000000000000000, 0.000000000000000000 ) ) ;
#2221 = DIRECTION ( 'NONE',  ( 0.8317552719714353948, 0.5551424749987372564, 0.000000000000000000 ) ) ;
#2222 = DIRECTION ( 'NONE',  ( 0.000000000000000000, 0.000000000000000000, 1.000000000000000000 ) ) ;
#2223 = DIRECTION ( 'NONE',  ( -1.000000000000000000, 0.000000000000000000, 0.000000000000000000 ) ) ;
#2224 = CIRCLE ( 'NONE', #3023, 0.2500000000000002220 ) ;
#2225 = EDGE_LOOP ( 'NONE', ( #4898, #1597, #2166, #4499 ) ) ;
#2226 = CARTESIAN_POINT ( 'NONE',  ( -8.502142372482266452, 3.703553390593276706, 0.000000000000000000 ) ) ;
#2227 = ORIENTED_EDGE ( 'NONE', *, *, #1873, .T. ) ;
#2228 = CARTESIAN_POINT ( 'NONE',  ( 3.560660171779816086, 2.396446609406726491, 500.0000000000000000 ) ) ;
#2229 = ORIENTED_EDGE ( 'NONE', *, *, #3560, .T. ) ;
#2230 = ADVANCED_FACE ( 'NONE', ( #3911 ), #4355, .T. ) ;
#2231 = DIRECTION ( 'NONE',  ( 0.000000000000000000, 0.000000000000000000, -1.000000000000000000 ) ) ;
#2232 = CARTESIAN_POINT ( 'NONE',  ( -6.664213562373094035, -25.50000000000000355, 0.000000000000000000 ) ) ;
#2233 = VERTEX_POINT ( 'NONE', #2842 ) ;
#2234 = DIRECTION ( 'NONE',  ( -0.000000000000000000, -0.000000000000000000, 1.000000000000000000 ) ) ;
#2235 = ORIENTED_EDGE ( 'NONE', *, *, #5954, .F. ) ;
#2236 = CARTESIAN_POINT ( 'NONE',  ( 6.146446609406719830, -12.99999999999999822, 500.0000000000000000 ) ) ;
#2237 = AXIS2_PLACEMENT_3D ( 'NONE', #678, #3642, #4122 ) ;
#2238 =( GEOMETRIC_REPRESENTATION_CONTEXT ( 3 ) GLOBAL_UNCERTAINTY_ASSIGNED_CONTEXT ( ( #4419 ) ) GLOBAL_UNIT_ASSIGNED_CONTEXT ( ( #1909, #5772, #502 ) ) REPRESENTATION_CONTEXT ( 'NONE', 'WORKASPACE' ) );
#2239 = AXIS2_PLACEMENT_3D ( 'NONE', #5699, #3813, #2394 ) ;
#2240 = EDGE_CURVE ( 'NONE', #582, #2070, #1456, .T. ) ;
#2241 = ORIENTED_EDGE ( 'NONE', *, *, #1879, .T. ) ;
#2242 = LINE ( 'NONE', #259, #3181 ) ;
#2243 = DIRECTION ( 'NONE',  ( -0.000000000000000000, -0.000000000000000000, 1.000000000000000000 ) ) ;
#2244 = CARTESIAN_POINT ( 'NONE',  ( -2.396446609406725603, 3.560660171779815197, 0.000000000000000000 ) ) ;
#2245 = CIRCLE ( 'NONE', #5773, 0.2500000000000002220 ) ;
#2246 = CIRCLE ( 'NONE', #4450, 0.2500000000000002220 ) ;
#2247 = EDGE_CURVE ( 'NONE', #5782, #1445, #4385, .T. ) ;
#2248 = AXIS2_PLACEMENT_3D ( 'NONE', #4005, #5957, #3179 ) ;
#2249 = AXIS2_PLACEMENT_3D ( 'NONE', #647, #2580, #880 ) ;
#2250 = CARTESIAN_POINT ( 'NONE',  ( 8.502142372482266452, -23.70355339059327449, 0.000000000000000000 ) ) ;
#2251 = VERTEX_POINT ( 'NONE', #4299 ) ;
#2252 = DIRECTION ( 'NONE',  ( 0.000000000000000000, 0.000000000000000000, -1.000000000000000000 ) ) ;
#2253 = FACE_OUTER_BOUND ( 'NONE', #5888, .T. ) ;
#2254 = DIRECTION ( 'NONE',  ( -0.000000000000000000, -0.000000000000000000, 1.000000000000000000 ) ) ;
#2255 = CARTESIAN_POINT ( 'NONE',  ( 8.252142372482266452, -23.10000000000000142, 500.0000000000000000 ) ) ;
#2256 = LINE ( 'NONE', #3220, #4060 ) ;
#2257 = EDGE_CURVE ( 'NONE', #6180, #5765, #2430, .T. ) ;
#2258 = ORIENTED_EDGE ( 'NONE', *, *, #4152, .T. ) ;
#2259 = LINE ( 'NONE', #1757, #2542 ) ;
#2260 = VERTEX_POINT ( 'NONE', #4495 ) ;
#2261 = CYLINDRICAL_SURFACE ( 'NONE', #72, 0.2500000000000002220 ) ;
#2262 = EDGE_LOOP ( 'NONE', ( #5897, #6145, #1901, #833 ) ) ;
#2263 = DIRECTION ( 'NONE',  ( 0.000000000000000000, 0.000000000000000000, 1.000000000000000000 ) ) ;
#2264 = DIRECTION ( 'NONE',  ( -1.000000000000000000, 0.000000000000000000, 0.000000000000000000 ) ) ;
#2265 = EDGE_CURVE ( 'NONE', #1802, #5470, #1486, .T. ) ;
#2266 = ORIENTED_EDGE ( 'NONE', *, *, #5071, .F. ) ;
#2267 = DIRECTION ( 'NONE',  ( -0.7071067811865479058, -0.7071067811865472397, 0.000000000000000000 ) ) ;
#2268 = VERTEX_POINT ( 'NONE', #2576 ) ;
#2269 = LINE ( 'NONE', #5224, #1775 ) ;
#2270 = PLANE ( 'NONE',  #3194 ) ;
#2271 = DIRECTION ( 'NONE',  ( -1.000000000000000000, -0.000000000000000000, -0.000000000000000000 ) ) ;
#2272 = EDGE_CURVE ( 'NONE', #1185, #4991, #4851, .T. ) ;
#2273 = VECTOR ( 'NONE', #3162, 1000.000000000000000 ) ;
#2274 = ORIENTED_EDGE ( 'NONE', *, *, #978, .F. ) ;
#2275 = VECTOR ( 'NONE', #1831, 1000.000000000000000 ) ;
#2276 = PLANE ( 'NONE',  #982 ) ;
#2277 = DIRECTION ( 'NONE',  ( 0.000000000000000000, 0.000000000000000000, -1.000000000000000000 ) ) ;
#2278 = CARTESIAN_POINT ( 'NONE',  ( 4.774634322814361731, 9.926776695296638309, 500.0000000000000000 ) ) ;
#2279 = VECTOR ( 'NONE', #2974, 1000.000000000000000 ) ;
#2280 = VECTOR ( 'NONE', #3955, 1000.000000000000000 ) ;
#2281 = VERTEX_POINT ( 'NONE', #76 ) ;
#2282 = EDGE_CURVE ( 'NONE', #2493, #3195, #4762, .T. ) ;
#2283 = LINE ( 'NONE', #4167, #135 ) ;
#2284 = VERTEX_POINT ( 'NONE', #6231 ) ;
#2285 = CARTESIAN_POINT ( 'NONE',  ( 6.664213562373094035, -14.74999999999999822, 500.0000000000000000 ) ) ;
#2286 = PLANE ( 'NONE',  #1362 ) ;
#2287 = VECTOR ( 'NONE', #320, 1000.000000000000000 ) ;
#2288 = DIRECTION ( 'NONE',  ( 0.000000000000000000, 0.000000000000000000, -1.000000000000000000 ) ) ;
#2289 = CARTESIAN_POINT ( 'NONE',  ( 3.560660171779816086, -2.500000000000000444, 500.0000000000000000 ) ) ;
#2290 = VERTEX_POINT ( 'NONE', #48 ) ;
#2291 = DIRECTION ( 'NONE',  ( 0.000000000000000000, 0.000000000000000000, -1.000000000000000000 ) ) ;
#2292 = ORIENTED_EDGE ( 'NONE', *, *, #4226, .F. ) ;
#2293 = DIRECTION ( 'NONE',  ( 1.000000000000000000, 0.000000000000000000, 0.000000000000000000 ) ) ;
#2294 = ORIENTED_EDGE ( 'NONE', *, *, #599, .T. ) ;
#2295 = PLANE ( 'NONE',  #5603 ) ;
#2296 = CARTESIAN_POINT ( 'NONE',  ( -6.487436867076456615, -25.42677669529663831, 500.0000000000000000 ) ) ;
#2297 = ADVANCED_FACE ( 'NONE', ( #2933 ), #3342, .F. ) ;
#2298 = ORIENTED_EDGE ( 'NONE', *, *, #820, .T. ) ;
#2299 = DIRECTION ( 'NONE',  ( -0.000000000000000000, -0.000000000000000000, -1.000000000000000000 ) ) ;
#2300 = ORIENTED_EDGE ( 'NONE', *, *, #759, .T. ) ;
#2301 = DIRECTION ( 'NONE',  ( 0.000000000000000000, 0.000000000000000000, 1.000000000000000000 ) ) ;
#2302 = EDGE_CURVE ( 'NONE', #2810, #1598, #1625, .T. ) ;
#2303 = VERTEX_POINT ( 'NONE', #5356 ) ;
#2304 = DIRECTION ( 'NONE',  ( 0.000000000000000000, 0.000000000000000000, -1.000000000000000000 ) ) ;
#2305 = DIRECTION ( 'NONE',  ( -1.000000000000000000, 0.000000000000000000, 0.000000000000000000 ) ) ;
#2306 = VERTEX_POINT ( 'NONE', #1974 ) ;
#2307 = CARTESIAN_POINT ( 'NONE',  ( 10.00000000000000178, 9.750000000000003553, 500.0000000000000000 ) ) ;
#2308 = EDGE_CURVE ( 'NONE', #6130, #6220, #4641, .T. ) ;
#2309 = FACE_OUTER_BOUND ( 'NONE', #3851, .T. ) ;
#2310 = CIRCLE ( 'NONE', #685, 0.2500000000000002220 ) ;
#2311 = LINE ( 'NONE', #4108, #2051 ) ;
#2312 = VERTEX_POINT ( 'NONE', #4797 ) ;
#2313 = CARTESIAN_POINT ( 'NONE',  ( 6.560660171779821859, -14.49999999999999645, 0.000000000000000000 ) ) ;
#2314 = CARTESIAN_POINT ( 'NONE',  ( -3.526776695296635289, 8.678919067778908314, 0.000000000000000000 ) ) ;
#2315 = DIRECTION ( 'NONE',  ( 8.060449430099660112E-16, 1.000000000000000000, 0.000000000000000000 ) ) ;
#2316 = CARTESIAN_POINT ( 'NONE',  ( -9.999999999999998224, -4.951411018111010698, 500.0000000000000000 ) ) ;
#2317 = ORIENTED_EDGE ( 'NONE', *, *, #6028, .T. ) ;
#2318 = EDGE_CURVE ( 'NONE', #392, #2129, #480, .T. ) ;
#2319 = CARTESIAN_POINT ( 'NONE',  ( 0.000000000000000000, -20.00000000000000000, 500.0000000000000000 ) ) ;
#2320 = VERTEX_POINT ( 'NONE', #5297 ) ;
#2321 = CARTESIAN_POINT ( 'NONE',  ( -3.810660171779816530, -22.39644660940672694, 500.0000000000000000 ) ) ;
#2322 = VERTEX_POINT ( 'NONE', #2407 ) ;
#2323 = DIRECTION ( 'NONE',  ( 1.000000000000000000, 7.228014483236698528E-16, -0.000000000000000000 ) ) ;
#2324 = CARTESIAN_POINT ( 'NONE',  ( -3.633883476483180441, -17.42677669529663831, 500.0000000000000000 ) ) ;
#2325 = EDGE_CURVE ( 'NONE', #4902, #971, #984, .T. ) ;
#2326 = LINE ( 'NONE', #464, #5466 ) ;
#2327 = ORIENTED_EDGE ( 'NONE', *, *, #1600, .F. ) ;
#2328 = DIRECTION ( 'NONE',  ( 0.000000000000000000, 0.000000000000000000, -1.000000000000000000 ) ) ;
#2329 = VECTOR ( 'NONE', #690, 1000.000000000000114 ) ;
#2330 = EDGE_LOOP ( 'NONE', ( #3595, #3800, #3940, #3482 ) ) ;
#2331 = CARTESIAN_POINT ( 'NONE',  ( 2.100000000000000977, 1.124537565809347595E-15, 500.0000000000000000 ) ) ;
#2332 = VECTOR ( 'NONE', #97, 1000.000000000000000 ) ;
#2333 = ORIENTED_EDGE ( 'NONE', *, *, #5101, .F. ) ;
#2334 = FACE_OUTER_BOUND ( 'NONE', #1627, .T. ) ;
#2335 = CARTESIAN_POINT ( 'NONE',  ( 2.499999999999999556, -16.43933982822018436, 500.0000000000000000 ) ) ;
#2336 = ADVANCED_FACE ( 'NONE', ( #249 ), #2633, .F. ) ;
#2337 = ORIENTED_EDGE ( 'NONE', *, *, #774, .F. ) ;
#2338 = VECTOR ( 'NONE', #851, 1000.000000000000000 ) ;
#2339 = DIRECTION ( 'NONE',  ( 0.000000000000000000, 0.000000000000000000, -1.000000000000000000 ) ) ;
#2340 = VECTOR ( 'NONE', #1077, 1000.000000000000000 ) ;
#2341 = EDGE_CURVE ( 'NONE', #1124, #426, #4996, .T. ) ;
#2342 = CARTESIAN_POINT ( 'NONE',  ( -9.750000000000007105, -4.951411018111010698, 0.000000000000000000 ) ) ;
#2343 = VERTEX_POINT ( 'NONE', #4556 ) ;
#2344 = CIRCLE ( 'NONE', #936, 0.5000000000000004441 ) ;
#2345 = FACE_OUTER_BOUND ( 'NONE', #4137, .T. ) ;
#2346 = DIRECTION ( 'NONE',  ( 0.000000000000000000, -0.000000000000000000, -1.000000000000000000 ) ) ;
#2347 = DIRECTION ( 'NONE',  ( -0.000000000000000000, -0.000000000000000000, 1.000000000000000000 ) ) ;
#2348 = FACE_OUTER_BOUND ( 'NONE', #2586, .T. ) ;
#2349 = VECTOR ( 'NONE', #2192, 1000.000000000000000 ) ;
#2350 = VECTOR ( 'NONE', #806, 999.9999999999998863 ) ;
#2351 = EDGE_CURVE ( 'NONE', #5019, #5674, #1218, .T. ) ;
#2352 = ORIENTED_EDGE ( 'NONE', *, *, #2809, .T. ) ;
#2353 = DIRECTION ( 'NONE',  ( 0.000000000000000000, 0.000000000000000000, -1.000000000000000000 ) ) ;
#2354 = VERTEX_POINT ( 'NONE', #5023 ) ;
#2355 = LINE ( 'NONE', #772, #5092 ) ;
#2356 = VERTEX_POINT ( 'NONE', #2232 ) ;
#2357 = CYLINDRICAL_SURFACE ( 'NONE', #3182, 0.5000000000000004441 ) ;
#2358 = AXIS2_PLACEMENT_3D ( 'NONE', #912, #2301, #6089 ) ;
#2359 = AXIS2_PLACEMENT_3D ( 'NONE', #4400, #1958, #3989 ) ;
#2360 = DIRECTION ( 'NONE',  ( 0.000000000000000000, 0.000000000000000000, -1.000000000000000000 ) ) ;
#2361 = AXIS2_PLACEMENT_3D ( 'NONE', #3388, #1526, #577 ) ;
#2362 = ORIENTED_EDGE ( 'NONE', *, *, #1668, .F. ) ;
#2363 = PLANE ( 'NONE',  #4258 ) ;
#2364 = ORIENTED_EDGE ( 'NONE', *, *, #5322, .T. ) ;
#2365 = DIRECTION ( 'NONE',  ( 1.000000000000000000, -0.000000000000000000, -0.000000000000000000 ) ) ;
#2366 = EDGE_CURVE ( 'NONE', #5329, #1428, #2138, .T. ) ;
#2367 = ORIENTED_EDGE ( 'NONE', *, *, #1791, .F. ) ;
#2368 = DIRECTION ( 'NONE',  ( -1.000000000000000000, 0.000000000000000000, 0.000000000000000000 ) ) ;
#2369 = ORIENTED_EDGE ( 'NONE', *, *, #5874, .T. ) ;
#2370 = DIRECTION ( 'NONE',  ( -1.000000000000000000, 0.000000000000000000, 0.000000000000000000 ) ) ;
#2371 = PLANE ( 'NONE',  #318 ) ;
#2372 = EDGE_CURVE ( 'NONE', #2053, #1537, #5506, .T. ) ;
#2373 = VERTEX_POINT ( 'NONE', #707 ) ;
#2374 = CARTESIAN_POINT ( 'NONE',  ( -5.500000000000000000, -28.00214237248227533, 0.000000000000000000 ) ) ;
#2375 = DIRECTION ( 'NONE',  ( 7.228014483236698528E-16, -1.000000000000000000, 0.000000000000000000 ) ) ;
#2376 = VECTOR ( 'NONE', #1617, 1000.000000000000000 ) ;
#2377 = CIRCLE ( 'NONE', #2977, 0.5000000000000004441 ) ;
#2378 = FACE_OUTER_BOUND ( 'NONE', #704, .T. ) ;
#2379 = VERTEX_POINT ( 'NONE', #279 ) ;
#2380 = EDGE_CURVE ( 'NONE', #1704, #5670, #1184, .T. ) ;
#2381 = DIRECTION ( 'NONE',  ( 0.000000000000000000, 0.000000000000000000, 1.000000000000000000 ) ) ;
#2382 = DIRECTION ( 'NONE',  ( -1.000000000000000000, 0.000000000000000000, 0.000000000000000000 ) ) ;
#2383 = PLANE ( 'NONE',  #1263 ) ;
#2384 = AXIS2_PLACEMENT_3D ( 'NONE', #3738, #3169, #6172 ) ;
#2385 = VECTOR ( 'NONE', #697, 1000.000000000000000 ) ;
#2386 = FACE_OUTER_BOUND ( 'NONE', #6066, .T. ) ;
#2387 = CARTESIAN_POINT ( 'NONE',  ( -3.560660171779815197, -20.24228092670165680, 0.000000000000000000 ) ) ;
#2388 = AXIS2_PLACEMENT_3D ( 'NONE', #5789, #3810, #1406 ) ;
#2389 = ORIENTED_EDGE ( 'NONE', *, *, #160, .F. ) ;
#2390 = VECTOR ( 'NONE', #5847, 1000.000000000000000 ) ;
#2391 = LINE ( 'NONE', #3387, #4392 ) ;
#2392 = ORIENTED_EDGE ( 'NONE', *, *, #1968, .F. ) ;
#2393 = LINE ( 'NONE', #4314, #1377 ) ;
#2394 = DIRECTION ( 'NONE',  ( -1.000000000000000000, 0.000000000000000000, 0.000000000000000000 ) ) ;
#2395 = EDGE_CURVE ( 'NONE', #3737, #2251, #2110, .T. ) ;
#2396 = AXIS2_PLACEMENT_3D ( 'NONE', #1258, #5579, #5032 ) ;
#2397 = ORIENTED_EDGE ( 'NONE', *, *, #5298, .F. ) ;
#2398 = LINE ( 'NONE', #4839, #4268 ) ;
#2399 = VERTEX_POINT ( 'NONE', #4094 ) ;
#2400 = ORIENTED_EDGE ( 'NONE', *, *, #3167, .F. ) ;
#2401 = CARTESIAN_POINT ( 'NONE',  ( 5.500000000000000000, -26.56066017177982275, 0.000000000000000000 ) ) ;
#2402 = ORIENTED_EDGE ( 'NONE', *, *, #1675, .F. ) ;
#2403 = CARTESIAN_POINT ( 'NONE',  ( 8.673617379884035472E-16, 8.673617379884035472E-16, 500.0000000000000000 ) ) ;
#2404 = VERTEX_POINT ( 'NONE', #6084 ) ;
#2405 = EDGE_CURVE ( 'NONE', #183, #4103, #2935, .T. ) ;
#2406 = CARTESIAN_POINT ( 'NONE',  ( 5.249999999999999112, 8.252142372482271782, 0.000000000000000000 ) ) ;
#2407 = CARTESIAN_POINT ( 'NONE',  ( 9.926776695296641861, -15.22536567718562850, 0.000000000000000000 ) ) ;
#2408 = EDGE_CURVE ( 'NONE', #5282, #4103, #1730, .T. ) ;
#2409 = LINE ( 'NONE', #3403, #239 ) ;
#2410 = VERTEX_POINT ( 'NONE', #2702 ) ;
#2411 = CARTESIAN_POINT ( 'NONE',  ( 6.146446609406724271, -7.000000000000002665, 500.0000000000000000 ) ) ;
#2412 = CARTESIAN_POINT ( 'NONE',  ( -7.752142372482267341, -7.500000000000003553, 500.0000000000000000 ) ) ;
#2413 = CARTESIAN_POINT ( 'NONE',  ( 3.633883476483179997, -2.573223304703363912, 500.0000000000000000 ) ) ;
#2414 = ADVANCED_FACE ( 'NONE', ( #3114 ), #4061, .T. ) ;
#2415 = CARTESIAN_POINT ( 'NONE',  ( -8.678919067778901208, -16.47322330470336027, 0.000000000000000000 ) ) ;
#2416 = ORIENTED_EDGE ( 'NONE', *, *, #5107, .F. ) ;
#2417 = CARTESIAN_POINT ( 'NONE',  ( -3.560660171779816086, -2.500000000000000444, 500.0000000000000000 ) ) ;
#2418 = DIRECTION ( 'NONE',  ( -0.7071067811865465735, 0.7071067811865484609, 0.000000000000000000 ) ) ;
#2419 = CARTESIAN_POINT ( 'NONE',  ( -5.500000000000000000, -6.560660171779825411, 0.000000000000000000 ) ) ;
#2420 = CARTESIAN_POINT ( 'NONE',  ( 3.560660171779816086, 2.396446609406726491, 0.000000000000000000 ) ) ;
#2421 = ORIENTED_EDGE ( 'NONE', *, *, #1754, .T. ) ;
#2422 = DIRECTION ( 'NONE',  ( -1.000000000000000000, 0.000000000000000000, 0.000000000000000000 ) ) ;
#2423 = ORIENTED_EDGE ( 'NONE', *, *, #126, .F. ) ;
#2424 = EDGE_CURVE ( 'NONE', #4935, #844, #6048, .T. ) ;
#2425 = ORIENTED_EDGE ( 'NONE', *, *, #5165, .F. ) ;
#2426 = CARTESIAN_POINT ( 'NONE',  ( 4.336808689942017736E-16, -23.39895343203730249, 0.000000000000000000 ) ) ;
#2427 = VERTEX_POINT ( 'NONE', #3674 ) ;
#2428 = DIRECTION ( 'NONE',  ( 0.000000000000000000, 0.000000000000000000, 1.000000000000000000 ) ) ;
#2429 = VERTEX_POINT ( 'NONE', #3201 ) ;
#2430 = LINE ( 'NONE', #1395, #1942 ) ;
#2431 = VECTOR ( 'NONE', #3724, 1000.000000000000000 ) ;
#2432 = DIRECTION ( 'NONE',  ( -1.000000000000000000, 0.000000000000000000, 0.000000000000000000 ) ) ;
#2433 = EDGE_CURVE ( 'NONE', #3603, #879, #2670, .T. ) ;
#2434 = ORIENTED_EDGE ( 'NONE', *, *, #5229, .T. ) ;
#2435 = DIRECTION ( 'NONE',  ( -7.228014483236698528E-16, -1.000000000000000000, 0.000000000000000000 ) ) ;
#2436 = CYLINDRICAL_SURFACE ( 'NONE', #3376, 0.5000000000000000000 ) ;
#2437 = CARTESIAN_POINT ( 'NONE',  ( -4.951411018110999152, 10.00000000000000178, 500.0000000000000000 ) ) ;
#2438 = AXIS2_PLACEMENT_3D ( 'NONE', #1585, #2156, #5518 ) ;
#2439 = EDGE_CURVE ( 'NONE', #1598, #822, #4588, .T. ) ;
#2440 = AXIS2_PLACEMENT_3D ( 'NONE', #3196, #799, #2723 ) ;
#2441 = LINE ( 'NONE', #1049, #1960 ) ;
#2442 = ORIENTED_EDGE ( 'NONE', *, *, #612, .F. ) ;
#2443 = FACE_OUTER_BOUND ( 'NONE', #2758, .T. ) ;
#2444 = LINE ( 'NONE', #1467, #1755 ) ;
#2445 = CARTESIAN_POINT ( 'NONE',  ( 3.703553390593272265, 8.252142372482271782, 500.0000000000000000 ) ) ;
#2446 = EDGE_CURVE ( 'NONE', #1149, #6051, #1949, .T. ) ;
#2447 = CARTESIAN_POINT ( 'NONE',  ( 9.749999999999998224, 4.951411018111002704, 0.000000000000000000 ) ) ;
#2448 = VECTOR ( 'NONE', #3969, 1000.000000000000000 ) ;
#2449 = VERTEX_POINT ( 'NONE', #1211 ) ;
#2450 = CARTESIAN_POINT ( 'NONE',  ( -9.999999999999998224, -24.95141101811100270, 0.000000000000000000 ) ) ;
#2451 = ORIENTED_EDGE ( 'NONE', *, *, #4757, .T. ) ;
#2452 = FACE_OUTER_BOUND ( 'NONE', #881, .T. ) ;
#2453 = VERTEX_POINT ( 'NONE', #1631 ) ;
#2454 = VECTOR ( 'NONE', #3235, 1000.000000000000000 ) ;
#2455 = DIRECTION ( 'NONE',  ( -0.000000000000000000, -0.000000000000000000, 1.000000000000000000 ) ) ;
#2456 = AXIS2_PLACEMENT_3D ( 'NONE', #1828, #1386, #4219 ) ;
#2457 = ORIENTED_EDGE ( 'NONE', *, *, #4924, .F. ) ;
#2458 = CYLINDRICAL_SURFACE ( 'NONE', #1425, 0.2500000000000002220 ) ;
#2459 = EDGE_CURVE ( 'NONE', #1749, #866, #3427, .T. ) ;
#2460 = AXIS2_PLACEMENT_3D ( 'NONE', #3309, #2304, #5641 ) ;
#2461 = ORIENTED_EDGE ( 'NONE', *, *, #774, .T. ) ;
#2462 = CARTESIAN_POINT ( 'NONE',  ( -0.2422809267016586554, -23.56066017177981209, 0.000000000000000000 ) ) ;
#2463 = CARTESIAN_POINT ( 'NONE',  ( 0.000000000000000000, 0.000000000000000000, 0.000000000000000000 ) ) ;
#2464 = DIRECTION ( 'NONE',  ( -0.000000000000000000, -0.000000000000000000, 1.000000000000000000 ) ) ;
#2465 = EDGE_CURVE ( 'NONE', #2193, #1704, #3742, .T. ) ;
#2466 = ORIENTED_EDGE ( 'NONE', *, *, #5946, .F. ) ;
#2467 = CARTESIAN_POINT ( 'NONE',  ( -8.252142372482268229, -7.500000000000003553, 500.0000000000000000 ) ) ;
#2468 = ORIENTED_EDGE ( 'NONE', *, *, #2885, .T. ) ;
#2469 = CARTESIAN_POINT ( 'NONE',  ( 5.249999999999999112, -26.66421356237309581, 0.000000000000000000 ) ) ;
#2470 = DIRECTION ( 'NONE',  ( 0.7071067811865464625, 0.7071067811865486830, 0.000000000000000000 ) ) ;
#2471 = CARTESIAN_POINT ( 'NONE',  ( -9.749999999999998224, -24.95141101811100270, 500.0000000000000000 ) ) ;
#2472 = CIRCLE ( 'NONE', #4975, 0.2500000000000002220 ) ;
#2473 = EDGE_CURVE ( 'NONE', #6041, #4441, #5442, .T. ) ;
#2474 = CARTESIAN_POINT ( 'NONE',  ( 5.500000000000000000, -6.560660171779825411, 500.0000000000000000 ) ) ;
#2475 = VERTEX_POINT ( 'NONE', #6175 ) ;
#2476 = DIRECTION ( 'NONE',  ( -0.7071067811865464625, 0.7071067811865486830, 0.000000000000000000 ) ) ;
#2477 = CARTESIAN_POINT ( 'NONE',  ( 4.336808689942017736E-16, 3.398953432037304712, 0.000000000000000000 ) ) ;
#2478 = VECTOR ( 'NONE', #1663, 1000.000000000000000 ) ;
#2479 = LINE ( 'NONE', #4836, #1270 ) ;
#2480 = VECTOR ( 'NONE', #1269, 1000.000000000000000 ) ;
#2481 = CARTESIAN_POINT ( 'NONE',  ( 8.252142372482266452, -16.29644660940672196, 0.000000000000000000 ) ) ;
#2482 = EDGE_LOOP ( 'NONE', ( #5063, #841, #800, #4461 ) ) ;
#2483 = DIRECTION ( 'NONE',  ( 0.000000000000000000, 0.000000000000000000, -1.000000000000000000 ) ) ;
#2484 = VECTOR ( 'NONE', #6019, 1000.000000000000000 ) ;
#2485 = ORIENTED_EDGE ( 'NONE', *, *, #2790, .T. ) ;
#2486 = CARTESIAN_POINT ( 'NONE',  ( 8.002142372482268229, -14.49999999999999467, 500.0000000000000000 ) ) ;
#2487 = ORIENTED_EDGE ( 'NONE', *, *, #4603, .F. ) ;
#2488 = DIRECTION ( 'NONE',  ( 0.000000000000000000, -1.000000000000000000, 0.000000000000000000 ) ) ;
#2489 = VERTEX_POINT ( 'NONE', #2296 ) ;
#2490 = CYLINDRICAL_SURFACE ( 'NONE', #5582, 0.2500000000000002220 ) ;
#2491 = AXIS2_PLACEMENT_3D ( 'NONE', #893, #1750, #2816 ) ;
#2492 = EDGE_CURVE ( 'NONE', #3591, #162, #1020, .T. ) ;
#2493 = VERTEX_POINT ( 'NONE', #1410 ) ;
#2494 = VERTEX_POINT ( 'NONE', #1381 ) ;
#2495 = EDGE_CURVE ( 'NONE', #4599, #2613, #6063, .T. ) ;
#2496 = ORIENTED_EDGE ( 'NONE', *, *, #3031, .F. ) ;
#2497 = DIRECTION ( 'NONE',  ( 0.000000000000000000, 0.000000000000000000, -1.000000000000000000 ) ) ;
#2498 = CARTESIAN_POINT ( 'NONE',  ( -8.252142372482266452, -23.70355339059327449, 500.0000000000000000 ) ) ;
#2499 = CARTESIAN_POINT ( 'NONE',  ( -3.560660171779816086, -2.500000000000000444, 0.000000000000000000 ) ) ;
#2500 = DIRECTION ( 'NONE',  ( 0.000000000000000000, 0.000000000000000000, -1.000000000000000000 ) ) ;
#2501 = CARTESIAN_POINT ( 'NONE',  ( -6.487436867076458391, -5.426776695296639197, 500.0000000000000000 ) ) ;
#2502 = VERTEX_POINT ( 'NONE', #5219 ) ;
#2503 = LINE ( 'NONE', #113, #2577 ) ;
#2504 = ORIENTED_EDGE ( 'NONE', *, *, #391, .F. ) ;
#2505 = DIRECTION ( 'NONE',  ( -0.000000000000000000, -0.000000000000000000, 1.000000000000000000 ) ) ;
#2506 = CARTESIAN_POINT ( 'NONE',  ( -3.560660171779816086, -22.50000000000000000, 500.0000000000000000 ) ) ;
#2507 = AXIS2_PLACEMENT_3D ( 'NONE', #3691, #1225, #379 ) ;
#2508 = ORIENTED_EDGE ( 'NONE', *, *, #387, .F. ) ;
#2509 = FACE_OUTER_BOUND ( 'NONE', #5727, .T. ) ;
#2510 = EDGE_LOOP ( 'NONE', ( #2389, #3088, #5565, #2799 ) ) ;
#2511 = ORIENTED_EDGE ( 'NONE', *, *, #11, .F. ) ;
#2512 = CYLINDRICAL_SURFACE ( 'NONE', #2777, 0.2500000000000002220 ) ;
#2513 = VERTEX_POINT ( 'NONE', #429 ) ;
#2514 = CYLINDRICAL_SURFACE ( 'NONE', #1363, 0.2499999999999997780 ) ;
#2515 = ADVANCED_FACE ( 'NONE', ( #840 ), #5153, .F. ) ;
#2516 = ORIENTED_EDGE ( 'NONE', *, *, #1274, .T. ) ;
#2517 = EDGE_CURVE ( 'NONE', #6018, #4592, #4284, .T. ) ;
#2518 = ORIENTED_EDGE ( 'NONE', *, *, #3244, .F. ) ;
#2519 = EDGE_LOOP ( 'NONE', ( #2722, #3557, #2043, #3610 ) ) ;
#2520 = LINE ( 'NONE', #1075, #6014 ) ;
#2521 = VECTOR ( 'NONE', #3457, 1000.000000000000000 ) ;
#2522 = PLANE ( 'NONE',  #4528 ) ;
#2523 = LINE ( 'NONE', #3001, #2340 ) ;
#2524 = DIRECTION ( 'NONE',  ( -1.000000000000000000, 0.000000000000000000, 0.000000000000000000 ) ) ;
#2525 = ORIENTED_EDGE ( 'NONE', *, *, #2630, .F. ) ;
#2526 = CARTESIAN_POINT ( 'NONE',  ( -3.560660171779815197, -0.2422809267016573509, 0.000000000000000000 ) ) ;
#2527 = AXIS2_PLACEMENT_3D ( 'NONE', #4715, #2798, #2264 ) ;
#2528 = CARTESIAN_POINT ( 'NONE',  ( 4.336808689942017736E-16, -23.39895343203730249, 0.000000000000000000 ) ) ;
#2529 = PLANE ( 'NONE',  #2889 ) ;
#2530 = CARTESIAN_POINT ( 'NONE',  ( -3.398953432037304712, 0.000000000000000000, 500.0000000000000000 ) ) ;
#2531 = EDGE_CURVE ( 'NONE', #3195, #6180, #3154, .T. ) ;
#2532 = EDGE_CURVE ( 'NONE', #702, #5252, #3300, .T. ) ;
#2533 = AXIS2_PLACEMENT_3D ( 'NONE', #147, #3013, #3042 ) ;
#2534 = AXIS2_PLACEMENT_3D ( 'NONE', #3105, #5014, #1658 ) ;
#2535 = ORIENTED_EDGE ( 'NONE', *, *, #662, .F. ) ;
#2536 = ORIENTED_EDGE ( 'NONE', *, *, #2055, .T. ) ;
#2537 = EDGE_LOOP ( 'NONE', ( #2593, #1906, #2504, #2830 ) ) ;
#2538 = DIRECTION ( 'NONE',  ( 1.000000000000000000, -0.000000000000000000, -0.000000000000000000 ) ) ;
#2539 = EDGE_LOOP ( 'NONE', ( #1177, #1724, #1774, #5664 ) ) ;
#2540 = LINE ( 'NONE', #3880, #3575 ) ;
#2541 = AXIS2_PLACEMENT_3D ( 'NONE', #5137, #3602, #3214 ) ;
#2542 = VECTOR ( 'NONE', #6207, 1000.000000000000000 ) ;
#2543 = DIRECTION ( 'NONE',  ( 0.000000000000000000, 0.000000000000000000, -1.000000000000000000 ) ) ;
#2544 = EDGE_CURVE ( 'NONE', #3346, #5372, #1307, .T. ) ;
#2545 = VECTOR ( 'NONE', #3798, 1000.000000000000000 ) ;
#2546 = EDGE_LOOP ( 'NONE', ( #3783, #3054, #769, #105 ) ) ;
#2547 = AXIS2_PLACEMENT_3D ( 'NONE', #3487, #4874, #3394 ) ;
#2548 = ORIENTED_EDGE ( 'NONE', *, *, #2459, .F. ) ;
#2549 = EDGE_CURVE ( 'NONE', #5435, #2427, #5280, .T. ) ;
#2550 = VERTEX_POINT ( 'NONE', #396 ) ;
#2551 = ORIENTED_EDGE ( 'NONE', *, *, #4955, .F. ) ;
#2552 = CARTESIAN_POINT ( 'NONE',  ( -3.703553390593272265, -28.25214237248227533, 500.0000000000000000 ) ) ;
#2553 = CARTESIAN_POINT ( 'NONE',  ( 2.499999999999999556, -3.560660171779816974, 500.0000000000000000 ) ) ;
#2554 = DIRECTION ( 'NONE',  ( 0.000000000000000000, 0.000000000000000000, 1.000000000000000000 ) ) ;
#2555 = DIRECTION ( 'NONE',  ( 0.000000000000000000, 0.000000000000000000, 1.000000000000000000 ) ) ;
#2556 = DIRECTION ( 'NONE',  ( -1.000000000000000000, 0.000000000000000000, 0.000000000000000000 ) ) ;
#2557 = EDGE_CURVE ( 'NONE', #1150, #2475, #3229, .T. ) ;
#2558 = CARTESIAN_POINT ( 'NONE',  ( -5.500000000000000000, 8.252142372482271782, 500.0000000000000000 ) ) ;
#2559 = VERTEX_POINT ( 'NONE', #2324 ) ;
#2560 = CARTESIAN_POINT ( 'NONE',  ( -9.926776695296634756, 4.774634322814365284, 0.000000000000000000 ) ) ;
#2561 = DIRECTION ( 'NONE',  ( 0.000000000000000000, 0.000000000000000000, -1.000000000000000000 ) ) ;
#2562 = DIRECTION ( 'NONE',  ( 0.000000000000000000, 0.000000000000000000, -1.000000000000000000 ) ) ;
#2563 = DIRECTION ( 'NONE',  ( -1.000000000000000000, 0.000000000000000000, 0.000000000000000000 ) ) ;
#2564 = AXIS2_PLACEMENT_3D ( 'NONE', #2939, #3350, #3917 ) ;
#2565 = VERTEX_POINT ( 'NONE', #4182 ) ;
#2566 = FACE_OUTER_BOUND ( 'NONE', #5768, .T. ) ;
#2567 = VERTEX_POINT ( 'NONE', #1442 ) ;
#2568 = CARTESIAN_POINT ( 'NONE',  ( 3.526776695296635289, -28.67891906777891009, 500.0000000000000000 ) ) ;
#2569 = VECTOR ( 'NONE', #3207, 1000.000000000000000 ) ;
#2570 = ORIENTED_EDGE ( 'NONE', *, *, #4611, .F. ) ;
#2571 = EDGE_CURVE ( 'NONE', #2053, #3302, #2139, .T. ) ;
#2572 = DIRECTION ( 'NONE',  ( 0.000000000000000000, 0.000000000000000000, -1.000000000000000000 ) ) ;
#2573 = ORIENTED_EDGE ( 'NONE', *, *, #4422, .T. ) ;
#2574 = EDGE_CURVE ( 'NONE', #5985, #14, #6113, .T. ) ;
#2575 = CARTESIAN_POINT ( 'NONE',  ( 8.252142372482266452, -23.70355339059327449, 0.000000000000000000 ) ) ;
#2576 = CARTESIAN_POINT ( 'NONE',  ( 6.487436867076457503, -25.42677669529663831, 500.0000000000000000 ) ) ;
#2577 = VECTOR ( 'NONE', #4777, 1000.000000000000000 ) ;
#2578 = VECTOR ( 'NONE', #5462, 1000.000000000000000 ) ;
#2579 = ORIENTED_EDGE ( 'NONE', *, *, #4173, .T. ) ;
#2580 = DIRECTION ( 'NONE',  ( 1.000000000000000000, 7.228014483236698528E-16, -0.000000000000000000 ) ) ;
#2581 = ORIENTED_EDGE ( 'NONE', *, *, #1929, .T. ) ;
#2582 = DIRECTION ( 'NONE',  ( -0.000000000000000000, -0.000000000000000000, 1.000000000000000000 ) ) ;
#2583 = CIRCLE ( 'NONE', #4987, 0.2500000000000002220 ) ;
#2584 = LINE ( 'NONE', #4257, #2157 ) ;
#2585 = ADVANCED_FACE ( 'NONE', ( #3777 ), #2860, .F. ) ;
#2586 = EDGE_LOOP ( 'NONE', ( #3429, #4875, #404, #3816 ) ) ;
#2587 = ORIENTED_EDGE ( 'NONE', *, *, #6101, .F. ) ;
#2588 = DIRECTION ( 'NONE',  ( -1.000000000000000000, 0.000000000000000000, 0.000000000000000000 ) ) ;
#2589 = DIRECTION ( 'NONE',  ( 3.469446951953614682E-16, -1.000000000000000000, 0.000000000000000000 ) ) ;
#2590 = CARTESIAN_POINT ( 'NONE',  ( -3.526776695296635289, 8.678919067778908314, 500.0000000000000000 ) ) ;
#2591 = ADVANCED_FACE ( 'NONE', ( #461 ), #1347, .T. ) ;
#2592 = PLANE ( 'NONE',  #2746 ) ;
#2593 = ORIENTED_EDGE ( 'NONE', *, *, #2103, .F. ) ;
#2594 = CARTESIAN_POINT ( 'NONE',  ( -8.252142372482268229, -5.250000000000003553, 0.000000000000000000 ) ) ;
#2595 = CARTESIAN_POINT ( 'NONE',  ( 0.2422809267016595158, -16.43933982822018081, 0.000000000000000000 ) ) ;
#2596 = DIRECTION ( 'NONE',  ( 0.000000000000000000, -0.000000000000000000, -1.000000000000000000 ) ) ;
#2597 = DIRECTION ( 'NONE',  ( 0.7071067811865467956, -0.7071067811865483499, -0.000000000000000000 ) ) ;
#2598 = ADVANCED_FACE ( 'NONE', ( #4316 ), #7, .F. ) ;
#2599 = VERTEX_POINT ( 'NONE', #336 ) ;
#2600 = CARTESIAN_POINT ( 'NONE',  ( 4.847857627517726087, 10.00000000000000178, 500.0000000000000000 ) ) ;
#2601 = VERTEX_POINT ( 'NONE', #2481 ) ;
#2602 = ORIENTED_EDGE ( 'NONE', *, *, #6230, .F. ) ;
#2603 = CARTESIAN_POINT ( 'NONE',  ( 3.633883476483180441, -17.42677669529663476, 0.000000000000000000 ) ) ;
#2604 = ORIENTED_EDGE ( 'NONE', *, *, #3790, .F. ) ;
#2605 = CARTESIAN_POINT ( 'NONE',  ( -2.100000000000000533, -20.00000000000000000, 0.000000000000000000 ) ) ;
#2606 = DIRECTION ( 'NONE',  ( 0.000000000000000000, 0.000000000000000000, 1.000000000000000000 ) ) ;
#2607 = EDGE_CURVE ( 'NONE', #3716, #6117, #5792, .T. ) ;
#2608 = VERTEX_POINT ( 'NONE', #1559 ) ;
#2609 = DIRECTION ( 'NONE',  ( 0.000000000000000000, 0.000000000000000000, -1.000000000000000000 ) ) ;
#2610 = ORIENTED_EDGE ( 'NONE', *, *, #2465, .T. ) ;
#2611 = CARTESIAN_POINT ( 'NONE',  ( -2.646446609406726935, -16.29289321881345742, 0.000000000000000000 ) ) ;
#2612 = VERTEX_POINT ( 'NONE', #3925 ) ;
#2613 = VERTEX_POINT ( 'NONE', #2420 ) ;
#2614 = DIRECTION ( 'NONE',  ( -1.025564132602993768E-15, 1.000000000000000000, 0.000000000000000000 ) ) ;
#2615 = CYLINDRICAL_SURFACE ( 'NONE', #3126, 0.5000000000000004441 ) ;
#2616 = DIRECTION ( 'NONE',  ( -0.000000000000000000, -0.000000000000000000, 1.000000000000000000 ) ) ;
#2617 = ADVANCED_FACE ( 'NONE', ( #4870 ), #3413, .F. ) ;
#2618 = DIRECTION ( 'NONE',  ( 0.000000000000000000, 0.000000000000000000, -1.000000000000000000 ) ) ;
#2619 = ORIENTED_EDGE ( 'NONE', *, *, #558, .F. ) ;
#2620 = FACE_OUTER_BOUND ( 'NONE', #2539, .T. ) ;
#2621 = DIRECTION ( 'NONE',  ( -0.8317552719714353948, -0.5551424749987372564, 0.000000000000000000 ) ) ;
#2622 = ADVANCED_FACE ( 'NONE', ( #3481 ), #116, .T. ) ;
#2623 = LINE ( 'NONE', #5495, #2578 ) ;
#2624 = CARTESIAN_POINT ( 'NONE',  ( 5.249999999999999112, 8.002142372482271782, 500.0000000000000000 ) ) ;
#2625 = ORIENTED_EDGE ( 'NONE', *, *, #6046, .T. ) ;
#2626 = ORIENTED_EDGE ( 'NONE', *, *, #4166, .F. ) ;
#2627 = VECTOR ( 'NONE', #3314, 1000.000000000000000 ) ;
#2628 = VERTEX_POINT ( 'NONE', #1470 ) ;
#2629 = DIRECTION ( 'NONE',  ( 1.000000000000000000, 0.000000000000000000, 0.000000000000000000 ) ) ;
#2630 = EDGE_CURVE ( 'NONE', #4745, #1447, #3965, .T. ) ;
#2631 = ORIENTED_EDGE ( 'NONE', *, *, #2351, .F. ) ;
#2632 = CARTESIAN_POINT ( 'NONE',  ( 2.573223304703363024, -23.63388347648318444, 0.000000000000000000 ) ) ;
#2633 = CYLINDRICAL_SURFACE ( 'NONE', #5857, 0.2500000000000002220 ) ;
#2634 = AXIS2_PLACEMENT_3D ( 'NONE', #2600, #206, #5981 ) ;
#2635 = AXIS2_PLACEMENT_3D ( 'NONE', #1619, #1693, #3164 ) ;
#2636 = CIRCLE ( 'NONE', #4250, 0.2500000000000002220 ) ;
#2637 = ORIENTED_EDGE ( 'NONE', *, *, #4550, .T. ) ;
#2638 = CARTESIAN_POINT ( 'NONE',  ( 3.560660171779816086, 2.500000000000000444, 500.0000000000000000 ) ) ;
#2639 = ORIENTED_EDGE ( 'NONE', *, *, #929, .T. ) ;
#2640 = AXIS2_PLACEMENT_3D ( 'NONE', #5935, #5398, #1081 ) ;
#2641 = EDGE_CURVE ( 'NONE', #3563, #377, #3390, .T. ) ;
#2642 = VECTOR ( 'NONE', #5531, 1000.000000000000000 ) ;
#2643 = CARTESIAN_POINT ( 'NONE',  ( -5.500000000000000000, -28.00214237248227533, 0.000000000000000000 ) ) ;
#2644 = AXIS2_PLACEMENT_3D ( 'NONE', #2943, #2063, #3030 ) ;
#2645 = AXIS2_PLACEMENT_3D ( 'NONE', #4841, #1029, #3960 ) ;
#2646 = ORIENTED_EDGE ( 'NONE', *, *, #4646, .F. ) ;
#2647 = ORIENTED_EDGE ( 'NONE', *, *, #1039, .T. ) ;
#2648 = AXIS2_PLACEMENT_3D ( 'NONE', #4136, #4232, #6158 ) ;
#2649 = CYLINDRICAL_SURFACE ( 'NONE', #4798, 0.2500000000000002220 ) ;
#2650 = VECTOR ( 'NONE', #271, 1000.000000000000000 ) ;
#2651 = CARTESIAN_POINT ( 'NONE',  ( 4.336808689942017736E-16, -23.39895343203730249, 500.0000000000000000 ) ) ;
#2652 = EDGE_CURVE ( 'NONE', #5245, #2502, #5354, .T. ) ;
#2653 = DIRECTION ( 'NONE',  ( -1.000000000000000000, 0.000000000000000000, 0.000000000000000000 ) ) ;
#2654 = AXIS2_PLACEMENT_3D ( 'NONE', #5278, #3870, #3923 ) ;
#2655 = AXIS2_PLACEMENT_3D ( 'NONE', #6122, #4190, #1803 ) ;
#2656 = DIRECTION ( 'NONE',  ( -0.000000000000000000, -0.000000000000000000, 1.000000000000000000 ) ) ;
#2657 = VERTEX_POINT ( 'NONE', #2014 ) ;
#2658 = DIRECTION ( 'NONE',  ( -1.000000000000000000, 0.000000000000000000, 0.000000000000000000 ) ) ;
#2659 = DIRECTION ( 'NONE',  ( 0.000000000000000000, 0.000000000000000000, 1.000000000000000000 ) ) ;
#2660 = CARTESIAN_POINT ( 'NONE',  ( 2.292893218813488065, -16.43933982822018436, 0.000000000000000000 ) ) ;
#2661 = DIRECTION ( 'NONE',  ( -0.000000000000000000, -0.000000000000000000, 1.000000000000000000 ) ) ;
#2662 = ADVANCED_FACE ( 'NONE', ( #3512 ), #3445, .F. ) ;
#2663 = ORIENTED_EDGE ( 'NONE', *, *, #4069, .F. ) ;
#2664 = EDGE_CURVE ( 'NONE', #1696, #6088, #4456, .T. ) ;
#2665 = CARTESIAN_POINT ( 'NONE',  ( -3.398953432037304712, 0.000000000000000000, 0.000000000000000000 ) ) ;
#2666 = ORIENTED_EDGE ( 'NONE', *, *, #5152, .T. ) ;
#2667 = CARTESIAN_POINT ( 'NONE',  ( -9.999999999999998224, 4.951411018111002704, 0.000000000000000000 ) ) ;
#2668 = VERTEX_POINT ( 'NONE', #4811 ) ;
#2669 = CARTESIAN_POINT ( 'NONE',  ( -3.398953432037304712, 0.000000000000000000, 500.0000000000000000 ) ) ;
#2670 = LINE ( 'NONE', #4028, #3852 ) ;
#2671 = AXIS2_PLACEMENT_3D ( 'NONE', #1491, #1430, #4390 ) ;
#2672 = ORIENTED_EDGE ( 'NONE', *, *, #4566, .F. ) ;
#2673 = PLANE ( 'NONE',  #5457 ) ;
#2674 = ORIENTED_EDGE ( 'NONE', *, *, #2008, .F. ) ;
#2675 = LINE ( 'NONE', #5542, #2152 ) ;
#2676 = LINE ( 'NONE', #5511, #42 ) ;
#2677 = VECTOR ( 'NONE', #2987, 1000.000000000000000 ) ;
#2678 = VECTOR ( 'NONE', #2098, 1000.000000000000000 ) ;
#2679 = EDGE_CURVE ( 'NONE', #4242, #421, #618, .T. ) ;
#2680 = CIRCLE ( 'NONE', #6225, 0.2500000000000002220 ) ;
#2681 = VECTOR ( 'NONE', #4681, 999.9999999999998863 ) ;
#2682 = ORIENTED_EDGE ( 'NONE', *, *, #938, .T. ) ;
#2683 =( LENGTH_UNIT ( ) NAMED_UNIT ( * ) SI_UNIT ( .MILLI., .METRE. ) );
#2684 = DIRECTION ( 'NONE',  ( -0.000000000000000000, -0.000000000000000000, 1.000000000000000000 ) ) ;
#2685 = CARTESIAN_POINT ( 'NONE',  ( -2.646446609406730044, -3.707106781186546574, 500.0000000000000000 ) ) ;
#2686 = VECTOR ( 'NONE', #1882, 1000.000000000000000 ) ;
#2687 = DIRECTION ( 'NONE',  ( -0.000000000000000000, -0.000000000000000000, 1.000000000000000000 ) ) ;
#2688 = EDGE_CURVE ( 'NONE', #5372, #582, #4767, .T. ) ;
#2689 = CARTESIAN_POINT ( 'NONE',  ( -6.487436867076457503, -14.57322330470336169, 0.000000000000000000 ) ) ;
#2690 = ORIENTED_EDGE ( 'NONE', *, *, #5684, .F. ) ;
#2691 = LINE ( 'NONE', #3289, #5396 ) ;
#2692 = CARTESIAN_POINT ( 'NONE',  ( -6.664213562373094923, 5.250000000000002665, 0.000000000000000000 ) ) ;
#2693 = CARTESIAN_POINT ( 'NONE',  ( 6.487436867076457503, -14.57322330470336169, 500.0000000000000000 ) ) ;
#2694 = CARTESIAN_POINT ( 'NONE',  ( -5.500000000000000000, -13.43933982822017370, 500.0000000000000000 ) ) ;
#2695 = AXIS2_PLACEMENT_3D ( 'NONE', #2837, #2735, #2370 ) ;
#2696 = ORIENTED_EDGE ( 'NONE', *, *, #3106, .T. ) ;
#2697 = LINE ( 'NONE', #5116, #4263 ) ;
#2698 = VERTEX_POINT ( 'NONE', #1087 ) ;
#2699 = DIRECTION ( 'NONE',  ( 0.000000000000000000, 0.000000000000000000, -1.000000000000000000 ) ) ;
#2700 = ORIENTED_EDGE ( 'NONE', *, *, #4402, .T. ) ;
#2701 = CARTESIAN_POINT ( 'NONE',  ( 4.336808689942017736E-16, -16.60104656796269040, 0.000000000000000000 ) ) ;
#2702 = CARTESIAN_POINT ( 'NONE',  ( -3.560660171779816086, -0.2422809267016573509, 0.000000000000000000 ) ) ;
#2703 = EDGE_CURVE ( 'NONE', #1164, #4745, #3009, .T. ) ;
#2704 = VERTEX_POINT ( 'NONE', #2530 ) ;
#2705 = LINE ( 'NONE', #2112, #4064 ) ;
#2706 = ORIENTED_EDGE ( 'NONE', *, *, #3703, .F. ) ;
#2707 = FACE_OUTER_BOUND ( 'NONE', #3094, .T. ) ;
#2708 = CARTESIAN_POINT ( 'NONE',  ( -3.560660171779816086, -17.50000000000000000, 500.0000000000000000 ) ) ;
#2709 = ADVANCED_FACE ( 'NONE', ( #145 ), #2893, .F. ) ;
#2710 = ORIENTED_EDGE ( 'NONE', *, *, #478, .F. ) ;
#2711 = DIRECTION ( 'NONE',  ( -0.000000000000000000, -0.000000000000000000, 1.000000000000000000 ) ) ;
#2712 = DIRECTION ( 'NONE',  ( 0.8317552719714379483, -0.5551424749987333707, 0.000000000000000000 ) ) ;
#2713 = EDGE_CURVE ( 'NONE', #4412, #3086, #4447, .T. ) ;
#2714 = CARTESIAN_POINT ( 'NONE',  ( 2.100000000000000533, -20.00000000000000000, 500.0000000000000000 ) ) ;
#2715 = CARTESIAN_POINT ( 'NONE',  ( -9.750000000000007105, -4.951411018111010698, 500.0000000000000000 ) ) ;
#2716 = FACE_OUTER_BOUND ( 'NONE', #3765, .T. ) ;
#2717 = ORIENTED_EDGE ( 'NONE', *, *, #797, .F. ) ;
#2718 = CARTESIAN_POINT ( 'NONE',  ( 9.999999999999998224, -4.847857627517729640, 500.0000000000000000 ) ) ;
#2719 = DIRECTION ( 'NONE',  ( 1.000000000000000000, 0.000000000000000000, 0.000000000000000000 ) ) ;
#2720 = DIRECTION ( 'NONE',  ( -1.000000000000000000, 0.000000000000000000, 0.000000000000000000 ) ) ;
#2721 = LINE ( 'NONE', #1788, #4650 ) ;
#2722 = ORIENTED_EDGE ( 'NONE', *, *, #1791, .T. ) ;
#2723 = DIRECTION ( 'NONE',  ( 1.000000000000000000, 0.000000000000000000, 0.000000000000000000 ) ) ;
#2724 = ORIENTED_EDGE ( 'NONE', *, *, #5681, .T. ) ;
#2725 = CARTESIAN_POINT ( 'NONE',  ( 6.487436867076458391, 5.426776695296639197, 0.000000000000000000 ) ) ;
#2726 = ORIENTED_EDGE ( 'NONE', *, *, #4716, .T. ) ;
#2727 = CARTESIAN_POINT ( 'NONE',  ( -3.810660171779816530, -2.396446609406726935, 0.000000000000000000 ) ) ;
#2728 = CARTESIAN_POINT ( 'NONE',  ( 8.252142372482268229, -25.50000000000000355, 0.000000000000000000 ) ) ;
#2729 = EDGE_CURVE ( 'NONE', #4211, #3326, #3872, .T. ) ;
#2730 = AXIS2_PLACEMENT_3D ( 'NONE', #445, #3426, #1423 ) ;
#2731 = ORIENTED_EDGE ( 'NONE', *, *, #706, .F. ) ;
#2732 = CARTESIAN_POINT ( 'NONE',  ( 6.146446609406719830, -13.49999999999999822, 0.000000000000000000 ) ) ;
#2733 = ORIENTED_EDGE ( 'NONE', *, *, #3980, .T. ) ;
#2734 = CARTESIAN_POINT ( 'NONE',  ( -8.002142372482268229, -25.25000000000000000, 500.0000000000000000 ) ) ;
#2735 = DIRECTION ( 'NONE',  ( -0.000000000000000000, -0.000000000000000000, 1.000000000000000000 ) ) ;
#2736 = CARTESIAN_POINT ( 'NONE',  ( -3.560660171779816086, -2.396446609406726935, 500.0000000000000000 ) ) ;
#2737 = VECTOR ( 'NONE', #261, 1000.000000000000000 ) ;
#2738 = EDGE_CURVE ( 'NONE', #3206, #2026, #129, .T. ) ;
#2739 = AXIS2_PLACEMENT_3D ( 'NONE', #3422, #2079, #3999 ) ;
#2740 = VECTOR ( 'NONE', #1819, 1000.000000000000000 ) ;
#2741 = ADVANCED_FACE ( 'NONE', ( #3900 ), #5821, .F. ) ;
#2742 = ORIENTED_EDGE ( 'NONE', *, *, #1709, .T. ) ;
#2743 = CARTESIAN_POINT ( 'NONE',  ( 9.999999999999998224, -24.95141101811100270, 0.000000000000000000 ) ) ;
#2744 = DIRECTION ( 'NONE',  ( -0.000000000000000000, -1.000000000000000000, -0.000000000000000000 ) ) ;
#2745 = CARTESIAN_POINT ( 'NONE',  ( -9.926776695296634756, -15.22536567718563560, 500.0000000000000000 ) ) ;
#2746 = AXIS2_PLACEMENT_3D ( 'NONE', #2558, #4918, #4508 ) ;
#2747 = CIRCLE ( 'NONE', #5265, 0.2500000000000002220 ) ;
#2748 = ORIENTED_EDGE ( 'NONE', *, *, #5684, .T. ) ;
#2749 = AXIS2_PLACEMENT_3D ( 'NONE', #790, #1295, #3187 ) ;
#2750 = AXIS2_PLACEMENT_3D ( 'NONE', #5439, #4620, #4525 ) ;
#2751 = DIRECTION ( 'NONE',  ( 0.000000000000000000, 0.000000000000000000, -1.000000000000000000 ) ) ;
#2752 = EDGE_LOOP ( 'NONE', ( #2025, #4126, #1359, #4014 ) ) ;
#2753 = CYLINDRICAL_SURFACE ( 'NONE', #2787, 0.2500000000000002220 ) ;
#2754 = DIRECTION ( 'NONE',  ( -1.000000000000000000, 0.000000000000000000, 0.000000000000000000 ) ) ;
#2755 = LINE ( 'NONE', #1368, #4393 ) ;
#2756 = CARTESIAN_POINT ( 'NONE',  ( -3.633883476483180441, -22.57322330470336169, 500.0000000000000000 ) ) ;
#2757 = ADVANCED_FACE ( 'NONE', ( #1176 ), #2165, .T. ) ;
#2758 = EDGE_LOOP ( 'NONE', ( #4926, #3961, #3273, #2487 ) ) ;
#2759 = CYLINDRICAL_SURFACE ( 'NONE', #824, 0.2500000000000002220 ) ;
#2760 = ORIENTED_EDGE ( 'NONE', *, *, #1521, .T. ) ;
#2761 = CYLINDRICAL_SURFACE ( 'NONE', #5189, 0.2500000000000002220 ) ;
#2762 = EDGE_LOOP ( 'NONE', ( #2536, #4801, #5733, #4927 ) ) ;
#2763 = CARTESIAN_POINT ( 'NONE',  ( 8.252142372482266452, -23.10000000000000142, 0.000000000000000000 ) ) ;
#2764 = CARTESIAN_POINT ( 'NONE',  ( 4.336808689942017736E-16, 3.398953432037304712, 0.000000000000000000 ) ) ;
#2765 = ORIENTED_EDGE ( 'NONE', *, *, #391, .T. ) ;
#2766 = CARTESIAN_POINT ( 'NONE',  ( -2.499999999999999556, -23.56066017177981209, 500.0000000000000000 ) ) ;
#2767 = ORIENTED_EDGE ( 'NONE', *, *, #811, .T. ) ;
#2768 = CARTESIAN_POINT ( 'NONE',  ( -6.146446609406722494, -12.99999999999999822, 0.000000000000000000 ) ) ;
#2769 = EDGE_CURVE ( 'NONE', #1543, #282, #5047, .T. ) ;
#2770 = VERTEX_POINT ( 'NONE', #3132 ) ;
#2771 = CARTESIAN_POINT ( 'NONE',  ( -8.252142372482268229, -12.99999999999999822, 0.000000000000000000 ) ) ;
#2772 = ORIENTED_EDGE ( 'NONE', *, *, #153, .F. ) ;
#2773 = CARTESIAN_POINT ( 'NONE',  ( -4.847857627517726087, -30.00000000000000711, 500.0000000000000000 ) ) ;
#2774 = VECTOR ( 'NONE', #542, 1000.000000000000000 ) ;
#2775 = VECTOR ( 'NONE', #2048, 1000.000000000000000 ) ;
#2776 = ORIENTED_EDGE ( 'NONE', *, *, #4589, .T. ) ;
#2777 = AXIS2_PLACEMENT_3D ( 'NONE', #2020, #974, #1032 ) ;
#2778 = CARTESIAN_POINT ( 'NONE',  ( -6.146446609406722494, -13.49999999999999822, 500.0000000000000000 ) ) ;
#2779 = CARTESIAN_POINT ( 'NONE',  ( -9.749999999999998224, -15.04858898188899907, 500.0000000000000000 ) ) ;
#2780 = EDGE_CURVE ( 'NONE', #2854, #3014, #1240, .T. ) ;
#2781 = AXIS2_PLACEMENT_3D ( 'NONE', #5845, #59, #1496 ) ;
#2782 = VECTOR ( 'NONE', #1237, 1000.000000000000000 ) ;
#2783 = DIRECTION ( 'NONE',  ( -1.000000000000000000, 5.127820663014968840E-16, 0.000000000000000000 ) ) ;
#2784 = ORIENTED_EDGE ( 'NONE', *, *, #4627, .T. ) ;
#2785 = LINE ( 'NONE', #4169, #5904 ) ;
#2786 = FACE_OUTER_BOUND ( 'NONE', #5343, .T. ) ;
#2787 = AXIS2_PLACEMENT_3D ( 'NONE', #5110, #3663, #3698 ) ;
#2788 = DIRECTION ( 'NONE',  ( 0.000000000000000000, 0.000000000000000000, -1.000000000000000000 ) ) ;
#2789 = CARTESIAN_POINT ( 'NONE',  ( 8.252142372482268229, -25.50000000000000355, 500.0000000000000000 ) ) ;
#2790 = EDGE_CURVE ( 'NONE', #3848, #1330, #5079, .T. ) ;
#2791 = EDGE_LOOP ( 'NONE', ( #679, #369, #5942, #2033 ) ) ;
#2792 = CARTESIAN_POINT ( 'NONE',  ( 5.500000000000000000, 6.664213562373098476, 500.0000000000000000 ) ) ;
#2793 = ORIENTED_EDGE ( 'NONE', *, *, #6214, .T. ) ;
#2794 = LINE ( 'NONE', #1858, #1779 ) ;
#2795 = VERTEX_POINT ( 'NONE', #4578 ) ;
#2796 = DIRECTION ( 'NONE',  ( -0.000000000000000000, -0.000000000000000000, 1.000000000000000000 ) ) ;
#2797 = EDGE_CURVE ( 'NONE', #368, #6041, #6011, .T. ) ;
#2798 = DIRECTION ( 'NONE',  ( 0.000000000000000000, 0.000000000000000000, -1.000000000000000000 ) ) ;
#2799 = ORIENTED_EDGE ( 'NONE', *, *, #4502, .F. ) ;
#2800 = FACE_OUTER_BOUND ( 'NONE', #5850, .T. ) ;
#2801 = ORIENTED_EDGE ( 'NONE', *, *, #549, .T. ) ;
#2802 = DIRECTION ( 'NONE',  ( 0.000000000000000000, 0.000000000000000000, 1.000000000000000000 ) ) ;
#2803 = ORIENTED_EDGE ( 'NONE', *, *, #855, .T. ) ;
#2804 = DIRECTION ( 'NONE',  ( -0.000000000000000000, -0.000000000000000000, -1.000000000000000000 ) ) ;
#2805 = CARTESIAN_POINT ( 'NONE',  ( 5.426776695296635644, -26.48743686707645750, 0.000000000000000000 ) ) ;
#2806 = ORIENTED_EDGE ( 'NONE', *, *, #1852, .F. ) ;
#2807 = DIRECTION ( 'NONE',  ( 0.000000000000000000, 0.000000000000000000, -1.000000000000000000 ) ) ;
#2808 = FACE_OUTER_BOUND ( 'NONE', #4472, .T. ) ;
#2809 = EDGE_CURVE ( 'NONE', #2888, #4877, #3040, .T. ) ;
#2810 = VERTEX_POINT ( 'NONE', #2099 ) ;
#2811 = CYLINDRICAL_SURFACE ( 'NONE', #3146, 0.2500000000000002220 ) ;
#2812 = DIRECTION ( 'NONE',  ( -0.7071067811865465735, -0.7071067811865484609, -0.000000000000000000 ) ) ;
#2813 = EDGE_CURVE ( 'NONE', #1428, #6088, #766, .T. ) ;
#2814 = DIRECTION ( 'NONE',  ( -0.7071067811865459074, -0.7071067811865491270, 0.000000000000000000 ) ) ;
#2815 = ORIENTED_EDGE ( 'NONE', *, *, #6090, .T. ) ;
#2816 = DIRECTION ( 'NONE',  ( 1.000000000000000000, 0.000000000000000000, 0.000000000000000000 ) ) ;
#2817 = CARTESIAN_POINT ( 'NONE',  ( -6.664213562373095812, -5.250000000000002665, 500.0000000000000000 ) ) ;
#2818 = CARTESIAN_POINT ( 'NONE',  ( -6.664213562373094923, 5.500000000000003553, 500.0000000000000000 ) ) ;
#2819 = CARTESIAN_POINT ( 'NONE',  ( 3.560660171779816086, -22.50000000000000000, 500.0000000000000000 ) ) ;
#2820 = ADVANCED_FACE ( 'NONE', ( #5497 ), #698, .F. ) ;
#2821 = DIRECTION ( 'NONE',  ( -0.000000000000000000, 0.000000000000000000, 1.000000000000000000 ) ) ;
#2822 = ORIENTED_EDGE ( 'NONE', *, *, #5081, .T. ) ;
#2823 = DIRECTION ( 'NONE',  ( -0.000000000000000000, 0.000000000000000000, 1.000000000000000000 ) ) ;
#2824 = EDGE_CURVE ( 'NONE', #4912, #5362, #5941, .T. ) ;
#2825 = ORIENTED_EDGE ( 'NONE', *, *, #777, .F. ) ;
#2826 = CARTESIAN_POINT ( 'NONE',  ( 5.500000000000000000, 8.252142372482271782, 500.0000000000000000 ) ) ;
#2827 = ORIENTED_EDGE ( 'NONE', *, *, #5892, .F. ) ;
#2828 = CARTESIAN_POINT ( 'NONE',  ( 5.249999999999999112, -28.25214237248227533, 0.000000000000000000 ) ) ;
#2829 = CARTESIAN_POINT ( 'NONE',  ( -4.774634322814361731, 9.926776695296638309, 500.0000000000000000 ) ) ;
#2830 = ORIENTED_EDGE ( 'NONE', *, *, #4249, .F. ) ;
#2831 = LINE ( 'NONE', #1474, #6166 ) ;
#2832 = ORIENTED_EDGE ( 'NONE', *, *, #5927, .F. ) ;
#2833 = LINE ( 'NONE', #6147, #3654 ) ;
#2834 = ORIENTED_EDGE ( 'NONE', *, *, #228, .F. ) ;
#2835 = CARTESIAN_POINT ( 'NONE',  ( -0.2422809267016586554, -3.560660171779816974, 0.000000000000000000 ) ) ;
#2836 = ORIENTED_EDGE ( 'NONE', *, *, #1675, .T. ) ;
#2837 = CARTESIAN_POINT ( 'NONE',  ( 6.664213562373094035, -14.74999999999999822, 0.000000000000000000 ) ) ;
#2838 = EDGE_CURVE ( 'NONE', #2973, #2608, #6071, .T. ) ;
#2839 = ORIENTED_EDGE ( 'NONE', *, *, #400, .F. ) ;
#2840 = VECTOR ( 'NONE', #2464, 1000.000000000000000 ) ;
#2841 = DIRECTION ( 'NONE',  ( -0.000000000000000000, -0.000000000000000000, 1.000000000000000000 ) ) ;
#2842 = CARTESIAN_POINT ( 'NONE',  ( -2.396446609406725603, -23.56066017177981209, 500.0000000000000000 ) ) ;
#2843 = CIRCLE ( 'NONE', #2739, 0.2500000000000002220 ) ;
#2844 = VECTOR ( 'NONE', #2360, 1000.000000000000000 ) ;
#2845 = EDGE_CURVE ( 'NONE', #3326, #3603, #4560, .T. ) ;
#2846 = DIRECTION ( 'NONE',  ( 0.000000000000000000, 0.000000000000000000, -1.000000000000000000 ) ) ;
#2847 = EDGE_CURVE ( 'NONE', #4286, #1328, #4609, .T. ) ;
#2848 = ORIENTED_EDGE ( 'NONE', *, *, #4422, .F. ) ;
#2849 = AXIS2_PLACEMENT_3D ( 'NONE', #2819, #4673, #5113 ) ;
#2850 = PLANE ( 'NONE',  #2992 ) ;
#2851 = DIRECTION ( 'NONE',  ( 0.000000000000000000, 0.000000000000000000, -1.000000000000000000 ) ) ;
#2852 = AXIS2_PLACEMENT_3D ( 'NONE', #5267, #411, #1975 ) ;
#2853 = AXIS2_PLACEMENT_3D ( 'NONE', #1799, #2234, #6219 ) ;
#2854 = VERTEX_POINT ( 'NONE', #4084 ) ;
#2855 = EDGE_LOOP ( 'NONE', ( #3562, #5025, #4680, #3966 ) ) ;
#2856 = FACE_OUTER_BOUND ( 'NONE', #3528, .T. ) ;
#2857 = ORIENTED_EDGE ( 'NONE', *, *, #3990, .F. ) ;
#2858 = EDGE_CURVE ( 'NONE', #1577, #4311, #1204, .T. ) ;
#2859 = PLANE ( 'NONE',  #4301 ) ;
#2860 = PLANE ( 'NONE',  #1530 ) ;
#2861 = VECTOR ( 'NONE', #3954, 1000.000000000000000 ) ;
#2862 = ORIENTED_EDGE ( 'NONE', *, *, #4522, .F. ) ;
#2863 = DIRECTION ( 'NONE',  ( 0.000000000000000000, 0.000000000000000000, -1.000000000000000000 ) ) ;
#2864 = ORIENTED_EDGE ( 'NONE', *, *, #4402, .F. ) ;
#2865 = CARTESIAN_POINT ( 'NONE',  ( -8.252142372482268229, -12.99999999999999822, 500.0000000000000000 ) ) ;
#2866 = ORIENTED_EDGE ( 'NONE', *, *, #4329, .F. ) ;
#2867 = DIRECTION ( 'NONE',  ( -0.5551424749987389218, 0.8317552719714342846, 0.000000000000000000 ) ) ;
#2868 = ORIENTED_EDGE ( 'NONE', *, *, #978, .T. ) ;
#2869 = CARTESIAN_POINT ( 'NONE',  ( -5.792893218813447653, -13.14644660940672516, 500.0000000000000000 ) ) ;
#2870 = CARTESIAN_POINT ( 'NONE',  ( 3.453553390593271821, 8.502142372482271782, 500.0000000000000000 ) ) ;
#2871 = EDGE_CURVE ( 'NONE', #1249, #215, #733, .T. ) ;
#2872 = ORIENTED_EDGE ( 'NONE', *, *, #5802, .F. ) ;
#2873 = CARTESIAN_POINT ( 'NONE',  ( -8.252142372482268229, 5.250000000000003553, 0.000000000000000000 ) ) ;
#2874 = CARTESIAN_POINT ( 'NONE',  ( -9.750000000000001776, -29.75000000000000711, 500.0000000000000000 ) ) ;
#2875 = EDGE_CURVE ( 'NONE', #3707, #1150, #1722, .T. ) ;
#2876 = AXIS2_PLACEMENT_3D ( 'NONE', #3007, #516, #603 ) ;
#2877 = CIRCLE ( 'NONE', #4684, 0.2500000000000002220 ) ;
#2878 = DIRECTION ( 'NONE',  ( -0.7071067811865491270, -0.7071067811865459074, 0.000000000000000000 ) ) ;
#2879 = ORIENTED_EDGE ( 'NONE', *, *, #2473, .F. ) ;
#2880 = DIRECTION ( 'NONE',  ( 1.000000000000000000, 5.127820663014968840E-16, 0.000000000000000000 ) ) ;
#2881 = CARTESIAN_POINT ( 'NONE',  ( -6.664213562373094923, -14.74999999999999822, 500.0000000000000000 ) ) ;
#2882 = CYLINDRICAL_SURFACE ( 'NONE', #1574, 0.2500000000000002220 ) ;
#2883 = VECTOR ( 'NONE', #4, 1000.000000000000000 ) ;
#2884 = CIRCLE ( 'NONE', #4193, 0.5000000000000000000 ) ;
#2885 = EDGE_CURVE ( 'NONE', #5483, #3318, #2941, .T. ) ;
#2886 = LINE ( 'NONE', #4394, #3860 ) ;
#2887 = VECTOR ( 'NONE', #1977, 1000.000000000000000 ) ;
#2888 = VERTEX_POINT ( 'NONE', #1238 ) ;
#2889 = AXIS2_PLACEMENT_3D ( 'NONE', #1527, #3008, #1558 ) ;
#2890 = CARTESIAN_POINT ( 'NONE',  ( 3.398953432037304268, 0.000000000000000000, 0.000000000000000000 ) ) ;
#2891 = CYLINDRICAL_SURFACE ( 'NONE', #2361, 0.2500000000000002220 ) ;
#2892 = CARTESIAN_POINT ( 'NONE',  ( 3.398953432037304268, -19.99999999999999645, 0.000000000000000000 ) ) ;
#2893 = PLANE ( 'NONE',  #3945 ) ;
#2894 = ORIENTED_EDGE ( 'NONE', *, *, #5903, .T. ) ;
#2895 = CARTESIAN_POINT ( 'NONE',  ( 9.750000000000001776, -29.75000000000000711, 500.0000000000000000 ) ) ;
#2896 = VERTEX_POINT ( 'NONE', #1753 ) ;
#2897 = LINE ( 'NONE', #2486, #726 ) ;
#2898 = ORIENTED_EDGE ( 'NONE', *, *, #1840, .T. ) ;
#2899 = CARTESIAN_POINT ( 'NONE',  ( 2.646446609406763795, -16.29289321881345742, 500.0000000000000000 ) ) ;
#2900 = EDGE_LOOP ( 'NONE', ( #6078, #172, #1089, #1535 ) ) ;
#2901 = DIRECTION ( 'NONE',  ( 6.733988894569413090E-16, -1.000000000000000000, -0.000000000000000000 ) ) ;
#2902 = CARTESIAN_POINT ( 'NONE',  ( -8.252142372482266452, 3.703553390593276706, 500.0000000000000000 ) ) ;
#2903 = ADVANCED_FACE ( 'NONE', ( #3667 ), #1110, .T. ) ;
#2904 = DIRECTION ( 'NONE',  ( -3.366994447284705066E-16, -1.000000000000000000, 0.000000000000000000 ) ) ;
#2905 = ORIENTED_EDGE ( 'NONE', *, *, #1723, .T. ) ;
#2906 = ADVANCED_FACE ( 'NONE', ( #898 ), #6203, .T. ) ;
#2907 = CARTESIAN_POINT ( 'NONE',  ( 3.560660171779815641, -0.2422809267016608203, 0.000000000000000000 ) ) ;
#2908 = ADVANCED_FACE ( 'NONE', ( #4707 ), #3805, .F. ) ;
#2909 = CARTESIAN_POINT ( 'NONE',  ( -8.502142372482266452, -23.70355339059327449, 500.0000000000000000 ) ) ;
#2910 = ORIENTED_EDGE ( 'NONE', *, *, #796, .F. ) ;
#2911 = CARTESIAN_POINT ( 'NONE',  ( 3.560660171779816086, -17.60355339059326951, 500.0000000000000000 ) ) ;
#2912 = CARTESIAN_POINT ( 'NONE',  ( -9.926776695296634756, -24.77463432281436440, 500.0000000000000000 ) ) ;
#2913 = DIRECTION ( 'NONE',  ( 0.000000000000000000, 0.000000000000000000, -1.000000000000000000 ) ) ;
#2914 = ADVANCED_FACE ( 'NONE', ( #1271 ), #3770, .F. ) ;
#2915 = DIRECTION ( 'NONE',  ( -0.000000000000000000, -0.000000000000000000, 1.000000000000000000 ) ) ;
#2916 = EDGE_LOOP ( 'NONE', ( #5672, #5027, #5866, #5827 ) ) ;
#2917 = CARTESIAN_POINT ( 'NONE',  ( -9.999999999999998224, -15.15214237248227036, 0.000000000000000000 ) ) ;
#2918 = DIRECTION ( 'NONE',  ( -1.000000000000000000, 0.000000000000000000, 0.000000000000000000 ) ) ;
#2919 = LINE ( 'NONE', #3071, #1475 ) ;
#2920 = DIRECTION ( 'NONE',  ( -0.000000000000000000, 0.000000000000000000, 1.000000000000000000 ) ) ;
#2921 = EDGE_LOOP ( 'NONE', ( #567, #5400, #4739, #1192 ) ) ;
#2922 = DIRECTION ( 'NONE',  ( -1.000000000000000000, 0.000000000000000000, 0.000000000000000000 ) ) ;
#2923 = ORIENTED_EDGE ( 'NONE', *, *, #3967, .F. ) ;
#2924 = ORIENTED_EDGE ( 'NONE', *, *, #2845, .F. ) ;
#2925 = LINE ( 'NONE', #2401, #1886 ) ;
#2926 = ORIENTED_EDGE ( 'NONE', *, *, #5292, .F. ) ;
#2927 = ADVANCED_FACE ( 'NONE', ( #2348 ), #1817, .F. ) ;
#2928 = CARTESIAN_POINT ( 'NONE',  ( 3.633883476483180441, -22.57322330470336169, 500.0000000000000000 ) ) ;
#2929 = VECTOR ( 'NONE', #5419, 1000.000000000000000 ) ;
#2930 = FACE_OUTER_BOUND ( 'NONE', #3364, .T. ) ;
#2931 = ORIENTED_EDGE ( 'NONE', *, *, #4572, .T. ) ;
#2932 = DIRECTION ( 'NONE',  ( 0.000000000000000000, 0.000000000000000000, -1.000000000000000000 ) ) ;
#2933 = FACE_OUTER_BOUND ( 'NONE', #608, .T. ) ;
#2934 = EDGE_CURVE ( 'NONE', #37, #5514, #4735, .T. ) ;
#2935 = CIRCLE ( 'NONE', #3134, 0.2500000000000002220 ) ;
#2936 = CARTESIAN_POINT ( 'NONE',  ( -9.750000000000001776, 9.750000000000003553, 0.000000000000000000 ) ) ;
#2937 = ORIENTED_EDGE ( 'NONE', *, *, #2492, .F. ) ;
#2938 = CARTESIAN_POINT ( 'NONE',  ( -3.560660171779816086, 2.396446609406726491, 0.000000000000000000 ) ) ;
#2939 = CARTESIAN_POINT ( 'NONE',  ( 8.252142372482268229, -12.99999999999999822, 500.0000000000000000 ) ) ;
#2940 = LINE ( 'NONE', #3943, #2140 ) ;
#2941 = CIRCLE ( 'NONE', #735, 0.2500000000000002220 ) ;
#2942 = CIRCLE ( 'NONE', #5146, 0.2500000000000002220 ) ;
#2943 = CARTESIAN_POINT ( 'NONE',  ( 4.336808689942017736E-16, -3.398953432037304712, 0.000000000000000000 ) ) ;
#2944 = COLOUR_RGB ( '',0.7921568627450980005, 0.8196078431372548767, 0.9333333333333333481 ) ;
#2945 = VECTOR ( 'NONE', #3261, 1000.000000000000000 ) ;
#2946 = VERTEX_POINT ( 'NONE', #6136 ) ;
#2947 = DIRECTION ( 'NONE',  ( 0.000000000000000000, 0.000000000000000000, 1.000000000000000000 ) ) ;
#2948 = FACE_OUTER_BOUND ( 'NONE', #453, .T. ) ;
#2949 = LINE ( 'NONE', #517, #4799 ) ;
#2950 = DIRECTION ( 'NONE',  ( -1.000000000000000000, 7.228014483236698528E-16, 0.000000000000000000 ) ) ;
#2951 = CIRCLE ( 'NONE', #3760, 0.2500000000000002220 ) ;
#2952 = EDGE_CURVE ( 'NONE', #6108, #903, #2050, .T. ) ;
#2953 = AXIS2_PLACEMENT_3D ( 'NONE', #251, #3523, #4594 ) ;
#2954 = ORIENTED_EDGE ( 'NONE', *, *, #4114, .F. ) ;
#2955 = DIRECTION ( 'NONE',  ( -1.000000000000000000, -0.000000000000000000, -0.000000000000000000 ) ) ;
#2956 = VERTEX_POINT ( 'NONE', #863 ) ;
#2957 = VERTEX_POINT ( 'NONE', #2756 ) ;
#2958 = CARTESIAN_POINT ( 'NONE',  ( 6.487436867076458391, -5.426776695296639197, 0.000000000000000000 ) ) ;
#2959 = AXIS2_PLACEMENT_3D ( 'NONE', #4816, #524, #2017 ) ;
#2960 = ORIENTED_EDGE ( 'NONE', *, *, #913, .T. ) ;
#2961 = CARTESIAN_POINT ( 'NONE',  ( 4.774634322814361731, 9.926776695296638309, 500.0000000000000000 ) ) ;
#2962 = EDGE_CURVE ( 'NONE', #3603, #2303, #2721, .T. ) ;
#2963 = CARTESIAN_POINT ( 'NONE',  ( -8.502142372482266452, 3.703553390593276706, 500.0000000000000000 ) ) ;
#2964 = ORIENTED_EDGE ( 'NONE', *, *, #5529, .T. ) ;
#2965 = ORIENTED_EDGE ( 'NONE', *, *, #875, .T. ) ;
#2966 = VERTEX_POINT ( 'NONE', #6103 ) ;
#2967 = FACE_OUTER_BOUND ( 'NONE', #1624, .T. ) ;
#2968 = CARTESIAN_POINT ( 'NONE',  ( 8.252142372482268229, -25.25000000000000000, 0.000000000000000000 ) ) ;
#2969 = LINE ( 'NONE', #1979, #5702 ) ;
#2970 = AXIS2_PLACEMENT_3D ( 'NONE', #5939, #3103, #384 ) ;
#2971 = EDGE_CURVE ( 'NONE', #3014, #2373, #4639, .T. ) ;
#2972 = FACE_OUTER_BOUND ( 'NONE', #3499, .T. ) ;
#2973 = VERTEX_POINT ( 'NONE', #4276 ) ;
#2974 = DIRECTION ( 'NONE',  ( -0.000000000000000000, -1.000000000000000000, -0.000000000000000000 ) ) ;
#2975 = DIRECTION ( 'NONE',  ( 1.000000000000000000, 0.000000000000000000, 0.000000000000000000 ) ) ;
#2976 = EDGE_CURVE ( 'NONE', #1662, #284, #3147, .T. ) ;
#2977 = AXIS2_PLACEMENT_3D ( 'NONE', #246, #3611, #1208 ) ;
#2978 = CARTESIAN_POINT ( 'NONE',  ( -0.2422809267016586554, -16.43933982822018081, 0.000000000000000000 ) ) ;
#2979 = VECTOR ( 'NONE', #3510, 1000.000000000000000 ) ;
#2980 = CARTESIAN_POINT ( 'NONE',  ( -3.560660171779816086, 2.500000000000000444, 500.0000000000000000 ) ) ;
#2981 = VERTEX_POINT ( 'NONE', #5656 ) ;
#2982 = AXIS2_PLACEMENT_3D ( 'NONE', #2011, #547, #3922 ) ;
#2983 = CARTESIAN_POINT ( 'NONE',  ( -9.750000000000001776, 10.00000000000000355, 500.0000000000000000 ) ) ;
#2984 = AXIS2_PLACEMENT_3D ( 'NONE', #5566, #184, #4554 ) ;
#2985 = ORIENTED_EDGE ( 'NONE', *, *, #5429, .T. ) ;
#2986 = VERTEX_POINT ( 'NONE', #2316 ) ;
#2987 = DIRECTION ( 'NONE',  ( -0.000000000000000000, -0.000000000000000000, 1.000000000000000000 ) ) ;
#2988 = EDGE_CURVE ( 'NONE', #2493, #2854, #1337, .T. ) ;
#2989 = AXIS2_PLACEMENT_3D ( 'NONE', #4705, #826, #2754 ) ;
#2990 = VERTEX_POINT ( 'NONE', #4238 ) ;
#2991 = CARTESIAN_POINT ( 'NONE',  ( 4.336808689942017736E-16, -23.39895343203730249, 500.0000000000000000 ) ) ;
#2992 = AXIS2_PLACEMENT_3D ( 'NONE', #23, #5330, #2880 ) ;
#2993 = EDGE_LOOP ( 'NONE', ( #3306, #3456, #5102, #5308 ) ) ;
#2994 = EDGE_CURVE ( 'NONE', #1582, #5019, #828, .T. ) ;
#2995 = ORIENTED_EDGE ( 'NONE', *, *, #687, .F. ) ;
#2996 = VERTEX_POINT ( 'NONE', #3292 ) ;
#2997 = EDGE_CURVE ( 'NONE', #5763, #4211, #224, .T. ) ;
#2998 = CARTESIAN_POINT ( 'NONE',  ( -9.750000000000001776, -30.00000000000000711, 500.0000000000000000 ) ) ;
#2999 = DIRECTION ( 'NONE',  ( 1.000000000000000000, 0.000000000000000000, 0.000000000000000000 ) ) ;
#3000 = EDGE_CURVE ( 'NONE', #5819, #5250, #4052, .T. ) ;
#3001 = CARTESIAN_POINT ( 'NONE',  ( 0.2422809267016595158, 3.560660171779816974, 0.000000000000000000 ) ) ;
#3002 = DIRECTION ( 'NONE',  ( 0.000000000000000000, 0.000000000000000000, -1.000000000000000000 ) ) ;
#3003 = DIRECTION ( 'NONE',  ( -1.000000000000000000, 0.000000000000000000, 0.000000000000000000 ) ) ;
#3004 = FACE_OUTER_BOUND ( 'NONE', #4612, .T. ) ;
#3005 = EDGE_LOOP ( 'NONE', ( #1698, #4582, #4496, #4605 ) ) ;
#3006 = PLANE ( 'NONE',  #5895 ) ;
#3007 = CARTESIAN_POINT ( 'NONE',  ( -8.252142372482266452, -3.100000000000004530, 500.0000000000000000 ) ) ;
#3008 = DIRECTION ( 'NONE',  ( -5.127820663014968840E-16, -1.000000000000000000, 0.000000000000000000 ) ) ;
#3009 = LINE ( 'NONE', #4923, #4944 ) ;
#3010 = EDGE_CURVE ( 'NONE', #3545, #877, #5452, .T. ) ;
#3011 = ADVANCED_FACE ( 'NONE', ( #3109 ), #274, .F. ) ;
#3012 = ORIENTED_EDGE ( 'NONE', *, *, #5298, .T. ) ;
#3013 = DIRECTION ( 'NONE',  ( 0.000000000000000000, 1.000000000000000000, -0.000000000000000000 ) ) ;
#3014 = VERTEX_POINT ( 'NONE', #1114 ) ;
#3015 = CARTESIAN_POINT ( 'NONE',  ( 3.398953432037304268, 0.000000000000000000, 0.000000000000000000 ) ) ;
#3016 = ORIENTED_EDGE ( 'NONE', *, *, #5139, .F. ) ;
#3017 = DIRECTION ( 'NONE',  ( 0.000000000000000000, 0.000000000000000000, -1.000000000000000000 ) ) ;
#3018 = ORIENTED_EDGE ( 'NONE', *, *, #376, .F. ) ;
#3019 = CARTESIAN_POINT ( 'NONE',  ( -8.252142372482268229, -7.000000000000002665, 0.000000000000000000 ) ) ;
#3020 = ORIENTED_EDGE ( 'NONE', *, *, #506, .F. ) ;
#3021 = DIRECTION ( 'NONE',  ( -1.000000000000000000, 0.000000000000000000, 0.000000000000000000 ) ) ;
#3022 = ORIENTED_EDGE ( 'NONE', *, *, #4812, .T. ) ;
#3023 = AXIS2_PLACEMENT_3D ( 'NONE', #597, #1136, #3064 ) ;
#3024 = ORIENTED_EDGE ( 'NONE', *, *, #264, .T. ) ;
#3025 = ORIENTED_EDGE ( 'NONE', *, *, #3660, .F. ) ;
#3026 = DIRECTION ( 'NONE',  ( -1.000000000000000000, 0.000000000000000000, 0.000000000000000000 ) ) ;
#3027 = DIRECTION ( 'NONE',  ( 0.000000000000000000, 0.000000000000000000, -1.000000000000000000 ) ) ;
#3028 = DIRECTION ( 'NONE',  ( -1.000000000000000000, 0.000000000000000000, 0.000000000000000000 ) ) ;
#3029 = EDGE_CURVE ( 'NONE', #2410, #5972, #244, .T. ) ;
#3030 = DIRECTION ( 'NONE',  ( -0.8317552719714332854, -0.5551424749987402540, 0.000000000000000000 ) ) ;
#3031 = EDGE_CURVE ( 'NONE', #3396, #1249, #4087, .T. ) ;
#3032 = CARTESIAN_POINT ( 'NONE',  ( -9.749999999999998224, -15.04858898188899907, 0.000000000000000000 ) ) ;
#3033 = ORIENTED_EDGE ( 'NONE', *, *, #730, .T. ) ;
#3034 = DIRECTION ( 'NONE',  ( -1.000000000000000000, -1.040834085586083310E-14, 0.000000000000000000 ) ) ;
#3035 = VECTOR ( 'NONE', #2173, 1000.000000000000000 ) ;
#3036 = CARTESIAN_POINT ( 'NONE',  ( 8.252142372482266452, 3.703553390593276706, 0.000000000000000000 ) ) ;
#3037 = LINE ( 'NONE', #175, #2678 ) ;
#3038 = DIRECTION ( 'NONE',  ( -1.000000000000000000, 3.469446951953614682E-16, 0.000000000000000000 ) ) ;
#3039 = CIRCLE ( 'NONE', #1737, 0.2500000000000002220 ) ;
#3040 = CIRCLE ( 'NONE', #716, 0.2500000000000002220 ) ;
#3041 = ORIENTED_EDGE ( 'NONE', *, *, #1111, .F. ) ;
#3042 = DIRECTION ( 'NONE',  ( 0.000000000000000000, 0.000000000000000000, 1.000000000000000000 ) ) ;
#3043 = ORIENTED_EDGE ( 'NONE', *, *, #6021, .T. ) ;
#3044 = CARTESIAN_POINT ( 'NONE',  ( 0.2422809267016595158, -23.56066017177981209, 0.000000000000000000 ) ) ;
#3045 = ORIENTED_EDGE ( 'NONE', *, *, #1402, .T. ) ;
#3046 = CARTESIAN_POINT ( 'NONE',  ( 9.749999999999998224, -4.951411018111002704, 0.000000000000000000 ) ) ;
#3047 = ORIENTED_EDGE ( 'NONE', *, *, #2824, .F. ) ;
#3048 = DIRECTION ( 'NONE',  ( 0.7071067811865491270, 0.7071067811865459074, 0.000000000000000000 ) ) ;
#3049 = AXIS2_PLACEMENT_3D ( 'NONE', #1589, #4479, #600 ) ;
#3050 = VECTOR ( 'NONE', #1436, 1000.000000000000000 ) ;
#3051 = CARTESIAN_POINT ( 'NONE',  ( -4.847857627517726087, 10.00000000000000178, 0.000000000000000000 ) ) ;
#3052 = EDGE_CURVE ( 'NONE', #2668, #4970, #1697, .T. ) ;
#3053 = VECTOR ( 'NONE', #1216, 1000.000000000000000 ) ;
#3054 = ORIENTED_EDGE ( 'NONE', *, *, #2062, .F. ) ;
#3055 = AXIS2_PLACEMENT_3D ( 'NONE', #2865, #5157, #1352 ) ;
#3056 = CYLINDRICAL_SURFACE ( 'NONE', #1231, 0.5000000000000004441 ) ;
#3057 = ORIENTED_EDGE ( 'NONE', *, *, #753, .F. ) ;
#3058 = CARTESIAN_POINT ( 'NONE',  ( 4.847857627517726087, -30.00000000000000711, 500.0000000000000000 ) ) ;
#3059 = EDGE_CURVE ( 'NONE', #4430, #3716, #4158, .T. ) ;
#3060 = ORIENTED_EDGE ( 'NONE', *, *, #5605, .F. ) ;
#3061 = ORIENTED_EDGE ( 'NONE', *, *, #5521, .F. ) ;
#3062 = CARTESIAN_POINT ( 'NONE',  ( 10.00000000000000178, 9.750000000000003553, 0.000000000000000000 ) ) ;
#3063 = EDGE_CURVE ( 'NONE', #217, #4100, #6075, .T. ) ;
#3064 = DIRECTION ( 'NONE',  ( -1.000000000000000000, 0.000000000000000000, 0.000000000000000000 ) ) ;
#3065 = CARTESIAN_POINT ( 'NONE',  ( -2.292893218813452982, -15.93933982822018436, 500.0000000000000000 ) ) ;
#3066 = CYLINDRICAL_SURFACE ( 'NONE', #5048, 0.2500000000000002220 ) ;
#3067 = LINE ( 'NONE', #140, #4449 ) ;
#3068 = ORIENTED_EDGE ( 'NONE', *, *, #4123, .F. ) ;
#3069 = CARTESIAN_POINT ( 'NONE',  ( 6.146446609406719830, -13.49999999999999822, 500.0000000000000000 ) ) ;
#3070 = CARTESIAN_POINT ( 'NONE',  ( -3.810660171779816530, -22.39644660940672694, 500.0000000000000000 ) ) ;
#3071 = CARTESIAN_POINT ( 'NONE',  ( -8.252142372482268229, 5.500000000000004441, 0.000000000000000000 ) ) ;
#3072 = CARTESIAN_POINT ( 'NONE',  ( -8.252142372482268229, -5.500000000000004441, 500.0000000000000000 ) ) ;
#3073 = EDGE_CURVE ( 'NONE', #223, #2973, #1725, .T. ) ;
#3074 = VERTEX_POINT ( 'NONE', #2104 ) ;
#3075 = DIRECTION ( 'NONE',  ( -0.000000000000000000, -0.000000000000000000, 1.000000000000000000 ) ) ;
#3076 = VERTEX_POINT ( 'NONE', #3637 ) ;
#3077 = DIRECTION ( 'NONE',  ( -1.000000000000000000, -0.000000000000000000, -0.000000000000000000 ) ) ;
#3078 = VECTOR ( 'NONE', #5346, 1000.000000000000000 ) ;
#3079 = VERTEX_POINT ( 'NONE', #1243 ) ;
#3080 = CARTESIAN_POINT ( 'NONE',  ( -8.002142372482268229, 5.500000000000004441, 500.0000000000000000 ) ) ;
#3081 = ORIENTED_EDGE ( 'NONE', *, *, #1219, .F. ) ;
#3082 = PLANE ( 'NONE',  #3203 ) ;
#3083 = DIRECTION ( 'NONE',  ( 0.000000000000000000, 0.000000000000000000, -1.000000000000000000 ) ) ;
#3084 = VECTOR ( 'NONE', #142, 1000.000000000000000 ) ;
#3085 = VECTOR ( 'NONE', #3632, 1000.000000000000000 ) ;
#3086 = VERTEX_POINT ( 'NONE', #5945 ) ;
#3087 = DIRECTION ( 'NONE',  ( -7.228014483236698528E-16, -1.000000000000000000, 0.000000000000000000 ) ) ;
#3088 = ORIENTED_EDGE ( 'NONE', *, *, #852, .F. ) ;
#3089 = LINE ( 'NONE', #3651, #4365 ) ;
#3090 = VECTOR ( 'NONE', #6200, 1000.000000000000000 ) ;
#3091 = ADVANCED_FACE ( 'NONE', ( #1626 ), #5627, .F. ) ;
#3092 = EDGE_CURVE ( 'NONE', #2281, #3656, #3704, .T. ) ;
#3093 = ORIENTED_EDGE ( 'NONE', *, *, #1812, .T. ) ;
#3094 = EDGE_LOOP ( 'NONE', ( #637, #2124, #781, #2369 ) ) ;
#3095 = CARTESIAN_POINT ( 'NONE',  ( -4.774634322814361731, 9.926776695296638309, 0.000000000000000000 ) ) ;
#3096 = LINE ( 'NONE', #5966, #1515 ) ;
#3097 = DIRECTION ( 'NONE',  ( 0.000000000000000000, 0.000000000000000000, -1.000000000000000000 ) ) ;
#3098 = DIRECTION ( 'NONE',  ( 0.000000000000000000, 0.000000000000000000, -1.000000000000000000 ) ) ;
#3099 = EDGE_CURVE ( 'NONE', #2453, #78, #1228, .T. ) ;
#3100 = LINE ( 'NONE', #1554, #4758 ) ;
#3101 = ORIENTED_EDGE ( 'NONE', *, *, #5537, .F. ) ;
#3102 = CARTESIAN_POINT ( 'NONE',  ( -6.560660171779821859, -5.500000000000003553, 500.0000000000000000 ) ) ;
#3103 = DIRECTION ( 'NONE',  ( -0.000000000000000000, -0.000000000000000000, 1.000000000000000000 ) ) ;
#3104 = DIRECTION ( 'NONE',  ( -7.228014483236698528E-16, 1.000000000000000000, -0.000000000000000000 ) ) ;
#3105 = CARTESIAN_POINT ( 'NONE',  ( -3.703553390593272265, -28.50214237248227533, 500.0000000000000000 ) ) ;
#3106 = EDGE_CURVE ( 'NONE', #1147, #2268, #2246, .T. ) ;
#3107 = ORIENTED_EDGE ( 'NONE', *, *, #5068, .F. ) ;
#3108 = ORIENTED_EDGE ( 'NONE', *, *, #5242, .T. ) ;
#3109 = FACE_OUTER_BOUND ( 'NONE', #305, .T. ) ;
#3110 = ORIENTED_EDGE ( 'NONE', *, *, #739, .F. ) ;
#3111 = CARTESIAN_POINT ( 'NONE',  ( -3.810660171779816530, -17.60355339059327306, 500.0000000000000000 ) ) ;
#3112 = ORIENTED_EDGE ( 'NONE', *, *, #1593, .T. ) ;
#3113 = LINE ( 'NONE', #4962, #1892 ) ;
#3114 = FACE_OUTER_BOUND ( 'NONE', #5626, .T. ) ;
#3115 = ORIENTED_EDGE ( 'NONE', *, *, #103, .T. ) ;
#3116 = CARTESIAN_POINT ( 'NONE',  ( -8.002142372482268229, -25.50000000000000355, 0.000000000000000000 ) ) ;
#3117 = EDGE_CURVE ( 'NONE', #2657, #6168, #2697, .T. ) ;
#3118 = ORIENTED_EDGE ( 'NONE', *, *, #3274, .F. ) ;
#3119 = DIRECTION ( 'NONE',  ( 0.7071067811865491270, -0.7071067811865459074, -0.000000000000000000 ) ) ;
#3120 = ORIENTED_EDGE ( 'NONE', *, *, #6027, .T. ) ;
#3121 = ADVANCED_FACE ( 'NONE', ( #5593 ), #2759, .F. ) ;
#3122 = ORIENTED_EDGE ( 'NONE', *, *, #218, .F. ) ;
#3123 = DIRECTION ( 'NONE',  ( -0.000000000000000000, -0.000000000000000000, 1.000000000000000000 ) ) ;
#3124 = LINE ( 'NONE', #598, #3436 ) ;
#3125 = EDGE_CURVE ( 'NONE', #4098, #5315, #298, .T. ) ;
#3126 = AXIS2_PLACEMENT_3D ( 'NONE', #2091, #4533, #1195 ) ;
#3127 = CARTESIAN_POINT ( 'NONE',  ( -9.749999999999998224, -15.04858898188899907, 500.0000000000000000 ) ) ;
#3128 = ORIENTED_EDGE ( 'NONE', *, *, #1621, .T. ) ;
#3129 = LINE ( 'NONE', #1655, #4982 ) ;
#3130 = DIRECTION ( 'NONE',  ( -0.7071067811865480168, -0.7071067811865470176, 0.000000000000000000 ) ) ;
#3131 = LINE ( 'NONE', #5046, #2979 ) ;
#3132 = CARTESIAN_POINT ( 'NONE',  ( -5.500000000000000000, 6.664213562373098476, 0.000000000000000000 ) ) ;
#3133 = EDGE_LOOP ( 'NONE', ( #2772, #1477 ) ) ;
#3134 = AXIS2_PLACEMENT_3D ( 'NONE', #776, #5058, #3586 ) ;
#3135 = ORIENTED_EDGE ( 'NONE', *, *, #2652, .F. ) ;
#3136 = LINE ( 'NONE', #151, #1676 ) ;
#3137 = ORIENTED_EDGE ( 'NONE', *, *, #5989, .T. ) ;
#3138 = LINE ( 'NONE', #1183, #4591 ) ;
#3139 = EDGE_CURVE ( 'NONE', #4436, #4573, #390, .T. ) ;
#3140 = CARTESIAN_POINT ( 'NONE',  ( 3.560660171779816086, -17.49999999999999645, 500.0000000000000000 ) ) ;
#3141 = AXIS2_PLACEMENT_3D ( 'NONE', #90, #5405, #1528 ) ;
#3142 = CIRCLE ( 'NONE', #422, 0.2500000000000002220 ) ;
#3143 = ORIENTED_EDGE ( 'NONE', *, *, #2549, .T. ) ;
#3144 = CARTESIAN_POINT ( 'NONE',  ( 8.252142372482266452, 3.100000000000004530, 500.0000000000000000 ) ) ;
#3145 = ORIENTED_EDGE ( 'NONE', *, *, #1079, .T. ) ;
#3146 = AXIS2_PLACEMENT_3D ( 'NONE', #4697, #3755, #918 ) ;
#3147 = CIRCLE ( 'NONE', #530, 0.2500000000000002220 ) ;
#3148 = CYLINDRICAL_SURFACE ( 'NONE', #2248, 0.2500000000000002220 ) ;
#3149 = EDGE_CURVE ( 'NONE', #5345, #1789, #6170, .T. ) ;
#3150 = VECTOR ( 'NONE', #2209, 1000.000000000000000 ) ;
#3151 = VECTOR ( 'NONE', #878, 1000.000000000000000 ) ;
#3152 = ORIENTED_EDGE ( 'NONE', *, *, #3719, .F. ) ;
#3153 = CIRCLE ( 'NONE', #1239, 0.2500000000000002220 ) ;
#3154 = CIRCLE ( 'NONE', #5061, 0.2500000000000002220 ) ;
#3155 = DIRECTION ( 'NONE',  ( -1.000000000000000000, 0.000000000000000000, 0.000000000000000000 ) ) ;
#3156 = FACE_OUTER_BOUND ( 'NONE', #5438, .T. ) ;
#3157 = CIRCLE ( 'NONE', #5836, 0.2500000000000002220 ) ;
#3158 = CARTESIAN_POINT ( 'NONE',  ( 6.664213562373094035, -14.49999999999999645, 0.000000000000000000 ) ) ;
#3159 = ORIENTED_EDGE ( 'NONE', *, *, #4470, .T. ) ;
#3160 = FACE_OUTER_BOUND ( 'NONE', #6222, .T. ) ;
#3161 = EDGE_CURVE ( 'NONE', #4441, #5019, #2259, .T. ) ;
#3162 = DIRECTION ( 'NONE',  ( -0.000000000000000000, 1.000000000000000000, -0.000000000000000000 ) ) ;
#3163 = LINE ( 'NONE', #1721, #3085 ) ;
#3164 = DIRECTION ( 'NONE',  ( 6.733988894569410132E-16, -1.000000000000000000, 0.000000000000000000 ) ) ;
#3165 = VERTEX_POINT ( 'NONE', #1856 ) ;
#3166 = DIRECTION ( 'NONE',  ( 1.000000000000000000, -5.127820663014968840E-16, -0.000000000000000000 ) ) ;
#3167 = EDGE_CURVE ( 'NONE', #3515, #3544, #902, .T. ) ;
#3168 = ORIENTED_EDGE ( 'NONE', *, *, #5681, .F. ) ;
#3169 = DIRECTION ( 'NONE',  ( -0.000000000000000000, -0.000000000000000000, 1.000000000000000000 ) ) ;
#3170 = VERTEX_POINT ( 'NONE', #3669 ) ;
#3171 = CARTESIAN_POINT ( 'NONE',  ( 0.2422809267016595158, -3.560660171779816086, 0.000000000000000000 ) ) ;
#3172 = CARTESIAN_POINT ( 'NONE',  ( -3.560660171779816086, 2.500000000000000444, 0.000000000000000000 ) ) ;
#3173 = AXIS2_PLACEMENT_3D ( 'NONE', #1720, #3631, #5555 ) ;
#3174 = LINE ( 'NONE', #6085, #3151 ) ;
#3175 = ORIENTED_EDGE ( 'NONE', *, *, #4050, .F. ) ;
#3176 = ADVANCED_FACE ( 'NONE', ( #423 ), #1275, .F. ) ;
#3177 = CARTESIAN_POINT ( 'NONE',  ( -8.252142372482266452, -23.70355339059327449, 500.0000000000000000 ) ) ;
#3178 = ORIENTED_EDGE ( 'NONE', *, *, #2008, .T. ) ;
#3179 = DIRECTION ( 'NONE',  ( -1.000000000000000000, 0.000000000000000000, 0.000000000000000000 ) ) ;
#3180 = AXIS2_PLACEMENT_3D ( 'NONE', #4830, #1947, #1016 ) ;
#3181 = VECTOR ( 'NONE', #3184, 1000.000000000000000 ) ;
#3182 = AXIS2_PLACEMENT_3D ( 'NONE', #4647, #3200, #5632 ) ;
#3183 = ORIENTED_EDGE ( 'NONE', *, *, #311, .F. ) ;
#3184 = DIRECTION ( 'NONE',  ( -0.000000000000000000, 0.000000000000000000, -1.000000000000000000 ) ) ;
#3185 = CARTESIAN_POINT ( 'NONE',  ( 3.560660171779816086, -17.49999999999999645, 0.000000000000000000 ) ) ;
#3186 = DIRECTION ( 'NONE',  ( 0.000000000000000000, 0.000000000000000000, -1.000000000000000000 ) ) ;
#3187 = DIRECTION ( 'NONE',  ( 1.000000000000000000, 0.000000000000000000, 0.000000000000000000 ) ) ;
#3188 = ADVANCED_FACE ( 'NONE', ( #3224 ), #3295, .T. ) ;
#3189 = ORIENTED_EDGE ( 'NONE', *, *, #3867, .F. ) ;
#3190 = CARTESIAN_POINT ( 'NONE',  ( 8.252142372482266452, -23.70355339059327449, 500.0000000000000000 ) ) ;
#3191 = CARTESIAN_POINT ( 'NONE',  ( -6.664213562373094923, -14.49999999999999645, 0.000000000000000000 ) ) ;
#3192 = CARTESIAN_POINT ( 'NONE',  ( 5.500000000000000000, -28.25214237248227533, 0.000000000000000000 ) ) ;
#3193 = DIRECTION ( 'NONE',  ( 0.7071067811865479058, -0.7071067811865472397, 0.000000000000000000 ) ) ;
#3194 = AXIS2_PLACEMENT_3D ( 'NONE', #4753, #1452, #3787 ) ;
#3195 = VERTEX_POINT ( 'NONE', #5693 ) ;
#3196 = CARTESIAN_POINT ( 'NONE',  ( -2.292893218813459200, -4.060660171779814753, 500.0000000000000000 ) ) ;
#3197 = ORIENTED_EDGE ( 'NONE', *, *, #5266, .F. ) ;
#3198 = DIRECTION ( 'NONE',  ( -1.000000000000000000, 0.000000000000000000, 0.000000000000000000 ) ) ;
#3199 = ORIENTED_EDGE ( 'NONE', *, *, #5454, .F. ) ;
#3200 = DIRECTION ( 'NONE',  ( 0.000000000000000000, 0.000000000000000000, 1.000000000000000000 ) ) ;
#3201 = CARTESIAN_POINT ( 'NONE',  ( -8.252142372482268229, -7.500000000000003553, 0.000000000000000000 ) ) ;
#3202 = ADVANCED_FACE ( 'NONE', ( #4676 ), #329, .F. ) ;
#3203 = AXIS2_PLACEMENT_3D ( 'NONE', #3520, #1247, #5505 ) ;
#3204 = VERTEX_POINT ( 'NONE', #1790 ) ;
#3205 = DIRECTION ( 'NONE',  ( 1.000000000000000000, 0.000000000000000000, 0.000000000000000000 ) ) ;
#3206 = VERTEX_POINT ( 'NONE', #1374 ) ;
#3207 = DIRECTION ( 'NONE',  ( -0.000000000000000000, -0.000000000000000000, 1.000000000000000000 ) ) ;
#3208 = DIRECTION ( 'NONE',  ( -1.000000000000000000, 0.000000000000000000, 0.000000000000000000 ) ) ;
#3209 = ORIENTED_EDGE ( 'NONE', *, *, #1274, .F. ) ;
#3210 = CARTESIAN_POINT ( 'NONE',  ( 9.750000000000007105, -15.04858898188899197, 0.000000000000000000 ) ) ;
#3211 = DIRECTION ( 'NONE',  ( 0.000000000000000000, 0.000000000000000000, -1.000000000000000000 ) ) ;
#3212 = ADVANCED_FACE ( 'NONE', ( #5213 ), #5147, .T. ) ;
#3213 = ORIENTED_EDGE ( 'NONE', *, *, #897, .F. ) ;
#3214 = DIRECTION ( 'NONE',  ( -1.000000000000000000, 0.000000000000000000, 0.000000000000000000 ) ) ;
#3215 = ORIENTED_EDGE ( 'NONE', *, *, #669, .F. ) ;
#3216 = LINE ( 'NONE', #4235, #2287 ) ;
#3217 = LINE ( 'NONE', #5141, #2174 ) ;
#3218 = LINE ( 'NONE', #896, #3480 ) ;
#3219 = CARTESIAN_POINT ( 'NONE',  ( 4.951411018110999152, -29.75000000000000711, 500.0000000000000000 ) ) ;
#3220 = CARTESIAN_POINT ( 'NONE',  ( 3.560660171779815641, -19.75771907329833610, 0.000000000000000000 ) ) ;
#3221 = AXIS2_PLACEMENT_3D ( 'NONE', #3501, #2589, #5005 ) ;
#3222 = EDGE_CURVE ( 'NONE', #5250, #879, #1340, .T. ) ;
#3223 = ORIENTED_EDGE ( 'NONE', *, *, #3867, .T. ) ;
#3224 = FACE_OUTER_BOUND ( 'NONE', #5476, .T. ) ;
#3225 = ORIENTED_EDGE ( 'NONE', *, *, #4123, .T. ) ;
#3226 = DIRECTION ( 'NONE',  ( -0.7071067811865492381, -0.7071067811865457964, 0.000000000000000000 ) ) ;
#3227 = ORIENTED_EDGE ( 'NONE', *, *, #3806, .F. ) ;
#3228 = CARTESIAN_POINT ( 'NONE',  ( -7.752142372482267341, -7.000000000000002665, 500.0000000000000000 ) ) ;
#3229 = LINE ( 'NONE', #966, #1842 ) ;
#3230 = VECTOR ( 'NONE', #1763, 1000.000000000000000 ) ;
#3231 = VERTEX_POINT ( 'NONE', #4864 ) ;
#3232 = ORIENTED_EDGE ( 'NONE', *, *, #3471, .F. ) ;
#3233 = PLANE ( 'NONE',  #3055 ) ;
#3234 = ORIENTED_EDGE ( 'NONE', *, *, #5001, .F. ) ;
#3235 = DIRECTION ( 'NONE',  ( -0.000000000000000000, -0.000000000000000000, 1.000000000000000000 ) ) ;
#3236 = ORIENTED_EDGE ( 'NONE', *, *, #1358, .T. ) ;
#3237 = PLANE ( 'NONE',  #1282 ) ;
#3238 = PRESENTATION_STYLE_ASSIGNMENT (( #1834 ) ) ;
#3239 = EDGE_CURVE ( 'NONE', #2410, #2260, #3408, .T. ) ;
#3240 = CIRCLE ( 'NONE', #5355, 0.2500000000000002220 ) ;
#3241 = VECTOR ( 'NONE', #783, 1000.000000000000000 ) ;
#3242 = AXIS2_PLACEMENT_3D ( 'NONE', #5275, #2915, #3920 ) ;
#3243 = ORIENTED_EDGE ( 'NONE', *, *, #2341, .T. ) ;
#3244 = EDGE_CURVE ( 'NONE', #1537, #6210, #5334, .T. ) ;
#3245 = FACE_BOUND ( 'NONE', #3133, .T. ) ;
#3246 = LINE ( 'NONE', #3185, #4342 ) ;
#3247 = DIRECTION ( 'NONE',  ( 1.000000000000000000, 0.000000000000000000, 0.000000000000000000 ) ) ;
#3248 = VECTOR ( 'NONE', #3982, 1000.000000000000227 ) ;
#3249 = ORIENTED_EDGE ( 'NONE', *, *, #2976, .F. ) ;
#3250 = CIRCLE ( 'NONE', #1966, 0.2500000000000002220 ) ;
#3251 = EDGE_CURVE ( 'NONE', #2513, #3165, #5241, .T. ) ;
#3252 = AXIS2_PLACEMENT_3D ( 'NONE', #5220, #6216, #5314 ) ;
#3253 = DIRECTION ( 'NONE',  ( -1.000000000000000000, -0.000000000000000000, -0.000000000000000000 ) ) ;
#3254 = ORIENTED_EDGE ( 'NONE', *, *, #1600, .T. ) ;
#3255 = CARTESIAN_POINT ( 'NONE',  ( 3.703553390593272265, 8.502142372482271782, 500.0000000000000000 ) ) ;
#3256 = VECTOR ( 'NONE', #2210, 1000.000000000000000 ) ;
#3257 = CYLINDRICAL_SURFACE ( 'NONE', #4476, 0.2500000000000002220 ) ;
#3258 = DIRECTION ( 'NONE',  ( -0.000000000000000000, -0.000000000000000000, 1.000000000000000000 ) ) ;
#3259 = DIRECTION ( 'NONE',  ( -3.469446951953614682E-16, -1.000000000000000000, 0.000000000000000000 ) ) ;
#3260 = ORIENTED_EDGE ( 'NONE', *, *, #5001, .T. ) ;
#3261 = DIRECTION ( 'NONE',  ( 6.733988894569413090E-16, -1.000000000000000000, -0.000000000000000000 ) ) ;
#3262 = ORIENTED_EDGE ( 'NONE', *, *, #2325, .T. ) ;
#3263 = DIRECTION ( 'NONE',  ( -1.000000000000000000, 0.000000000000000000, 0.000000000000000000 ) ) ;
#3264 = ORIENTED_EDGE ( 'NONE', *, *, #2028, .T. ) ;
#3265 = EDGE_CURVE ( 'NONE', #2312, #3170, #545, .T. ) ;
#3266 = CARTESIAN_POINT ( 'NONE',  ( -2.499999999999999556, -16.43933982822018436, 500.0000000000000000 ) ) ;
#3267 = CARTESIAN_POINT ( 'NONE',  ( 3.398953432037304268, -19.99999999999999645, 500.0000000000000000 ) ) ;
#3268 = ORIENTED_EDGE ( 'NONE', *, *, #3665, .F. ) ;
#3269 = ORIENTED_EDGE ( 'NONE', *, *, #1921, .T. ) ;
#3270 = CARTESIAN_POINT ( 'NONE',  ( 3.398953432037304268, -19.99999999999999645, 0.000000000000000000 ) ) ;
#3271 = VERTEX_POINT ( 'NONE', #930 ) ;
#3272 = DIRECTION ( 'NONE',  ( -0.000000000000000000, -0.000000000000000000, 1.000000000000000000 ) ) ;
#3273 = ORIENTED_EDGE ( 'NONE', *, *, #6001, .F. ) ;
#3274 = EDGE_CURVE ( 'NONE', #2565, #3739, #5307, .T. ) ;
#3275 = DIRECTION ( 'NONE',  ( 0.7071067811865480168, 0.7071067811865470176, 0.000000000000000000 ) ) ;
#3276 = FACE_OUTER_BOUND ( 'NONE', #1057, .T. ) ;
#3277 = VECTOR ( 'NONE', #5237, 1000.000000000000000 ) ;
#3278 = ORIENTED_EDGE ( 'NONE', *, *, #913, .F. ) ;
#3279 = CARTESIAN_POINT ( 'NONE',  ( -8.002142372482268229, -5.250000000000003553, 500.0000000000000000 ) ) ;
#3280 = VECTOR ( 'NONE', #1061, 1000.000000000000000 ) ;
#3281 = AXIS2_PLACEMENT_3D ( 'NONE', #1441, #5311, #5279 ) ;
#3282 = DIRECTION ( 'NONE',  ( 0.5551424749987354801, -0.8317552719714366161, 0.000000000000000000 ) ) ;
#3283 = EDGE_CURVE ( 'NONE', #2601, #4034, #2886, .T. ) ;
#3284 = EDGE_CURVE ( 'NONE', #37, #4436, #4775, .T. ) ;
#3285 = AXIS2_PLACEMENT_3D ( 'NONE', #4243, #5149, #834 ) ;
#3286 = VECTOR ( 'NONE', #4779, 1000.000000000000000 ) ;
#3287 = CARTESIAN_POINT ( 'NONE',  ( -8.252142372482266452, -3.100000000000004530, 0.000000000000000000 ) ) ;
#3288 = ORIENTED_EDGE ( 'NONE', *, *, #681, .F. ) ;
#3289 = CARTESIAN_POINT ( 'NONE',  ( -8.252142372482268229, -25.50000000000000355, 500.0000000000000000 ) ) ;
#3290 = DIRECTION ( 'NONE',  ( 1.000000000000000000, -1.387778780781445873E-15, -0.000000000000000000 ) ) ;
#3291 = DIRECTION ( 'NONE',  ( -0.000000000000000000, -0.000000000000000000, 1.000000000000000000 ) ) ;
#3292 = CARTESIAN_POINT ( 'NONE',  ( -9.999999999999998224, -24.95141101811100270, 500.0000000000000000 ) ) ;
#3293 = CARTESIAN_POINT ( 'NONE',  ( -3.398953432037304712, 0.000000000000000000, 0.000000000000000000 ) ) ;
#3294 = ORIENTED_EDGE ( 'NONE', *, *, #855, .F. ) ;
#3295 = CYLINDRICAL_SURFACE ( 'NONE', #431, 0.2500000000000002220 ) ;
#3296 = ORIENTED_EDGE ( 'NONE', *, *, #519, .T. ) ;
#3297 = DIRECTION ( 'NONE',  ( 1.000000000000000000, 0.000000000000000000, 0.000000000000000000 ) ) ;
#3298 = ORIENTED_EDGE ( 'NONE', *, *, #2971, .T. ) ;
#3299 = DIRECTION ( 'NONE',  ( -0.7071067811865464625, 0.7071067811865486830, 0.000000000000000000 ) ) ;
#3300 = LINE ( 'NONE', #1825, #5257 ) ;
#3301 = EDGE_CURVE ( 'NONE', #4322, #4760, #2009, .T. ) ;
#3302 = VERTEX_POINT ( 'NONE', #2415 ) ;
#3303 = CARTESIAN_POINT ( 'NONE',  ( 5.792893218813450318, -6.853553390593275729, 500.0000000000000000 ) ) ;
#3304 = ORIENTED_EDGE ( 'NONE', *, *, #255, .F. ) ;
#3305 = DIRECTION ( 'NONE',  ( -0.000000000000000000, -0.000000000000000000, 1.000000000000000000 ) ) ;
#3306 = ORIENTED_EDGE ( 'NONE', *, *, #2205, .F. ) ;
#3307 = LINE ( 'NONE', #6149, #2275 ) ;
#3308 = ORIENTED_EDGE ( 'NONE', *, *, #706, .T. ) ;
#3309 = CARTESIAN_POINT ( 'NONE',  ( -8.502142372482266452, -3.703553390593276706, 500.0000000000000000 ) ) ;
#3310 = CARTESIAN_POINT ( 'NONE',  ( 5.249999999999999112, 8.002142372482271782, 0.000000000000000000 ) ) ;
#3311 = ADVANCED_FACE ( 'NONE', ( #2 ), #1494, .T. ) ;
#3312 = ORIENTED_EDGE ( 'NONE', *, *, #1236, .T. ) ;
#3313 = FACE_BOUND ( 'NONE', #4769, .T. ) ;
#3314 = DIRECTION ( 'NONE',  ( -0.000000000000000000, -0.000000000000000000, 1.000000000000000000 ) ) ;
#3315 = CIRCLE ( 'NONE', #4121, 0.2500000000000002220 ) ;
#3316 = EDGE_CURVE ( 'NONE', #38, #3302, #2441, .T. ) ;
#3317 = CARTESIAN_POINT ( 'NONE',  ( -3.703553390593272265, -28.25214237248227533, 500.0000000000000000 ) ) ;
#3318 = VERTEX_POINT ( 'NONE', #3355 ) ;
#3319 = DIRECTION ( 'NONE',  ( 1.000000000000000000, 0.000000000000000000, 0.000000000000000000 ) ) ;
#3320 = FACE_OUTER_BOUND ( 'NONE', #686, .T. ) ;
#3321 = DIRECTION ( 'NONE',  ( -1.000000000000000000, 0.000000000000000000, 0.000000000000000000 ) ) ;
#3322 = EDGE_CURVE ( 'NONE', #1328, #1537, #1333, .T. ) ;
#3323 = ORIENTED_EDGE ( 'NONE', *, *, #1313, .T. ) ;
#3324 = ORIENTED_EDGE ( 'NONE', *, *, #5132, .T. ) ;
#3325 = LINE ( 'NONE', #5244, #564 ) ;
#3326 = VERTEX_POINT ( 'NONE', #4891 ) ;
#3327 = DIRECTION ( 'NONE',  ( -1.000000000000000000, 1.387778780781445873E-15, 0.000000000000000000 ) ) ;
#3328 = DIRECTION ( 'NONE',  ( -0.000000000000000000, -0.000000000000000000, 1.000000000000000000 ) ) ;
#3329 = ORIENTED_EDGE ( 'NONE', *, *, #3406, .F. ) ;
#3330 = LINE ( 'NONE', #1384, #3447 ) ;
#3331 = VERTEX_POINT ( 'NONE', #573 ) ;
#3332 = FACE_OUTER_BOUND ( 'NONE', #4007, .T. ) ;
#3333 = ORIENTED_EDGE ( 'NONE', *, *, #3834, .T. ) ;
#3334 = CARTESIAN_POINT ( 'NONE',  ( 2.292893218813488065, -15.93933982822018436, 0.000000000000000000 ) ) ;
#3335 = EDGE_CURVE ( 'NONE', #5817, #53, #960, .T. ) ;
#3336 = ORIENTED_EDGE ( 'NONE', *, *, #4411, .F. ) ;
#3337 = FACE_OUTER_BOUND ( 'NONE', #5294, .T. ) ;
#3338 = DIRECTION ( 'NONE',  ( 0.000000000000000000, 0.000000000000000000, 1.000000000000000000 ) ) ;
#3339 = ORIENTED_EDGE ( 'NONE', *, *, #3010, .F. ) ;
#3340 = AXIS2_PLACEMENT_3D ( 'NONE', #4682, #3360, #5633 ) ;
#3341 = EDGE_CURVE ( 'NONE', #4441, #4331, #110, .T. ) ;
#3342 = PLANE ( 'NONE',  #3636 ) ;
#3343 = VECTOR ( 'NONE', #4746, 1000.000000000000114 ) ;
#3344 = VECTOR ( 'NONE', #6040, 1000.000000000000000 ) ;
#3345 = CARTESIAN_POINT ( 'NONE',  ( 0.2422809267016595158, -16.43933982822018436, 500.0000000000000000 ) ) ;
#3346 = VERTEX_POINT ( 'NONE', #512 ) ;
#3347 = VECTOR ( 'NONE', #6129, 1000.000000000000000 ) ;
#3348 = VECTOR ( 'NONE', #3772, 1000.000000000000000 ) ;
#3349 = DIRECTION ( 'NONE',  ( 0.000000000000000000, 0.000000000000000000, 1.000000000000000000 ) ) ;
#3350 = DIRECTION ( 'NONE',  ( -1.000000000000000000, 0.000000000000000000, 0.000000000000000000 ) ) ;
#3351 = CARTESIAN_POINT ( 'NONE',  ( -2.499999999999999556, -16.43933982822018436, 0.000000000000000000 ) ) ;
#3352 = CIRCLE ( 'NONE', #5056, 0.2500000000000002220 ) ;
#3353 = VECTOR ( 'NONE', #5123, 1000.000000000000000 ) ;
#3354 = EDGE_CURVE ( 'NONE', #1615, #1112, #3950, .T. ) ;
#3355 = CARTESIAN_POINT ( 'NONE',  ( 8.002142372482268229, 5.500000000000004441, 0.000000000000000000 ) ) ;
#3356 = VERTEX_POINT ( 'NONE', #5775 ) ;
#3357 = LINE ( 'NONE', #1924, #3587 ) ;
#3358 = LINE ( 'NONE', #5111, #2188 ) ;
#3359 = CARTESIAN_POINT ( 'NONE',  ( -5.500000000000000000, 6.664213562373098476, 500.0000000000000000 ) ) ;
#3360 = DIRECTION ( 'NONE',  ( -0.000000000000000000, -0.000000000000000000, 1.000000000000000000 ) ) ;
#3361 = EDGE_CURVE ( 'NONE', #5459, #1088, #3550, .T. ) ;
#3362 = ORIENTED_EDGE ( 'NONE', *, *, #5037, .T. ) ;
#3363 = DIRECTION ( 'NONE',  ( 0.7071067811865464625, 0.7071067811865486830, -0.000000000000000000 ) ) ;
#3364 = EDGE_LOOP ( 'NONE', ( #773, #277, #5117, #2898 ) ) ;
#3365 = DIRECTION ( 'NONE',  ( -0.000000000000000000, -0.000000000000000000, 1.000000000000000000 ) ) ;
#3366 = ORIENTED_EDGE ( 'NONE', *, *, #153, .T. ) ;
#3367 = DIRECTION ( 'NONE',  ( -1.000000000000000000, 0.000000000000000000, 0.000000000000000000 ) ) ;
#3368 = ORIENTED_EDGE ( 'NONE', *, *, #6230, .T. ) ;
#3369 = CARTESIAN_POINT ( 'NONE',  ( -8.252142372482266452, 3.703553390593276706, 500.0000000000000000 ) ) ;
#3370 = CARTESIAN_POINT ( 'NONE',  ( 2.499999999999999556, -23.56066017177981919, 500.0000000000000000 ) ) ;
#3371 = ADVANCED_FACE ( 'NONE', ( #2930 ), #5803, .F. ) ;
#3372 = ORIENTED_EDGE ( 'NONE', *, *, #3284, .T. ) ;
#3373 = CARTESIAN_POINT ( 'NONE',  ( 9.750000000000001776, 10.00000000000000355, 500.0000000000000000 ) ) ;
#3374 = DIRECTION ( 'NONE',  ( -1.000000000000000000, 3.366994447284705066E-16, 0.000000000000000000 ) ) ;
#3375 = ADVANCED_FACE ( 'NONE', ( #4848 ), #101, .F. ) ;
#3376 = AXIS2_PLACEMENT_3D ( 'NONE', #450, #4804, #570 ) ;
#3377 = AXIS2_PLACEMENT_3D ( 'NONE', #2201, #5471, #4519 ) ;
#3378 = DIRECTION ( 'NONE',  ( 1.000000000000000000, 0.000000000000000000, 0.000000000000000000 ) ) ;
#3379 = VERTEX_POINT ( 'NONE', #3400 ) ;
#3380 = CARTESIAN_POINT ( 'NONE',  ( 8.252142372482268229, -14.49999999999999467, 500.0000000000000000 ) ) ;
#3381 = DIRECTION ( 'NONE',  ( -1.000000000000000000, 0.000000000000000000, 0.000000000000000000 ) ) ;
#3382 = AXIS2_PLACEMENT_3D ( 'NONE', #270, #2196, #4112 ) ;
#3383 = EDGE_CURVE ( 'NONE', #5319, #3231, #3494, .T. ) ;
#3384 = CARTESIAN_POINT ( 'NONE',  ( 9.750000000000001776, -30.00000000000000711, 500.0000000000000000 ) ) ;
#3385 = VECTOR ( 'NONE', #1609, 1000.000000000000000 ) ;
#3386 = EDGE_LOOP ( 'NONE', ( #64, #4509, #2548, #639 ) ) ;
#3387 = CARTESIAN_POINT ( 'NONE',  ( -8.252142372482268229, 5.500000000000004441, 500.0000000000000000 ) ) ;
#3388 = CARTESIAN_POINT ( 'NONE',  ( 8.002142372482268229, -14.74999999999999645, 500.0000000000000000 ) ) ;
#3389 = DIRECTION ( 'NONE',  ( -0.000000000000000000, -0.000000000000000000, 1.000000000000000000 ) ) ;
#3390 = LINE ( 'NONE', #5913, #5553 ) ;
#3391 = VERTEX_POINT ( 'NONE', #5891 ) ;
#3392 = DIRECTION ( 'NONE',  ( -1.000000000000000000, 0.000000000000000000, 0.000000000000000000 ) ) ;
#3393 = ORIENTED_EDGE ( 'NONE', *, *, #4803, .T. ) ;
#3394 = DIRECTION ( 'NONE',  ( -1.000000000000000000, 0.000000000000000000, 0.000000000000000000 ) ) ;
#3395 = ADVANCED_FACE ( 'NONE', ( #5386 ), #1038, .T. ) ;
#3396 = VERTEX_POINT ( 'NONE', #4934 ) ;
#3397 = CYLINDRICAL_SURFACE ( 'NONE', #1370, 0.2500000000000002220 ) ;
#3398 = ORIENTED_EDGE ( 'NONE', *, *, #3222, .T. ) ;
#3399 = CARTESIAN_POINT ( 'NONE',  ( 3.398953432037304268, -19.99999999999999645, 0.000000000000000000 ) ) ;
#3400 = CARTESIAN_POINT ( 'NONE',  ( -3.560660171779816086, -17.60355339059327306, 0.000000000000000000 ) ) ;
#3401 = EDGE_LOOP ( 'NONE', ( #1417, #2083, #3873, #784 ) ) ;
#3402 = CARTESIAN_POINT ( 'NONE',  ( 2.499999999999999556, -23.56066017177981919, 0.000000000000000000 ) ) ;
#3403 = CARTESIAN_POINT ( 'NONE',  ( -2.573223304703363024, -23.63388347648317733, 500.0000000000000000 ) ) ;
#3404 = ORIENTED_EDGE ( 'NONE', *, *, #593, .T. ) ;
#3405 = LINE ( 'NONE', #2938, #2887 ) ;
#3406 = EDGE_CURVE ( 'NONE', #5416, #5822, #5323, .T. ) ;
#3407 = DIRECTION ( 'NONE',  ( -1.000000000000000000, 3.366994447284705066E-16, 0.000000000000000000 ) ) ;
#3408 = LINE ( 'NONE', #3866, #4947 ) ;
#3409 = EDGE_LOOP ( 'NONE', ( #3018, #341, #2672, #1932 ) ) ;
#3410 = DIRECTION ( 'NONE',  ( 0.000000000000000000, 0.000000000000000000, 1.000000000000000000 ) ) ;
#3411 = FACE_OUTER_BOUND ( 'NONE', #6076, .T. ) ;
#3412 = DIRECTION ( 'NONE',  ( 1.000000000000000000, -7.228014483236698528E-16, 0.000000000000000000 ) ) ;
#3413 = PLANE ( 'NONE',  #2041 ) ;
#3414 = ADVANCED_FACE ( 'NONE', ( #1604 ), #2673, .F. ) ;
#3415 = ORIENTED_EDGE ( 'NONE', *, *, #3301, .T. ) ;
#3416 = DIRECTION ( 'NONE',  ( -0.000000000000000000, -0.000000000000000000, 1.000000000000000000 ) ) ;
#3417 = VERTEX_POINT ( 'NONE', #4497 ) ;
#3418 = ORIENTED_EDGE ( 'NONE', *, *, #4977, .T. ) ;
#3419 = DIRECTION ( 'NONE',  ( 0.000000000000000000, 0.000000000000000000, -1.000000000000000000 ) ) ;
#3420 = VERTEX_POINT ( 'NONE', #1634 ) ;
#3421 = LINE ( 'NONE', #2022, #1320 ) ;
#3422 = CARTESIAN_POINT ( 'NONE',  ( 8.502142372482266452, -3.703553390593276706, 500.0000000000000000 ) ) ;
#3423 = CARTESIAN_POINT ( 'NONE',  ( 4.336808689942017736E-16, 3.398953432037304712, 500.0000000000000000 ) ) ;
#3424 = EDGE_LOOP ( 'NONE', ( #179, #5703, #4579, #439 ) ) ;
#3425 = EDGE_CURVE ( 'NONE', #2770, #4997, #2747, .T. ) ;
#3426 = DIRECTION ( 'NONE',  ( 0.000000000000000000, 0.000000000000000000, -1.000000000000000000 ) ) ;
#3427 = CIRCLE ( 'NONE', #4638, 0.2500000000000002220 ) ;
#3428 = ADVANCED_FACE ( 'NONE', ( #4561 ), #4099, .T. ) ;
#3429 = ORIENTED_EDGE ( 'NONE', *, *, #5481, .T. ) ;
#3430 = ORIENTED_EDGE ( 'NONE', *, *, #6095, .T. ) ;
#3431 = CARTESIAN_POINT ( 'NONE',  ( 8.252142372482268229, -7.000000000000002665, 500.0000000000000000 ) ) ;
#3432 = DIRECTION ( 'NONE',  ( -1.000000000000000000, 0.000000000000000000, 0.000000000000000000 ) ) ;
#3433 = CARTESIAN_POINT ( 'NONE',  ( 9.750000000000001776, -29.75000000000000711, 0.000000000000000000 ) ) ;
#3434 = VECTOR ( 'NONE', #4903, 1000.000000000000114 ) ;
#3435 = VECTOR ( 'NONE', #5731, 1000.000000000000000 ) ;
#3436 = VECTOR ( 'NONE', #1137, 1000.000000000000000 ) ;
#3437 = ADVANCED_FACE ( 'NONE', ( #5955 ), #5924, .F. ) ;
#3438 = VECTOR ( 'NONE', #2064, 1000.000000000000000 ) ;
#3439 = VECTOR ( 'NONE', #3077, 1000.000000000000000 ) ;
#3440 = DIRECTION ( 'NONE',  ( -0.000000000000000000, -0.000000000000000000, 1.000000000000000000 ) ) ;
#3441 = EDGE_LOOP ( 'NONE', ( #3415, #1067, #58, #3368 ) ) ;
#3442 = DIRECTION ( 'NONE',  ( 0.000000000000000000, 0.000000000000000000, -1.000000000000000000 ) ) ;
#3443 = CARTESIAN_POINT ( 'NONE',  ( -8.252142372482268229, -12.49999999999999645, 0.000000000000000000 ) ) ;
#3444 = CARTESIAN_POINT ( 'NONE',  ( -5.500000000000000000, 6.560660171779825411, 500.0000000000000000 ) ) ;
#3445 = PLANE ( 'NONE',  #221 ) ;
#3446 = VECTOR ( 'NONE', #3820, 1000.000000000000000 ) ;
#3447 = VECTOR ( 'NONE', #2863, 1000.000000000000000 ) ;
#3448 = ORIENTED_EDGE ( 'NONE', *, *, #2790, .F. ) ;
#3449 = DIRECTION ( 'NONE',  ( 0.000000000000000000, 0.000000000000000000, -1.000000000000000000 ) ) ;
#3450 = ORIENTED_EDGE ( 'NONE', *, *, #1493, .T. ) ;
#3451 = EDGE_CURVE ( 'NONE', #3079, #4098, #5508, .T. ) ;
#3452 = ORIENTED_EDGE ( 'NONE', *, *, #3301, .F. ) ;
#3453 = VECTOR ( 'NONE', #1673, 1000.000000000000114 ) ;
#3454 = CARTESIAN_POINT ( 'NONE',  ( -0.2422809267016586554, -3.560660171779816974, 0.000000000000000000 ) ) ;
#3455 = VECTOR ( 'NONE', #4513, 1000.000000000000000 ) ;
#3456 = ORIENTED_EDGE ( 'NONE', *, *, #3265, .F. ) ;
#3457 = DIRECTION ( 'NONE',  ( -7.228014483236698528E-16, 1.000000000000000000, -0.000000000000000000 ) ) ;
#3458 = CIRCLE ( 'NONE', #736, 0.2500000000000002220 ) ;
#3459 = DIRECTION ( 'NONE',  ( -0.000000000000000000, 1.000000000000000000, -0.000000000000000000 ) ) ;
#3460 = EDGE_CURVE ( 'NONE', #5467, #1209, #1648, .T. ) ;
#3461 = ORIENTED_EDGE ( 'NONE', *, *, #997, .T. ) ;
#3462 = PRODUCT ( 'Aluminium profile 2040 500mm', 'Aluminium profile 2040 500mm', '', ( #1912 ) ) ;
#3463 = ORIENTED_EDGE ( 'NONE', *, *, #2809, .F. ) ;
#3464 = EDGE_CURVE ( 'NONE', #123, #648, #2705, .T. ) ;
#3465 = ORIENTED_EDGE ( 'NONE', *, *, #5094, .T. ) ;
#3466 = CARTESIAN_POINT ( 'NONE',  ( -8.252142372482266452, -3.100000000000004530, 500.0000000000000000 ) ) ;
#3467 = LINE ( 'NONE', #924, #3473 ) ;
#3468 = PRODUCT_DEFINITION_CONTEXT ( 'detailed design', #3561, 'design' ) ;
#3469 = DIRECTION ( 'NONE',  ( 0.7071067811865491270, 0.7071067811865459074, 0.000000000000000000 ) ) ;
#3470 = AXIS2_PLACEMENT_3D ( 'NONE', #5, #5310, #2918 ) ;
#3471 = EDGE_CURVE ( 'NONE', #5470, #5406, #4998, .T. ) ;
#3472 = CARTESIAN_POINT ( 'NONE',  ( -3.810660171779816530, -17.60355339059327306, 500.0000000000000000 ) ) ;
#3473 = VECTOR ( 'NONE', #1978, 1000.000000000000000 ) ;
#3474 = CYLINDRICAL_SURFACE ( 'NONE', #2640, 0.2500000000000002220 ) ;
#3475 = VERTEX_POINT ( 'NONE', #5026 ) ;
#3476 = CARTESIAN_POINT ( 'NONE',  ( 6.146446609406724271, -6.500000000000002665, 0.000000000000000000 ) ) ;
#3477 = CARTESIAN_POINT ( 'NONE',  ( 8.002142372482268229, -14.49999999999999467, 500.0000000000000000 ) ) ;
#3478 = VECTOR ( 'NONE', #2572, 1000.000000000000000 ) ;
#3479 = LINE ( 'NONE', #1086, #6217 ) ;
#3480 = VECTOR ( 'NONE', #3804, 1000.000000000000000 ) ;
#3481 = FACE_OUTER_BOUND ( 'NONE', #5276, .T. ) ;
#3482 = ORIENTED_EDGE ( 'NONE', *, *, #6153, .T. ) ;
#3483 = VECTOR ( 'NONE', #5585, 1000.000000000000000 ) ;
#3484 = PLANE ( 'NONE',  #2533 ) ;
#3485 = AXIS2_PLACEMENT_3D ( 'NONE', #4714, #1824, #6174 ) ;
#3486 = ORIENTED_EDGE ( 'NONE', *, *, #5587, .T. ) ;
#3487 = CARTESIAN_POINT ( 'NONE',  ( 8.002142372482268229, -25.25000000000000000, 0.000000000000000000 ) ) ;
#3488 = ORIENTED_EDGE ( 'NONE', *, *, #3000, .T. ) ;
#3489 = DIRECTION ( 'NONE',  ( -7.228014483236698528E-16, -1.000000000000000000, 0.000000000000000000 ) ) ;
#3490 = ORIENTED_EDGE ( 'NONE', *, *, #3926, .T. ) ;
#3491 = CARTESIAN_POINT ( 'NONE',  ( 7.752142372482267341, -7.500000000000003553, 500.0000000000000000 ) ) ;
#3492 = EDGE_CURVE ( 'NONE', #4503, #5782, #1135, .T. ) ;
#3493 = AXIS2_PLACEMENT_3D ( 'NONE', #2153, #2712, #6092 ) ;
#3494 = LINE ( 'NONE', #3423, #2448 ) ;
#3495 = ORIENTED_EDGE ( 'NONE', *, *, #1987, .T. ) ;
#3496 = ADVANCED_FACE ( 'NONE', ( #1186 ), #3056, .T. ) ;
#3497 = EDGE_CURVE ( 'NONE', #866, #477, #2207, .T. ) ;
#3498 = ORIENTED_EDGE ( 'NONE', *, *, #6064, .T. ) ;
#3499 = EDGE_LOOP ( 'NONE', ( #2392, #2518, #740, #1398 ) ) ;
#3500 = CARTESIAN_POINT ( 'NONE',  ( 6.560660171779821859, -14.49999999999999645, 500.0000000000000000 ) ) ;
#3501 = CARTESIAN_POINT ( 'NONE',  ( 2.499999999999999556, 3.560660171779816974, 500.0000000000000000 ) ) ;
#3502 = CARTESIAN_POINT ( 'NONE',  ( 8.502142372482266452, 3.703553390593276706, 500.0000000000000000 ) ) ;
#3503 = PLANE ( 'NONE',  #4359 ) ;
#3504 = CARTESIAN_POINT ( 'NONE',  ( -2.396446609406725603, -23.56066017177981209, 0.000000000000000000 ) ) ;
#3505 = PRODUCT_RELATED_PRODUCT_CATEGORY ( 'part', '', ( #3462 ) ) ;
#3506 = ORIENTED_EDGE ( 'NONE', *, *, #4831, .T. ) ;
#3507 = DIRECTION ( 'NONE',  ( 0.5551424749987389218, 0.8317552719714342846, 0.000000000000000000 ) ) ;
#3508 = EDGE_CURVE ( 'NONE', #4286, #3331, #4030, .T. ) ;
#3509 = CARTESIAN_POINT ( 'NONE',  ( 3.633883476483180441, -22.57322330470336169, 0.000000000000000000 ) ) ;
#3510 = DIRECTION ( 'NONE',  ( -0.000000000000000000, 0.000000000000000000, 1.000000000000000000 ) ) ;
#3511 = ADVANCED_FACE ( 'NONE', ( #6023 ), #3647, .F. ) ;
#3512 = FACE_OUTER_BOUND ( 'NONE', #5705, .T. ) ;
#3513 = VERTEX_POINT ( 'NONE', #5096 ) ;
#3514 = CARTESIAN_POINT ( 'NONE',  ( 10.00000000000000178, -29.75000000000000711, 0.000000000000000000 ) ) ;
#3515 = VERTEX_POINT ( 'NONE', #3116 ) ;
#3516 = ADVANCED_FACE ( 'NONE', ( #2143 ), #2177, .F. ) ;
#3517 = ORIENTED_EDGE ( 'NONE', *, *, #2408, .F. ) ;
#3518 = DIRECTION ( 'NONE',  ( -0.000000000000000000, -1.000000000000000000, -0.000000000000000000 ) ) ;
#3519 = ORIENTED_EDGE ( 'NONE', *, *, #1744, .T. ) ;
#3520 = CARTESIAN_POINT ( 'NONE',  ( 4.336808689942017736E-16, -3.398953432037304712, 0.000000000000000000 ) ) ;
#3521 = ORIENTED_EDGE ( 'NONE', *, *, #2858, .T. ) ;
#3522 = ADVANCED_FACE ( 'NONE', ( #1123 ), #4966, .F. ) ;
#3523 = DIRECTION ( 'NONE',  ( 0.000000000000000000, 0.000000000000000000, 1.000000000000000000 ) ) ;
#3524 = ORIENTED_EDGE ( 'NONE', *, *, #3274, .T. ) ;
#3525 = LINE ( 'NONE', #4033, #3864 ) ;
#3526 = ORIENTED_EDGE ( 'NONE', *, *, #2738, .T. ) ;
#3527 = ADVANCED_FACE ( 'NONE', ( #4154 ), #4287, .T. ) ;
#3528 = EDGE_LOOP ( 'NONE', ( #4815, #1289, #2570, #2000 ) ) ;
#3529 = CARTESIAN_POINT ( 'NONE',  ( -10.00000000000000178, -29.75000000000000711, 500.0000000000000000 ) ) ;
#3530 = DIRECTION ( 'NONE',  ( -0.7071067811865465735, -0.7071067811865484609, -0.000000000000000000 ) ) ;
#3531 = LINE ( 'NONE', #6000, #717 ) ;
#3532 = DIRECTION ( 'NONE',  ( -1.000000000000000000, -1.734723475976805517E-15, 0.000000000000000000 ) ) ;
#3533 = ORIENTED_EDGE ( 'NONE', *, *, #3425, .F. ) ;
#3534 = CARTESIAN_POINT ( 'NONE',  ( -2.396446609406726047, -23.81066017177981209, 500.0000000000000000 ) ) ;
#3535 = VECTOR ( 'NONE', #4107, 1000.000000000000000 ) ;
#3536 = CARTESIAN_POINT ( 'NONE',  ( -5.500000000000000000, -26.56066017177982275, 0.000000000000000000 ) ) ;
#3537 = CARTESIAN_POINT ( 'NONE',  ( 8.678919067778902985, 3.526776695296639286, 0.000000000000000000 ) ) ;
#3538 = DIRECTION ( 'NONE',  ( -1.000000000000000000, 0.000000000000000000, 0.000000000000000000 ) ) ;
#3539 = AXIS2_PLACEMENT_3D ( 'NONE', #1937, #1318, #5164 ) ;
#3540 = AXIS2_PLACEMENT_3D ( 'NONE', #2226, #5726, #4710 ) ;
#3541 = EDGE_CURVE ( 'NONE', #3356, #1073, #4659, .T. ) ;
#3542 = ORIENTED_EDGE ( 'NONE', *, *, #3962, .F. ) ;
#3543 = DIRECTION ( 'NONE',  ( 0.000000000000000000, 0.000000000000000000, -1.000000000000000000 ) ) ;
#3544 = VERTEX_POINT ( 'NONE', #4253 ) ;
#3545 = VERTEX_POINT ( 'NONE', #401 ) ;
#3546 = LINE ( 'NONE', #5020, #1573 ) ;
#3547 = ORIENTED_EDGE ( 'NONE', *, *, #5986, .F. ) ;
#3548 = CARTESIAN_POINT ( 'NONE',  ( 3.633883476483179997, 2.573223304703363912, 0.000000000000000000 ) ) ;
#3549 = VECTOR ( 'NONE', #3002, 1000.000000000000000 ) ;
#3550 = CIRCLE ( 'NONE', #5160, 0.2500000000000002220 ) ;
#3551 = DIRECTION ( 'NONE',  ( 0.000000000000000000, 0.000000000000000000, -1.000000000000000000 ) ) ;
#3552 = EDGE_CURVE ( 'NONE', #1215, #822, #1413, .T. ) ;
#3553 = AXIS2_PLACEMENT_3D ( 'NONE', #2084, #6025, #5926 ) ;
#3554 = EDGE_LOOP ( 'NONE', ( #2710, #4626, #3958, #5920 ) ) ;
#3555 = AXIS2_PLACEMENT_3D ( 'NONE', #1311, #1868, #4652 ) ;
#3556 = DIRECTION ( 'NONE',  ( -1.000000000000000000, 0.000000000000000000, 0.000000000000000000 ) ) ;
#3557 = ORIENTED_EDGE ( 'NONE', *, *, #3265, .T. ) ;
#3558 = CARTESIAN_POINT ( 'NONE',  ( 9.999999999999998224, 4.951411018111002704, 500.0000000000000000 ) ) ;
#3559 = FACE_OUTER_BOUND ( 'NONE', #5060, .T. ) ;
#3560 = EDGE_CURVE ( 'NONE', #4741, #3814, #3817, .T. ) ;
#3561 = APPLICATION_CONTEXT ( 'automotive_design' ) ;
#3562 = ORIENTED_EDGE ( 'NONE', *, *, #5777, .T. ) ;
#3563 = VERTEX_POINT ( 'NONE', #1284 ) ;
#3564 = CARTESIAN_POINT ( 'NONE',  ( 3.560660171779816086, -2.500000000000000444, 500.0000000000000000 ) ) ;
#3565 = CARTESIAN_POINT ( 'NONE',  ( 2.499999999999999556, 3.560660171779816974, 500.0000000000000000 ) ) ;
#3566 = LINE ( 'NONE', #5488, #5660 ) ;
#3567 = ADVANCED_FACE ( 'NONE', ( #3332 ), #339, .F. ) ;
#3568 = FACE_OUTER_BOUND ( 'NONE', #2855, .T. ) ;
#3569 = LINE ( 'NONE', #1050, #723 ) ;
#3570 = ORIENTED_EDGE ( 'NONE', *, *, #4878, .T. ) ;
#3571 = FACE_OUTER_BOUND ( 'NONE', #3554, .T. ) ;
#3572 = VECTOR ( 'NONE', #3290, 1000.000000000000000 ) ;
#3573 = CYLINDRICAL_SURFACE ( 'NONE', #3173, 0.5000000000000000000 ) ;
#3574 = CARTESIAN_POINT ( 'NONE',  ( -8.252142372482268229, -14.74999999999999645, 0.000000000000000000 ) ) ;
#3575 = VECTOR ( 'NONE', #2901, 1000.000000000000000 ) ;
#3576 = DIRECTION ( 'NONE',  ( 1.000000000000000000, 0.000000000000000000, 0.000000000000000000 ) ) ;
#3577 = ADVANCED_FACE ( 'NONE', ( #843 ), #4748, .F. ) ;
#3578 = ORIENTED_EDGE ( 'NONE', *, *, #79, .T. ) ;
#3579 = CARTESIAN_POINT ( 'NONE',  ( -3.560660171779815197, -19.75771907329833965, 500.0000000000000000 ) ) ;
#3580 = ORIENTED_EDGE ( 'NONE', *, *, #6058, .F. ) ;
#3581 = VECTOR ( 'NONE', #3878, 1000.000000000000000 ) ;
#3582 = ORIENTED_EDGE ( 'NONE', *, *, #3689, .F. ) ;
#3583 = DIRECTION ( 'NONE',  ( -1.000000000000000000, 0.000000000000000000, 0.000000000000000000 ) ) ;
#3584 = VERTEX_POINT ( 'NONE', #4719 ) ;
#3585 = CARTESIAN_POINT ( 'NONE',  ( 3.633883476483180441, -17.42677669529663476, 500.0000000000000000 ) ) ;
#3586 = DIRECTION ( 'NONE',  ( -1.000000000000000000, 0.000000000000000000, 0.000000000000000000 ) ) ;
#3587 = VECTOR ( 'NONE', #3836, 1000.000000000000000 ) ;
#3588 = EDGE_CURVE ( 'NONE', #5002, #5992, #3782, .T. ) ;
#3589 = ORIENTED_EDGE ( 'NONE', *, *, #1575, .T. ) ;
#3590 = DIRECTION ( 'NONE',  ( -0.7071067811865479058, -0.7071067811865472397, 0.000000000000000000 ) ) ;
#3591 = VERTEX_POINT ( 'NONE', #3679 ) ;
#3592 = FACE_OUTER_BOUND ( 'NONE', #2081, .T. ) ;
#3593 = CIRCLE ( 'NONE', #4488, 0.2500000000000002220 ) ;
#3594 = CARTESIAN_POINT ( 'NONE',  ( 8.678919067778902985, -23.52677669529663973, 0.000000000000000000 ) ) ;
#3595 = ORIENTED_EDGE ( 'NONE', *, *, #1852, .T. ) ;
#3596 = EDGE_LOOP ( 'NONE', ( #1099, #1601, #2111, #4865 ) ) ;
#3597 = DIRECTION ( 'NONE',  ( -0.000000000000000000, -0.000000000000000000, 1.000000000000000000 ) ) ;
#3598 = DIRECTION ( 'NONE',  ( 0.5551424749987354801, -0.8317552719714366161, 0.000000000000000000 ) ) ;
#3599 = CARTESIAN_POINT ( 'NONE',  ( 3.100000000000000089, 8.252142372482271782, 500.0000000000000000 ) ) ;
#3600 = LINE ( 'NONE', #1103, #3549 ) ;
#3601 = EDGE_CURVE ( 'NONE', #4331, #883, #2052, .T. ) ;
#3602 = DIRECTION ( 'NONE',  ( 0.000000000000000000, 0.000000000000000000, -1.000000000000000000 ) ) ;
#3603 = VERTEX_POINT ( 'NONE', #6116 ) ;
#3604 = CARTESIAN_POINT ( 'NONE',  ( -9.999999999999998224, -15.15214237248227036, 500.0000000000000000 ) ) ;
#3605 = FACE_BOUND ( 'NONE', #4883, .T. ) ;
#3606 = DIRECTION ( 'NONE',  ( -1.000000000000000000, -0.000000000000000000, -0.000000000000000000 ) ) ;
#3607 = DIRECTION ( 'NONE',  ( -0.000000000000000000, -0.000000000000000000, 1.000000000000000000 ) ) ;
#3608 = ORIENTED_EDGE ( 'NONE', *, *, #3335, .F. ) ;
#3609 = CARTESIAN_POINT ( 'NONE',  ( -8.252142372482268229, -7.000000000000002665, 500.0000000000000000 ) ) ;
#3610 = ORIENTED_EDGE ( 'NONE', *, *, #6189, .T. ) ;
#3611 = DIRECTION ( 'NONE',  ( -0.000000000000000000, -0.000000000000000000, 1.000000000000000000 ) ) ;
#3612 = ORIENTED_EDGE ( 'NONE', *, *, #4218, .T. ) ;
#3613 = EDGE_CURVE ( 'NONE', #78, #8, #5606, .T. ) ;
#3614 = LINE ( 'NONE', #2669, #2484 ) ;
#3615 = CIRCLE ( 'NONE', #2507, 0.2500000000000002220 ) ;
#3616 = CARTESIAN_POINT ( 'NONE',  ( -8.502142372482266452, -23.70355339059327449, 0.000000000000000000 ) ) ;
#3617 = ORIENTED_EDGE ( 'NONE', *, *, #5359, .T. ) ;
#3618 = DIRECTION ( 'NONE',  ( -1.000000000000000000, 0.000000000000000000, 0.000000000000000000 ) ) ;
#3619 = ORIENTED_EDGE ( 'NONE', *, *, #1709, .F. ) ;
#3620 = CARTESIAN_POINT ( 'NONE',  ( 4.847857627517726087, 10.00000000000000178, 0.000000000000000000 ) ) ;
#3621 = LINE ( 'NONE', #2736, #3241 ) ;
#3622 = EDGE_CURVE ( 'NONE', #4220, #121, #5125, .T. ) ;
#3623 = EDGE_LOOP ( 'NONE', ( #5811, #3016, #3648, #233 ) ) ;
#3624 = DIRECTION ( 'NONE',  ( -0.000000000000000000, -0.000000000000000000, 1.000000000000000000 ) ) ;
#3625 = DIRECTION ( 'NONE',  ( 0.000000000000000000, 0.000000000000000000, -1.000000000000000000 ) ) ;
#3626 = CARTESIAN_POINT ( 'NONE',  ( -3.633883476483179997, -2.573223304703363912, 0.000000000000000000 ) ) ;
#3627 = EDGE_CURVE ( 'NONE', #1749, #3563, #910, .T. ) ;
#3628 = CARTESIAN_POINT ( 'NONE',  ( -3.560660171779816086, -22.39644660940672694, 500.0000000000000000 ) ) ;
#3629 = ORIENTED_EDGE ( 'NONE', *, *, #4627, .F. ) ;
#3630 = DIRECTION ( 'NONE',  ( -0.000000000000000000, -0.000000000000000000, 1.000000000000000000 ) ) ;
#3631 = DIRECTION ( 'NONE',  ( 0.000000000000000000, 0.000000000000000000, 1.000000000000000000 ) ) ;
#3632 = DIRECTION ( 'NONE',  ( -0.000000000000000000, -0.000000000000000000, 1.000000000000000000 ) ) ;
#3633 = CARTESIAN_POINT ( 'NONE',  ( 8.002142372482268229, 5.250000000000003553, 0.000000000000000000 ) ) ;
#3634 = EDGE_CURVE ( 'NONE', #710, #1704, #2833, .T. ) ;
#3635 = ORIENTED_EDGE ( 'NONE', *, *, #4433, .F. ) ;
#3636 = AXIS2_PLACEMENT_3D ( 'NONE', #2001, #1512, #2375 ) ;
#3637 = CARTESIAN_POINT ( 'NONE',  ( 2.292893218813488065, -16.43933982822018436, 500.0000000000000000 ) ) ;
#3638 = ORIENTED_EDGE ( 'NONE', *, *, #2997, .T. ) ;
#3639 = FACE_OUTER_BOUND ( 'NONE', #595, .T. ) ;
#3640 = ORIENTED_EDGE ( 'NONE', *, *, #4674, .F. ) ;
#3641 = DIRECTION ( 'NONE',  ( -1.000000000000000000, 0.000000000000000000, 0.000000000000000000 ) ) ;
#3642 = DIRECTION ( 'NONE',  ( 0.000000000000000000, 0.000000000000000000, -1.000000000000000000 ) ) ;
#3643 = VECTOR ( 'NONE', #949, 1000.000000000000000 ) ;
#3644 = AXIS2_PLACEMENT_3D ( 'NONE', #2447, #4373, #1985 ) ;
#3645 = EDGE_CURVE ( 'NONE', #4760, #3076, #5251, .T. ) ;
#3646 = ORIENTED_EDGE ( 'NONE', *, *, #5777, .F. ) ;
#3647 = CYLINDRICAL_SURFACE ( 'NONE', #1747, 0.2500000000000002220 ) ;
#3648 = ORIENTED_EDGE ( 'NONE', *, *, #3882, .F. ) ;
#3649 = CIRCLE ( 'NONE', #5456, 0.2500000000000002220 ) ;
#3650 = AXIS2_PLACEMENT_3D ( 'NONE', #3736, #4738, #1889 ) ;
#3651 = CARTESIAN_POINT ( 'NONE',  ( 3.560660171779816086, -17.49999999999999645, 0.000000000000000000 ) ) ;
#3652 = EDGE_CURVE ( 'NONE', #2284, #2494, #5780, .T. ) ;
#3653 = VECTOR ( 'NONE', #1717, 1000.000000000000000 ) ;
#3654 = VECTOR ( 'NONE', #5671, 1000.000000000000000 ) ;
#3655 = ADVANCED_FACE ( 'NONE', ( #1902 ), #3233, .T. ) ;
#3656 = VERTEX_POINT ( 'NONE', #2768 ) ;
#3657 = CARTESIAN_POINT ( 'NONE',  ( 6.664213562373094035, -14.74999999999999822, 500.0000000000000000 ) ) ;
#3658 = CARTESIAN_POINT ( 'NONE',  ( 2.499999999999999556, -16.43933982822018436, 0.000000000000000000 ) ) ;
#3659 = CARTESIAN_POINT ( 'NONE',  ( 9.750000000000001776, 9.750000000000003553, 500.0000000000000000 ) ) ;
#3660 = EDGE_CURVE ( 'NONE', #1004, #2427, #4686, .T. ) ;
#3661 = DIRECTION ( 'NONE',  ( 0.000000000000000000, 0.000000000000000000, -1.000000000000000000 ) ) ;
#3662 = EDGE_LOOP ( 'NONE', ( #961, #1343, #3745, #1681 ) ) ;
#3663 = DIRECTION ( 'NONE',  ( 0.000000000000000000, 0.000000000000000000, 1.000000000000000000 ) ) ;
#3664 = DIRECTION ( 'NONE',  ( 0.000000000000000000, -1.000000000000000000, 0.000000000000000000 ) ) ;
#3665 = EDGE_CURVE ( 'NONE', #1489, #1164, #5568, .T. ) ;
#3666 = CARTESIAN_POINT ( 'NONE',  ( 9.999999999999998224, -15.15214237248227036, 500.0000000000000000 ) ) ;
#3667 = FACE_OUTER_BOUND ( 'NONE', #3819, .T. ) ;
#3668 = EDGE_LOOP ( 'NONE', ( #394, #3735, #3970, #3921 ) ) ;
#3669 = CARTESIAN_POINT ( 'NONE',  ( 9.750000000000001776, -30.00000000000000711, 500.0000000000000000 ) ) ;
#3670 = VERTEX_POINT ( 'NONE', #4905 ) ;
#3671 = DIRECTION ( 'NONE',  ( -6.733988894569413090E-16, 1.000000000000000000, 0.000000000000000000 ) ) ;
#3672 = ORIENTED_EDGE ( 'NONE', *, *, #5107, .T. ) ;
#3673 = CARTESIAN_POINT ( 'NONE',  ( -8.002142372482268229, -14.49999999999999467, 0.000000000000000000 ) ) ;
#3674 = CARTESIAN_POINT ( 'NONE',  ( 3.398953432037304268, -19.99999999999999645, 500.0000000000000000 ) ) ;
#3675 = AXIS2_PLACEMENT_3D ( 'NONE', #2126, #4047, #3130 ) ;
#3676 = ORIENTED_EDGE ( 'NONE', *, *, #3063, .T. ) ;
#3677 = VECTOR ( 'NONE', #2538, 1000.000000000000000 ) ;
#3678 = ORIENTED_EDGE ( 'NONE', *, *, #2380, .F. ) ;
#3679 = CARTESIAN_POINT ( 'NONE',  ( -9.999999999999998224, 4.951411018111002704, 500.0000000000000000 ) ) ;
#3680 = ORIENTED_EDGE ( 'NONE', *, *, #1907, .F. ) ;
#3681 = DIRECTION ( 'NONE',  ( -0.000000000000000000, 0.000000000000000000, 1.000000000000000000 ) ) ;
#3682 = ADVANCED_FACE ( 'NONE', ( #3845 ), #5764, .F. ) ;
#3683 = DIRECTION ( 'NONE',  ( -0.8317552719714353948, -0.5551424749987372564, 0.000000000000000000 ) ) ;
#3684 = AXIS2_PLACEMENT_3D ( 'NONE', #5460, #4539, #1173 ) ;
#3685 = VECTOR ( 'NONE', #3899, 1000.000000000000114 ) ;
#3686 = AXIS2_PLACEMENT_3D ( 'NONE', #5151, #1761, #5730 ) ;
#3687 = ORIENTED_EDGE ( 'NONE', *, *, #3460, .T. ) ;
#3688 = DIRECTION ( 'NONE',  ( -1.000000000000000000, 0.000000000000000000, 0.000000000000000000 ) ) ;
#3689 = EDGE_CURVE ( 'NONE', #928, #857, #3876, .T. ) ;
#3690 = DIRECTION ( 'NONE',  ( 0.000000000000000000, 0.000000000000000000, 1.000000000000000000 ) ) ;
#3691 = CARTESIAN_POINT ( 'NONE',  ( -8.002142372482268229, -25.25000000000000000, 0.000000000000000000 ) ) ;
#3692 = EDGE_CURVE ( 'NONE', #2379, #426, #946, .T. ) ;
#3693 = DIRECTION ( 'NONE',  ( -0.000000000000000000, -0.000000000000000000, 1.000000000000000000 ) ) ;
#3694 = AXIS2_PLACEMENT_3D ( 'NONE', #345, #4568, #2186 ) ;
#3695 = ORIENTED_EDGE ( 'NONE', *, *, #5890, .F. ) ;
#3696 = CARTESIAN_POINT ( 'NONE',  ( -4.774634322814361731, 9.926776695296638309, 500.0000000000000000 ) ) ;
#3697 = VERTEX_POINT ( 'NONE', #1964 ) ;
#3698 = DIRECTION ( 'NONE',  ( 1.000000000000000000, 0.000000000000000000, 0.000000000000000000 ) ) ;
#3699 = CARTESIAN_POINT ( 'NONE',  ( 6.487436867076457503, -5.426776695296639197, 0.000000000000000000 ) ) ;
#3700 = CARTESIAN_POINT ( 'NONE',  ( 4.336808689942017736E-16, 3.398953432037304712, 0.000000000000000000 ) ) ;
#3701 = DIRECTION ( 'NONE',  ( 1.000000000000000000, -3.469446951953614682E-16, 0.000000000000000000 ) ) ;
#3702 = ORIENTED_EDGE ( 'NONE', *, *, #759, .F. ) ;
#3703 = EDGE_CURVE ( 'NONE', #2399, #3396, #1993, .T. ) ;
#3704 = LINE ( 'NONE', #4613, #2740 ) ;
#3705 = ORIENTED_EDGE ( 'NONE', *, *, #43, .F. ) ;
#3706 = DIRECTION ( 'NONE',  ( 7.228014483236698528E-16, -1.000000000000000000, -0.000000000000000000 ) ) ;
#3707 = VERTEX_POINT ( 'NONE', #93 ) ;
#3708 = DIRECTION ( 'NONE',  ( 0.7071067811865486830, 0.7071067811865464625, -0.000000000000000000 ) ) ;
#3709 = DIRECTION ( 'NONE',  ( 0.5551424749987402540, -0.8317552719714332854, 0.000000000000000000 ) ) ;
#3710 = EDGE_CURVE ( 'NONE', #3417, #94, #2897, .T. ) ;
#3711 = EDGE_LOOP ( 'NONE', ( #3486, #3687 ) ) ;
#3712 = ORIENTED_EDGE ( 'NONE', *, *, #2532, .F. ) ;
#3713 = DIRECTION ( 'NONE',  ( -1.000000000000000000, 0.000000000000000000, 0.000000000000000000 ) ) ;
#3714 = ORIENTED_EDGE ( 'NONE', *, *, #1798, .F. ) ;
#3715 = DIRECTION ( 'NONE',  ( 1.000000000000000000, -3.469446951953614682E-16, 0.000000000000000000 ) ) ;
#3716 = VERTEX_POINT ( 'NONE', #1090 ) ;
#3717 = CARTESIAN_POINT ( 'NONE',  ( 6.664213562373094923, -25.50000000000000355, 0.000000000000000000 ) ) ;
#3718 = LINE ( 'NONE', #977, #4150 ) ;
#3719 = EDGE_CURVE ( 'NONE', #1802, #4432, #5285, .T. ) ;
#3720 = ORIENTED_EDGE ( 'NONE', *, *, #2257, .T. ) ;
#3721 = CARTESIAN_POINT ( 'NONE',  ( 6.664213562373094923, -25.50000000000000355, 500.0000000000000000 ) ) ;
#3722 = CARTESIAN_POINT ( 'NONE',  ( 2.646446609406762907, -16.29289321881345742, 0.000000000000000000 ) ) ;
#3723 = DIRECTION ( 'NONE',  ( 0.000000000000000000, 0.000000000000000000, -1.000000000000000000 ) ) ;
#3724 = DIRECTION ( 'NONE',  ( -0.000000000000000000, -0.000000000000000000, 1.000000000000000000 ) ) ;
#3725 = ORIENTED_EDGE ( 'NONE', *, *, #5587, .F. ) ;
#3726 = EDGE_CURVE ( 'NONE', #4056, #2966, #5870, .T. ) ;
#3727 = LINE ( 'NONE', #4633, #4262 ) ;
#3728 = ORIENTED_EDGE ( 'NONE', *, *, #3251, .T. ) ;
#3729 = CARTESIAN_POINT ( 'NONE',  ( 6.487436867076458391, -14.57322330470335991, 500.0000000000000000 ) ) ;
#3730 = DIRECTION ( 'NONE',  ( -0.5551424749987354801, -0.8317552719714366161, -0.000000000000000000 ) ) ;
#3731 = LINE ( 'NONE', #3192, #1679 ) ;
#3732 = DIRECTION ( 'NONE',  ( -1.000000000000000000, 0.000000000000000000, 0.000000000000000000 ) ) ;
#3733 = LINE ( 'NONE', #3293, #45 ) ;
#3734 = VECTOR ( 'NONE', #3123, 1000.000000000000000 ) ;
#3735 = ORIENTED_EDGE ( 'NONE', *, *, #5037, .F. ) ;
#3736 = CARTESIAN_POINT ( 'NONE',  ( 6.560660171779821859, 5.500000000000003553, 500.0000000000000000 ) ) ;
#3737 = VERTEX_POINT ( 'NONE', #1534 ) ;
#3738 = CARTESIAN_POINT ( 'NONE',  ( -6.664213562373095812, -5.250000000000002665, 0.000000000000000000 ) ) ;
#3739 = VERTEX_POINT ( 'NONE', #1003 ) ;
#3740 = FACE_OUTER_BOUND ( 'NONE', #5834, .T. ) ;
#3741 = CARTESIAN_POINT ( 'NONE',  ( -9.749999999999998224, 4.951411018111002704, 500.0000000000000000 ) ) ;
#3742 = CIRCLE ( 'NONE', #1736, 0.2500000000000002220 ) ;
#3743 = ORIENTED_EDGE ( 'NONE', *, *, #4329, .T. ) ;
#3744 = CARTESIAN_POINT ( 'NONE',  ( -8.252142372482266452, -23.10000000000000142, 0.000000000000000000 ) ) ;
#3745 = ORIENTED_EDGE ( 'NONE', *, *, #4522, .T. ) ;
#3746 = CARTESIAN_POINT ( 'NONE',  ( 8.252142372482268229, -7.500000000000003553, 0.000000000000000000 ) ) ;
#3747 = DIRECTION ( 'NONE',  ( -0.5551424749987389218, 0.8317552719714342846, 0.000000000000000000 ) ) ;
#3748 = ORIENTED_EDGE ( 'NONE', *, *, #5946, .T. ) ;
#3749 = CARTESIAN_POINT ( 'NONE',  ( 5.500000000000000000, 6.664213562373098476, 500.0000000000000000 ) ) ;
#3750 = AXIS2_PLACEMENT_3D ( 'NONE', #2715, #1326, #5202 ) ;
#3751 = ADVANCED_FACE ( 'NONE', ( #2452 ), #3904, .F. ) ;
#3752 = AXIS2_PLACEMENT_3D ( 'NONE', #1771, #750, #3208 ) ;
#3753 = AXIS2_PLACEMENT_3D ( 'NONE', #5369, #5754, #5787 ) ;
#3754 = ORIENTED_EDGE ( 'NONE', *, *, #5537, .T. ) ;
#3755 = DIRECTION ( 'NONE',  ( 0.000000000000000000, 0.000000000000000000, 1.000000000000000000 ) ) ;
#3756 = FACE_OUTER_BOUND ( 'NONE', #1792, .T. ) ;
#3757 = EDGE_CURVE ( 'NONE', #3076, #1635, #281, .T. ) ;
#3758 = CARTESIAN_POINT ( 'NONE',  ( -3.560660171779816086, -2.500000000000000444, 0.000000000000000000 ) ) ;
#3759 = CARTESIAN_POINT ( 'NONE',  ( 3.398953432037304268, 0.000000000000000000, 0.000000000000000000 ) ) ;
#3760 = AXIS2_PLACEMENT_3D ( 'NONE', #821, #2751, #5619 ) ;
#3761 = AXIS2_PLACEMENT_3D ( 'NONE', #2732, #2328, #3713 ) ;
#3762 = AXIS2_PLACEMENT_3D ( 'NONE', #2342, #1880, #1012 ) ;
#3763 = VECTOR ( 'NONE', #5528, 1000.000000000000000 ) ;
#3764 = DIRECTION ( 'NONE',  ( -1.000000000000000000, 0.000000000000000000, 0.000000000000000000 ) ) ;
#3765 = EDGE_LOOP ( 'NONE', ( #4035, #791, #3672, #6091 ) ) ;
#3766 = EDGE_CURVE ( 'NONE', #243, #6018, #3174, .T. ) ;
#3767 = LINE ( 'NONE', #825, #763 ) ;
#3768 = DIRECTION ( 'NONE',  ( -0.000000000000000000, -0.000000000000000000, 1.000000000000000000 ) ) ;
#3769 = CARTESIAN_POINT ( 'NONE',  ( -7.752142372482267341, -12.49999999999999645, 500.0000000000000000 ) ) ;
#3770 = PLANE ( 'NONE',  #2849 ) ;
#3771 = ORIENTED_EDGE ( 'NONE', *, *, #4773, .T. ) ;
#3772 = DIRECTION ( 'NONE',  ( -0.000000000000000000, -0.000000000000000000, 1.000000000000000000 ) ) ;
#3773 = ORIENTED_EDGE ( 'NONE', *, *, #3692, .T. ) ;
#3774 = FACE_OUTER_BOUND ( 'NONE', #4713, .T. ) ;
#3775 = ORIENTED_EDGE ( 'NONE', *, *, #2325, .F. ) ;
#3776 = LINE ( 'NONE', #4283, #5712 ) ;
#3777 = FACE_OUTER_BOUND ( 'NONE', #1564, .T. ) ;
#3778 = EDGE_CURVE ( 'NONE', #5844, #5541, #1309, .T. ) ;
#3779 = ORIENTED_EDGE ( 'NONE', *, *, #4401, .F. ) ;
#3780 = DIRECTION ( 'NONE',  ( 0.000000000000000000, 0.000000000000000000, -1.000000000000000000 ) ) ;
#3781 = VERTEX_POINT ( 'NONE', #3843 ) ;
#3782 = LINE ( 'NONE', #1767, #839 ) ;
#3783 = ORIENTED_EDGE ( 'NONE', *, *, #1459, .F. ) ;
#3784 = DIRECTION ( 'NONE',  ( -0.000000000000000000, -0.000000000000000000, 1.000000000000000000 ) ) ;
#3785 = CARTESIAN_POINT ( 'NONE',  ( -7.752142372482267341, -7.500000000000003553, 0.000000000000000000 ) ) ;
#3786 = ORIENTED_EDGE ( 'NONE', *, *, #4646, .T. ) ;
#3787 = DIRECTION ( 'NONE',  ( -0.7071067811865491270, 0.7071067811865459074, 0.000000000000000000 ) ) ;
#3788 = FACE_OUTER_BOUND ( 'NONE', #4124, .T. ) ;
#3789 = CIRCLE ( 'NONE', #5181, 0.2500000000000002220 ) ;
#3790 = EDGE_CURVE ( 'NONE', #4849, #2284, #4717, .T. ) ;
#3791 = ORIENTED_EDGE ( 'NONE', *, *, #3125, .F. ) ;
#3792 = EDGE_CURVE ( 'NONE', #2795, #4929, #2326, .T. ) ;
#3793 = DIRECTION ( 'NONE',  ( 0.000000000000000000, 0.000000000000000000, -1.000000000000000000 ) ) ;
#3794 = VECTOR ( 'NONE', #4787, 1000.000000000000000 ) ;
#3795 = VECTOR ( 'NONE', #2254, 1000.000000000000000 ) ;
#3796 = DIRECTION ( 'NONE',  ( -1.000000000000000000, 0.000000000000000000, 0.000000000000000000 ) ) ;
#3797 = CIRCLE ( 'NONE', #2384, 0.2500000000000002220 ) ;
#3798 = DIRECTION ( 'NONE',  ( 0.000000000000000000, 1.000000000000000000, 0.000000000000000000 ) ) ;
#3799 = VECTOR ( 'NONE', #6007, 1000.000000000000000 ) ;
#3800 = ORIENTED_EDGE ( 'NONE', *, *, #4665, .T. ) ;
#3801 = LINE ( 'NONE', #3380, #1482 ) ;
#3802 = CARTESIAN_POINT ( 'NONE',  ( -9.999999999999998224, -24.84785762751772964, 500.0000000000000000 ) ) ;
#3803 = AXIS2_PLACEMENT_3D ( 'NONE', #4273, #4770, #4732 ) ;
#3804 = DIRECTION ( 'NONE',  ( -1.000000000000000000, -3.469446951953614682E-16, 0.000000000000000000 ) ) ;
#3805 = PLANE ( 'NONE',  #1024 ) ;
#3806 = EDGE_CURVE ( 'NONE', #1806, #4374, #2398, .T. ) ;
#3807 = ORIENTED_EDGE ( 'NONE', *, *, #2738, .F. ) ;
#3808 = CARTESIAN_POINT ( 'NONE',  ( 8.002142372482268229, 5.250000000000003553, 500.0000000000000000 ) ) ;
#3809 = ORIENTED_EDGE ( 'NONE', *, *, #565, .T. ) ;
#3810 = DIRECTION ( 'NONE',  ( 0.000000000000000000, 0.000000000000000000, -1.000000000000000000 ) ) ;
#3811 = ORIENTED_EDGE ( 'NONE', *, *, #2282, .T. ) ;
#3812 = PLANE ( 'NONE',  #475 ) ;
#3813 = DIRECTION ( 'NONE',  ( 0.000000000000000000, 0.000000000000000000, -1.000000000000000000 ) ) ;
#3814 = VERTEX_POINT ( 'NONE', #1931 ) ;
#3815 = DIRECTION ( 'NONE',  ( -1.000000000000000000, 0.000000000000000000, 0.000000000000000000 ) ) ;
#3816 = ORIENTED_EDGE ( 'NONE', *, *, #4267, .T. ) ;
#3817 = LINE ( 'NONE', #370, #1346 ) ;
#3818 = EDGE_CURVE ( 'NONE', #1835, #2565, #522, .T. ) ;
#3819 = EDGE_LOOP ( 'NONE', ( #5021, #4185, #3570, #5188 ) ) ;
#3820 = DIRECTION ( 'NONE',  ( -0.000000000000000000, -1.000000000000000000, -0.000000000000000000 ) ) ;
#3821 = ORIENTED_EDGE ( 'NONE', *, *, #2729, .F. ) ;
#3822 = CARTESIAN_POINT ( 'NONE',  ( -3.810660171779816530, -22.39644660940672694, 0.000000000000000000 ) ) ;
#3823 = CARTESIAN_POINT ( 'NONE',  ( -5.792893218813448541, -6.853553390593274841, 500.0000000000000000 ) ) ;
#3824 = ORIENTED_EDGE ( 'NONE', *, *, #3117, .F. ) ;
#3825 = DIRECTION ( 'NONE',  ( -0.000000000000000000, -0.000000000000000000, 1.000000000000000000 ) ) ;
#3826 = APPLICATION_PROTOCOL_DEFINITION ( 'draft international standard', 'automotive_design', 1998, #3561 ) ;
#3827 = DIRECTION ( 'NONE',  ( -0.000000000000000000, -0.000000000000000000, 1.000000000000000000 ) ) ;
#3828 = ADVANCED_FACE ( 'NONE', ( #1411 ), #1900, .F. ) ;
#3829 = LINE ( 'NONE', #1916, #4763 ) ;
#3830 = EDGE_LOOP ( 'NONE', ( #3333, #2089, #2663, #3372 ) ) ;
#3831 = FACE_OUTER_BOUND ( 'NONE', #5893, .T. ) ;
#3832 = DIRECTION ( 'NONE',  ( -1.000000000000000000, 0.000000000000000000, 0.000000000000000000 ) ) ;
#3833 = CARTESIAN_POINT ( 'NONE',  ( -3.398953432037304712, -19.99999999999999645, 0.000000000000000000 ) ) ;
#3834 = EDGE_CURVE ( 'NONE', #4436, #5183, #4782, .T. ) ;
#3835 = ORIENTED_EDGE ( 'NONE', *, *, #1121, .F. ) ;
#3836 = DIRECTION ( 'NONE',  ( -0.000000000000000000, -0.000000000000000000, 1.000000000000000000 ) ) ;
#3837 = CARTESIAN_POINT ( 'NONE',  ( 2.573223304703363024, -23.63388347648318444, 500.0000000000000000 ) ) ;
#3838 = CARTESIAN_POINT ( 'NONE',  ( -6.560660171779821859, -5.500000000000003553, 0.000000000000000000 ) ) ;
#3839 = EDGE_CURVE ( 'NONE', #1926, #4202, #5978, .T. ) ;
#3840 = DIRECTION ( 'NONE',  ( -1.000000000000000000, 0.000000000000000000, 0.000000000000000000 ) ) ;
#3841 = CIRCLE ( 'NONE', #1104, 0.2500000000000002220 ) ;
#3842 = VERTEX_POINT ( 'NONE', #3874 ) ;
#3843 = CARTESIAN_POINT ( 'NONE',  ( -9.750000000000001776, -30.00000000000000711, 0.000000000000000000 ) ) ;
#3844 = ORIENTED_EDGE ( 'NONE', *, *, #6101, .T. ) ;
#3845 = FACE_OUTER_BOUND ( 'NONE', #5003, .T. ) ;
#3846 = ORIENTED_EDGE ( 'NONE', *, *, #3887, .T. ) ;
#3847 = LINE ( 'NONE', #2426, #5894 ) ;
#3848 = VERTEX_POINT ( 'NONE', #2450 ) ;
#3849 = CARTESIAN_POINT ( 'NONE',  ( 3.560660171779816086, -2.396446609406726935, 0.000000000000000000 ) ) ;
#3850 = CARTESIAN_POINT ( 'NONE',  ( -3.560660171779816086, -17.50000000000000000, 500.0000000000000000 ) ) ;
#3851 = EDGE_LOOP ( 'NONE', ( #1961, #527, #3152, #287 ) ) ;
#3852 = VECTOR ( 'NONE', #1154, 1000.000000000000000 ) ;
#3853 = DIRECTION ( 'NONE',  ( 1.000000000000000000, -0.000000000000000000, -0.000000000000000000 ) ) ;
#3854 = DIRECTION ( 'NONE',  ( 0.7071067811865472397, -0.7071067811865479058, 0.000000000000000000 ) ) ;
#3855 = EDGE_CURVE ( 'NONE', #4119, #1350, #3330, .T. ) ;
#3856 = VECTOR ( 'NONE', #176, 1000.000000000000000 ) ;
#3857 = PLANE ( 'NONE',  #4458 ) ;
#3858 = ORIENTED_EDGE ( 'NONE', *, *, #2039, .F. ) ;
#3859 = AXIS2_PLACEMENT_3D ( 'NONE', #2159, #1171, #4451 ) ;
#3860 = VECTOR ( 'NONE', #85, 1000.000000000000000 ) ;
#3861 = CARTESIAN_POINT ( 'NONE',  ( -3.560660171779816086, -17.50000000000000000, 0.000000000000000000 ) ) ;
#3862 = DIRECTION ( 'NONE',  ( 0.000000000000000000, 0.000000000000000000, -1.000000000000000000 ) ) ;
#3863 = ADVANCED_FACE ( 'NONE', ( #4318 ), #1990, .T. ) ;
#3864 = VECTOR ( 'NONE', #5065, 1000.000000000000000 ) ;
#3865 = VECTOR ( 'NONE', #65, 1000.000000000000227 ) ;
#3866 = CARTESIAN_POINT ( 'NONE',  ( -3.560660171779816086, -2.500000000000000444, 0.000000000000000000 ) ) ;
#3867 = EDGE_CURVE ( 'NONE', #3848, #3563, #1434, .T. ) ;
#3868 = ORIENTED_EDGE ( 'NONE', *, *, #5292, .T. ) ;
#3869 = LINE ( 'NONE', #28, #1989 ) ;
#3870 = DIRECTION ( 'NONE',  ( 0.7071067811865484609, 0.7071067811865465735, -0.000000000000000000 ) ) ;
#3871 = CARTESIAN_POINT ( 'NONE',  ( -3.560660171779815197, -0.2422809267016573509, 500.0000000000000000 ) ) ;
#3872 = LINE ( 'NONE', #998, #1738 ) ;
#3873 = ORIENTED_EDGE ( 'NONE', *, *, #5015, .F. ) ;
#3874 = CARTESIAN_POINT ( 'NONE',  ( -5.500000000000000000, 8.002142372482271782, 500.0000000000000000 ) ) ;
#3875 = EDGE_LOOP ( 'NONE', ( #3461, #5824, #4002, #1996 ) ) ;
#3876 = LINE ( 'NONE', #1565, #6185 ) ;
#3877 = ORIENTED_EDGE ( 'NONE', *, *, #1084, .T. ) ;
#3878 = DIRECTION ( 'NONE',  ( -0.7071067811865464625, -0.7071067811865486830, 0.000000000000000000 ) ) ;
#3879 = EDGE_LOOP ( 'NONE', ( #2294, #3775, #3061, #4380 ) ) ;
#3880 = CARTESIAN_POINT ( 'NONE',  ( -9.999999999999998224, 4.847857627517729640, 500.0000000000000000 ) ) ;
#3881 = CARTESIAN_POINT ( 'NONE',  ( 2.396446609406726047, 3.560660171779816974, 0.000000000000000000 ) ) ;
#3882 = EDGE_CURVE ( 'NONE', #941, #5837, #5795, .T. ) ;
#3883 = ORIENTED_EDGE ( 'NONE', *, *, #2780, .T. ) ;
#3884 = DIRECTION ( 'NONE',  ( -0.000000000000000000, -0.000000000000000000, 1.000000000000000000 ) ) ;
#3885 = CIRCLE ( 'NONE', #356, 0.2500000000000002220 ) ;
#3886 = DIRECTION ( 'NONE',  ( 0.8317552719714353948, -0.5551424749987372564, 0.000000000000000000 ) ) ;
#3887 = EDGE_CURVE ( 'NONE', #2290, #4696, #6067, .T. ) ;
#3888 = ORIENTED_EDGE ( 'NONE', *, *, #3552, .T. ) ;
#3889 = FACE_OUTER_BOUND ( 'NONE', #3623, .T. ) ;
#3890 = CARTESIAN_POINT ( 'NONE',  ( 3.560660171779816086, -22.50000000000000000, 0.000000000000000000 ) ) ;
#3891 = CARTESIAN_POINT ( 'NONE',  ( 9.750000000000001776, 10.00000000000000355, 0.000000000000000000 ) ) ;
#3892 = VECTOR ( 'NONE', #173, 1000.000000000000000 ) ;
#3893 = VECTOR ( 'NONE', #1469, 1000.000000000000000 ) ;
#3894 = DIRECTION ( 'NONE',  ( -0.000000000000000000, -0.000000000000000000, 1.000000000000000000 ) ) ;
#3895 = CIRCLE ( 'NONE', #3803, 0.5000000000000004441 ) ;
#3896 = ORIENTED_EDGE ( 'NONE', *, *, #11, .T. ) ;
#3897 = LINE ( 'NONE', #2417, #2279 ) ;
#3898 = VERTEX_POINT ( 'NONE', #5734 ) ;
#3899 = DIRECTION ( 'NONE',  ( -0.7071067811865454633, -0.7071067811865496822, 0.000000000000000000 ) ) ;
#3900 = FACE_OUTER_BOUND ( 'NONE', #4961, .T. ) ;
#3901 = ORIENTED_EDGE ( 'NONE', *, *, #4040, .T. ) ;
#3902 = CARTESIAN_POINT ( 'NONE',  ( 3.526776695296635289, 8.678919067778908314, 500.0000000000000000 ) ) ;
#3903 = EDGE_LOOP ( 'NONE', ( #4240, #3362, #5796, #1818 ) ) ;
#3904 = PLANE ( 'NONE',  #240 ) ;
#3905 = EDGE_LOOP ( 'NONE', ( #3312, #2227, #2065, #4216 ) ) ;
#3906 = CARTESIAN_POINT ( 'NONE',  ( -6.664213562373094923, 5.500000000000003553, 500.0000000000000000 ) ) ;
#3907 = ORIENTED_EDGE ( 'NONE', *, *, #1043, .T. ) ;
#3908 = LINE ( 'NONE', #2991, #4678 ) ;
#3909 = EDGE_CURVE ( 'NONE', #1806, #1577, #4545, .T. ) ;
#3910 = ORIENTED_EDGE ( 'NONE', *, *, #3354, .F. ) ;
#3911 = FACE_OUTER_BOUND ( 'NONE', #2176, .T. ) ;
#3912 = ADVANCED_FACE ( 'NONE', ( #5701 ), #5823, .T. ) ;
#3913 = ORIENTED_EDGE ( 'NONE', *, *, #2142, .F. ) ;
#3914 = EDGE_LOOP ( 'NONE', ( #436, #3521, #2954, #4058 ) ) ;
#3915 = CARTESIAN_POINT ( 'NONE',  ( 0.000000000000000000, -20.00000000000000000, 500.0000000000000000 ) ) ;
#3916 = CIRCLE ( 'NONE', #1547, 0.2500000000000002220 ) ;
#3917 = DIRECTION ( 'NONE',  ( 0.000000000000000000, 0.000000000000000000, 1.000000000000000000 ) ) ;
#3918 = DIRECTION ( 'NONE',  ( -0.7071067811865531239, 0.7071067811865419106, 0.000000000000000000 ) ) ;
#3919 = EDGE_CURVE ( 'NONE', #5799, #2559, #2831, .T. ) ;
#3920 = DIRECTION ( 'NONE',  ( -1.000000000000000000, 0.000000000000000000, 0.000000000000000000 ) ) ;
#3921 = ORIENTED_EDGE ( 'NONE', *, *, #4861, .F. ) ;
#3922 = DIRECTION ( 'NONE',  ( -6.733988894569413090E-16, -1.000000000000000000, 0.000000000000000000 ) ) ;
#3923 = DIRECTION ( 'NONE',  ( -0.7071067811865465735, 0.7071067811865484609, 0.000000000000000000 ) ) ;
#3924 = DIRECTION ( 'NONE',  ( 0.000000000000000000, 0.000000000000000000, -1.000000000000000000 ) ) ;
#3925 = CARTESIAN_POINT ( 'NONE',  ( -8.002142372482268229, -5.500000000000004441, 500.0000000000000000 ) ) ;
#3926 = EDGE_CURVE ( 'NONE', #1835, #112, #1502, .T. ) ;
#3927 = ORIENTED_EDGE ( 'NONE', *, *, #890, .F. ) ;
#3928 = DIRECTION ( 'NONE',  ( -1.000000000000000000, 0.000000000000000000, 0.000000000000000000 ) ) ;
#3929 = ORIENTED_EDGE ( 'NONE', *, *, #4559, .T. ) ;
#3930 = VERTEX_POINT ( 'NONE', #433 ) ;
#3931 = CARTESIAN_POINT ( 'NONE',  ( -2.396446609406726047, -23.81066017177981209, 0.000000000000000000 ) ) ;
#3932 = ORIENTED_EDGE ( 'NONE', *, *, #4994, .T. ) ;
#3933 = DIRECTION ( 'NONE',  ( 0.000000000000000000, -0.000000000000000000, -1.000000000000000000 ) ) ;
#3934 = LINE ( 'NONE', #1481, #5552 ) ;
#3935 = ADVANCED_FACE ( 'NONE', ( #2800 ), #2363, .F. ) ;
#3936 = ORIENTED_EDGE ( 'NONE', *, *, #3634, .F. ) ;
#3937 = ADVANCED_FACE ( 'NONE', ( #4054 ), #5851, .F. ) ;
#3938 = VECTOR ( 'NONE', #5072, 1000.000000000000000 ) ;
#3939 = ORIENTED_EDGE ( 'NONE', *, *, #1939, .F. ) ;
#3940 = ORIENTED_EDGE ( 'NONE', *, *, #1138, .F. ) ;
#3941 = LINE ( 'NONE', #4473, #474 ) ;
#3942 = DIRECTION ( 'NONE',  ( -0.7071067811865479058, 0.7071067811865472397, -0.000000000000000000 ) ) ;
#3943 = CARTESIAN_POINT ( 'NONE',  ( 3.560660171779816086, -22.50000000000000000, 500.0000000000000000 ) ) ;
#3944 = AXIS2_PLACEMENT_3D ( 'NONE', #908, #4345, #3815 ) ;
#3945 = AXIS2_PLACEMENT_3D ( 'NONE', #2069, #1595, #518 ) ;
#3946 = CARTESIAN_POINT ( 'NONE',  ( -0.2422809267016586554, 3.560660171779816086, 0.000000000000000000 ) ) ;
#3947 = VECTOR ( 'NONE', #2841, 1000.000000000000000 ) ;
#3948 = EDGE_CURVE ( 'NONE', #5282, #1513, #5256, .T. ) ;
#3949 = VECTOR ( 'NONE', #795, 1000.000000000000000 ) ;
#3950 = LINE ( 'NONE', #4367, #46 ) ;
#3951 = DIRECTION ( 'NONE',  ( -0.7071067811865479058, 0.7071067811865472397, 0.000000000000000000 ) ) ;
#3952 = ORIENTED_EDGE ( 'NONE', *, *, #3839, .T. ) ;
#3953 = CARTESIAN_POINT ( 'NONE',  ( 2.646446609406725603, -3.707106781186543465, 0.000000000000000000 ) ) ;
#3954 = DIRECTION ( 'NONE',  ( -1.000000000000000000, -3.469446951953614682E-16, 0.000000000000000000 ) ) ;
#3955 = DIRECTION ( 'NONE',  ( -1.000000000000000000, -5.127820663014968840E-16, 0.000000000000000000 ) ) ;
#3956 = CARTESIAN_POINT ( 'NONE',  ( -2.292893218813459200, -4.060660171779814753, 0.000000000000000000 ) ) ;
#3957 = CIRCLE ( 'NONE', #734, 0.2500000000000002220 ) ;
#3958 = ORIENTED_EDGE ( 'NONE', *, *, #5179, .F. ) ;
#3959 = ORIENTED_EDGE ( 'NONE', *, *, #1956, .T. ) ;
#3960 = DIRECTION ( 'NONE',  ( 0.8317552719714332854, -0.5551424749987402540, 0.000000000000000000 ) ) ;
#3961 = ORIENTED_EDGE ( 'NONE', *, *, #1873, .F. ) ;
#3962 = EDGE_CURVE ( 'NONE', #2129, #3697, #554, .T. ) ;
#3963 = AXIS2_PLACEMENT_3D ( 'NONE', #882, #403, #4221 ) ;
#3964 = LINE ( 'NONE', #5766, #4088 ) ;
#3965 = CIRCLE ( 'NONE', #2359, 0.2500000000000002220 ) ;
#3966 = ORIENTED_EDGE ( 'NONE', *, *, #1372, .T. ) ;
#3967 = EDGE_CURVE ( 'NONE', #4347, #2320, #4988, .T. ) ;
#3968 = DIRECTION ( 'NONE',  ( -0.8317552719714353948, 0.5551424749987372564, -0.000000000000000000 ) ) ;
#3969 = DIRECTION ( 'NONE',  ( 0.8317552719714332854, -0.5551424749987402540, -0.000000000000000000 ) ) ;
#3970 = ORIENTED_EDGE ( 'NONE', *, *, #2679, .F. ) ;
#3971 = ADVANCED_FACE ( 'NONE', ( #1660 ), #638, .F. ) ;
#3972 = EDGE_CURVE ( 'NONE', #3781, #1330, #3039, .T. ) ;
#3973 = EDGE_CURVE ( 'NONE', #1112, #1739, #1532, .T. ) ;
#3974 = EDGE_LOOP ( 'NONE', ( #382, #4933, #5630, #1800 ) ) ;
#3975 = EDGE_LOOP ( 'NONE', ( #92, #2551, #5543, #2042 ) ) ;
#3976 = DIRECTION ( 'NONE',  ( -1.000000000000000000, 0.000000000000000000, 0.000000000000000000 ) ) ;
#3977 = CARTESIAN_POINT ( 'NONE',  ( 6.664213562373094035, -14.49999999999999645, 0.000000000000000000 ) ) ;
#3978 = LINE ( 'NONE', #196, #1327 ) ;
#3979 = CIRCLE ( 'NONE', #2989, 0.2500000000000002220 ) ;
#3980 = EDGE_CURVE ( 'NONE', #6051, #5686, #5379, .T. ) ;
#3981 = AXIS2_PLACEMENT_3D ( 'NONE', #6221, #1354, #3715 ) ;
#3982 = DIRECTION ( 'NONE',  ( 0.5551424749987398100, -0.8317552719714336185, 0.000000000000000000 ) ) ;
#3983 = VERTEX_POINT ( 'NONE', #3514 ) ;
#3984 = DIRECTION ( 'NONE',  ( -8.060449430099660112E-16, 1.000000000000000000, 0.000000000000000000 ) ) ;
#3985 = FACE_OUTER_BOUND ( 'NONE', #1516, .T. ) ;
#3986 = CIRCLE ( 'NONE', #2781, 0.2500000000000002220 ) ;
#3987 = CARTESIAN_POINT ( 'NONE',  ( 6.664213562373094923, -5.500000000000003553, 0.000000000000000000 ) ) ;
#3988 = VECTOR ( 'NONE', #2315, 1000.000000000000000 ) ;
#3989 = DIRECTION ( 'NONE',  ( -1.000000000000000000, 0.000000000000000000, 0.000000000000000000 ) ) ;
#3990 = EDGE_CURVE ( 'NONE', #1789, #1696, #1220, .T. ) ;
#3991 = ORIENTED_EDGE ( 'NONE', *, *, #1511, .T. ) ;
#3992 = CIRCLE ( 'NONE', #3694, 0.5000000000000000000 ) ;
#3993 = VECTOR ( 'NONE', #2796, 1000.000000000000000 ) ;
#3994 = ORIENTED_EDGE ( 'NONE', *, *, #5281, .F. ) ;
#3995 = ORIENTED_EDGE ( 'NONE', *, *, #5719, .T. ) ;
#3996 = CARTESIAN_POINT ( 'NONE',  ( -8.252142372482268229, -5.250000000000003553, 0.000000000000000000 ) ) ;
#3997 = ORIENTED_EDGE ( 'NONE', *, *, #3383, .F. ) ;
#3998 = CARTESIAN_POINT ( 'NONE',  ( 3.100000000000000089, -28.25214237248227533, 500.0000000000000000 ) ) ;
#3999 = DIRECTION ( 'NONE',  ( -1.000000000000000000, 0.000000000000000000, 0.000000000000000000 ) ) ;
#4000 = VECTOR ( 'NONE', #5614, 1000.000000000000000 ) ;
#4001 = EDGE_CURVE ( 'NONE', #1028, #5052, #1563, .T. ) ;
#4002 = ORIENTED_EDGE ( 'NONE', *, *, #1043, .F. ) ;
#4003 = DIRECTION ( 'NONE',  ( 0.000000000000000000, 0.000000000000000000, -1.000000000000000000 ) ) ;
#4004 = ORIENTED_EDGE ( 'NONE', *, *, #1907, .T. ) ;
#4005 = CARTESIAN_POINT ( 'NONE',  ( 8.502142372482266452, -3.703553390593276706, 500.0000000000000000 ) ) ;
#4006 = ORIENTED_EDGE ( 'NONE', *, *, #5266, .T. ) ;
#4007 = EDGE_LOOP ( 'NONE', ( #338, #4677, #5196, #676 ) ) ;
#4008 = CARTESIAN_POINT ( 'NONE',  ( -4.951411018110999152, 9.750000000000001776, 0.000000000000000000 ) ) ;
#4009 = FACE_OUTER_BOUND ( 'NONE', #1672, .T. ) ;
#4010 = DIRECTION ( 'NONE',  ( -1.000000000000000000, 0.000000000000000000, 0.000000000000000000 ) ) ;
#4011 = ADVANCED_FACE ( 'NONE', ( #2509 ), #3484, .T. ) ;
#4012 = VECTOR ( 'NONE', #3048, 1000.000000000000000 ) ;
#4013 = CARTESIAN_POINT ( 'NONE',  ( 3.453553390593271821, -28.50214237248227533, 0.000000000000000000 ) ) ;
#4014 = ORIENTED_EDGE ( 'NONE', *, *, #210, .T. ) ;
#4015 = CARTESIAN_POINT ( 'NONE',  ( -8.678919067778902985, -3.526776695296639286, 500.0000000000000000 ) ) ;
#4016 = CARTESIAN_POINT ( 'NONE',  ( 3.633883476483179997, -2.573223304703363912, 500.0000000000000000 ) ) ;
#4017 = ADVANCED_FACE ( 'NONE', ( #2566 ), #4489, .F. ) ;
#4018 = CARTESIAN_POINT ( 'NONE',  ( -2.292893218813452982, -15.93933982822018436, 500.0000000000000000 ) ) ;
#4019 = CARTESIAN_POINT ( 'NONE',  ( 6.664213562373094923, -25.25000000000000000, 500.0000000000000000 ) ) ;
#4020 = ORIENTED_EDGE ( 'NONE', *, *, #5922, .T. ) ;
#4021 = DIRECTION ( 'NONE',  ( 0.000000000000000000, 0.000000000000000000, 1.000000000000000000 ) ) ;
#4022 = ORIENTED_EDGE ( 'NONE', *, *, #1358, .F. ) ;
#4023 = VERTEX_POINT ( 'NONE', #3579 ) ;
#4024 = DIRECTION ( 'NONE',  ( 0.000000000000000000, -1.000000000000000000, 0.000000000000000000 ) ) ;
#4025 = EDGE_CURVE ( 'NONE', #5674, #217, #1027, .T. ) ;
#4026 = VERTEX_POINT ( 'NONE', #472 ) ;
#4027 = CARTESIAN_POINT ( 'NONE',  ( 3.703553390593272265, 8.502142372482271782, 0.000000000000000000 ) ) ;
#4028 = CARTESIAN_POINT ( 'NONE',  ( 5.500000000000000000, 6.560660171779825411, 500.0000000000000000 ) ) ;
#4029 = ORIENTED_EDGE ( 'NONE', *, *, #4566, .T. ) ;
#4030 = LINE ( 'NONE', #680, #5057 ) ;
#4031 = ORIENTED_EDGE ( 'NONE', *, *, #6033, .F. ) ;
#4032 = ADVANCED_FACE ( 'NONE', ( #3788 ), #1804, .F. ) ;
#4033 = CARTESIAN_POINT ( 'NONE',  ( 9.999999999999998224, 4.951411018111002704, 500.0000000000000000 ) ) ;
#4034 = VERTEX_POINT ( 'NONE', #4725 ) ;
#4035 = ORIENTED_EDGE ( 'NONE', *, *, #1611, .F. ) ;
#4036 = EDGE_CURVE ( 'NONE', #909, #2453, #5676, .T. ) ;
#4037 = DIRECTION ( 'NONE',  ( 0.000000000000000000, 1.000000000000000000, 0.000000000000000000 ) ) ;
#4038 = VECTOR ( 'NONE', #1007, 1000.000000000000114 ) ;
#4039 = DIRECTION ( 'NONE',  ( -1.000000000000000000, 0.000000000000000000, 0.000000000000000000 ) ) ;
#4040 = EDGE_CURVE ( 'NONE', #2233, #1972, #4691, .T. ) ;
#4041 = CARTESIAN_POINT ( 'NONE',  ( -0.2422809267016586554, -23.56066017177981209, 500.0000000000000000 ) ) ;
#4042 = VECTOR ( 'NONE', #744, 1000.000000000000000 ) ;
#4043 = LINE ( 'NONE', #5971, #1742 ) ;
#4044 = ORIENTED_EDGE ( 'NONE', *, *, #4893, .T. ) ;
#4045 = CYLINDRICAL_SURFACE ( 'NONE', #654, 0.2499999999999997780 ) ;
#4046 = VECTOR ( 'NONE', #2092, 1000.000000000000000 ) ;
#4047 = DIRECTION ( 'NONE',  ( -0.7071067811865470176, 0.7071067811865480168, 0.000000000000000000 ) ) ;
#4048 = DIRECTION ( 'NONE',  ( -1.000000000000000000, 0.000000000000000000, 0.000000000000000000 ) ) ;
#4049 = CARTESIAN_POINT ( 'NONE',  ( -5.500000000000000000, -26.66421356237309581, 500.0000000000000000 ) ) ;
#4050 = EDGE_CURVE ( 'NONE', #2303, #4211, #2040, .T. ) ;
#4051 = AXIS2_PLACEMENT_3D ( 'NONE', #4814, #398, #2922 ) ;
#4052 = CIRCLE ( 'NONE', #6177, 0.2500000000000002220 ) ;
#4053 = EDGE_LOOP ( 'NONE', ( #3033, #3617, #5944, #3178 ) ) ;
#4054 = FACE_OUTER_BOUND ( 'NONE', #6029, .T. ) ;
#4055 = ORIENTED_EDGE ( 'NONE', *, *, #2713, .T. ) ;
#4056 = VERTEX_POINT ( 'NONE', #5290 ) ;
#4057 = DIRECTION ( 'NONE',  ( -0.000000000000000000, 0.000000000000000000, -1.000000000000000000 ) ) ;
#4058 = ORIENTED_EDGE ( 'NONE', *, *, #4861, .T. ) ;
#4059 = DIRECTION ( 'NONE',  ( 0.000000000000000000, 0.000000000000000000, -1.000000000000000000 ) ) ;
#4060 = VECTOR ( 'NONE', #5274, 1000.000000000000000 ) ;
#4061 = PLANE ( 'NONE',  #5960 ) ;
#4062 = AXIS2_PLACEMENT_3D ( 'NONE', #5028, #749, #5510 ) ;
#4063 = ORIENTED_EDGE ( 'NONE', *, *, #5874, .F. ) ;
#4064 = VECTOR ( 'NONE', #3087, 1000.000000000000000 ) ;
#4065 = CARTESIAN_POINT ( 'NONE',  ( -5.249999999999999112, 6.664213562373098476, 0.000000000000000000 ) ) ;
#4066 = VERTEX_POINT ( 'NONE', #5741 ) ;
#4067 = PLANE ( 'NONE',  #4557 ) ;
#4068 = AXIS2_PLACEMENT_3D ( 'NONE', #3822, #4690, #5769 ) ;
#4069 = EDGE_CURVE ( 'NONE', #37, #672, #3718, .T. ) ;
#4070 = ORIENTED_EDGE ( 'NONE', *, *, #2372, .F. ) ;
#4071 = ORIENTED_EDGE ( 'NONE', *, *, #6033, .T. ) ;
#4072 = PLANE ( 'NONE',  #3493 ) ;
#4073 = LINE ( 'NONE', #2553, #2929 ) ;
#4074 = FACE_OUTER_BOUND ( 'NONE', #1794, .T. ) ;
#4075 = CARTESIAN_POINT ( 'NONE',  ( 4.951411018110999152, -29.75000000000000711, 0.000000000000000000 ) ) ;
#4076 = EDGE_CURVE ( 'NONE', #5765, #2493, #5040, .T. ) ;
#4077 = DIRECTION ( 'NONE',  ( -1.000000000000000000, 0.000000000000000000, 0.000000000000000000 ) ) ;
#4078 = VERTEX_POINT ( 'NONE', #2870 ) ;
#4079 = MANIFOLD_SOLID_BREP ( 'Cut-Extrude1', #5574 ) ;
#4080 = DIRECTION ( 'NONE',  ( 1.000000000000000000, 0.000000000000000000, 0.000000000000000000 ) ) ;
#4081 = AXIS2_PLACEMENT_3D ( 'NONE', #3802, #5723, #2220 ) ;
#4082 = PLANE ( 'NONE',  #751 ) ;
#4083 = DIRECTION ( 'NONE',  ( -8.060449430099660112E-16, 1.000000000000000000, -0.000000000000000000 ) ) ;
#4084 = CARTESIAN_POINT ( 'NONE',  ( 8.678919067778902985, -23.52677669529663973, 500.0000000000000000 ) ) ;
#4085 = VERTEX_POINT ( 'NONE', #3823 ) ;
#4086 = ORIENTED_EDGE ( 'NONE', *, *, #2405, .F. ) ;
#4087 = LINE ( 'NONE', #3609, #3439 ) ;
#4088 = VECTOR ( 'NONE', #4408, 1000.000000000000000 ) ;
#4089 = ORIENTED_EDGE ( 'NONE', *, *, #4302, .F. ) ;
#4090 = CIRCLE ( 'NONE', #5087, 0.2500000000000002220 ) ;
#4091 = CARTESIAN_POINT ( 'NONE',  ( 5.500000000000000000, 6.664213562373098476, 0.000000000000000000 ) ) ;
#4092 = ORIENTED_EDGE ( 'NONE', *, *, #3316, .F. ) ;
#4093 = PLANE ( 'NONE',  #2984 ) ;
#4094 = CARTESIAN_POINT ( 'NONE',  ( -6.146446609406722494, -7.000000000000002665, 0.000000000000000000 ) ) ;
#4095 = ADVANCED_FACE ( 'NONE', ( #3276 ), #916, .T. ) ;
#4096 = CIRCLE ( 'NONE', #4590, 0.2500000000000002220 ) ;
#4097 = CIRCLE ( 'NONE', #5397, 0.2500000000000002220 ) ;
#4098 = VERTEX_POINT ( 'NONE', #16 ) ;
#4099 = CYLINDRICAL_SURFACE ( 'NONE', #231, 0.2500000000000002220 ) ;
#4100 = VERTEX_POINT ( 'NONE', #5642 ) ;
#4101 = CARTESIAN_POINT ( 'NONE',  ( 3.560660171779815641, -0.2422809267016608203, 0.000000000000000000 ) ) ;
#4102 = ADVANCED_FACE ( 'NONE', ( #2808 ), #406, .T. ) ;
#4103 = VERTEX_POINT ( 'NONE', #5258 ) ;
#4104 = CARTESIAN_POINT ( 'NONE',  ( -8.252142372482268229, -14.74999999999999645, 500.0000000000000000 ) ) ;
#4105 = ADVANCED_FACE ( 'NONE', ( #4756 ), #2371, .F. ) ;
#4106 = DIRECTION ( 'NONE',  ( 0.000000000000000000, 0.000000000000000000, 1.000000000000000000 ) ) ;
#4107 = DIRECTION ( 'NONE',  ( -0.000000000000000000, -0.000000000000000000, 1.000000000000000000 ) ) ;
#4108 = CARTESIAN_POINT ( 'NONE',  ( 6.487436867076458391, -25.42677669529663831, 0.000000000000000000 ) ) ;
#4109 = ORIENTED_EDGE ( 'NONE', *, *, #4831, .F. ) ;
#4110 = DIRECTION ( 'NONE',  ( 0.000000000000000000, 0.000000000000000000, -1.000000000000000000 ) ) ;
#4111 = FACE_OUTER_BOUND ( 'NONE', #5089, .T. ) ;
#4112 = DIRECTION ( 'NONE',  ( -1.000000000000000000, 0.000000000000000000, 0.000000000000000000 ) ) ;
#4113 = DIRECTION ( 'NONE',  ( 0.000000000000000000, 0.000000000000000000, -1.000000000000000000 ) ) ;
#4114 = EDGE_CURVE ( 'NONE', #1923, #4311, #3934, .T. ) ;
#4115 = ORIENTED_EDGE ( 'NONE', *, *, #2962, .T. ) ;
#4116 = DIRECTION ( 'NONE',  ( 0.000000000000000000, 0.000000000000000000, -1.000000000000000000 ) ) ;
#4117 = ORIENTED_EDGE ( 'NONE', *, *, #3383, .T. ) ;
#4118 = CARTESIAN_POINT ( 'NONE',  ( -0.2422809267016586554, 3.560660171779816974, 500.0000000000000000 ) ) ;
#4119 = VERTEX_POINT ( 'NONE', #589 ) ;
#4120 = CARTESIAN_POINT ( 'NONE',  ( 8.252142372482268229, -12.49999999999999645, 0.000000000000000000 ) ) ;
#4121 = AXIS2_PLACEMENT_3D ( 'NONE', #4229, #4601, #3155 ) ;
#4122 = DIRECTION ( 'NONE',  ( -1.000000000000000000, 0.000000000000000000, 0.000000000000000000 ) ) ;
#4123 = EDGE_CURVE ( 'NONE', #4066, #4056, #1571, .T. ) ;
#4124 = EDGE_LOOP ( 'NONE', ( #3929, #1018, #5126, #4553 ) ) ;
#4125 = DIRECTION ( 'NONE',  ( -0.7071067811865491270, -0.7071067811865459074, 0.000000000000000000 ) ) ;
#4126 = ORIENTED_EDGE ( 'NONE', *, *, #2813, .T. ) ;
#4127 = CARTESIAN_POINT ( 'NONE',  ( -3.633883476483179997, -2.573223304703363912, 0.000000000000000000 ) ) ;
#4128 = LINE ( 'NONE', #1217, #1864 ) ;
#4129 = CYLINDRICAL_SURFACE ( 'NONE', #3752, 2.100000000000000089 ) ;
#4130 = EDGE_CURVE ( 'NONE', #5670, #368, #2843, .T. ) ;
#4131 = ADVANCED_FACE ( 'NONE', ( #712 ), #4129, .F. ) ;
#4132 = VERTEX_POINT ( 'NONE', #3594 ) ;
#4133 = APPLICATION_PROTOCOL_DEFINITION ( 'draft international standard', 'automotive_design', 1998, #2076 ) ;
#4134 = LINE ( 'NONE', #754, #6034 ) ;
#4135 = CARTESIAN_POINT ( 'NONE',  ( 2.646446609406745143, -16.29289321881343966, 500.0000000000000000 ) ) ;
#4136 = CARTESIAN_POINT ( 'NONE',  ( 8.673617379884035472E-16, 8.673617379884035472E-16, 0.000000000000000000 ) ) ;
#4137 = EDGE_LOOP ( 'NONE', ( #5440, #5050, #497, #4217 ) ) ;
#4138 = FACE_OUTER_BOUND ( 'NONE', #4840, .T. ) ;
#4139 = DIRECTION ( 'NONE',  ( 0.000000000000000000, 0.000000000000000000, 1.000000000000000000 ) ) ;
#4140 = FACE_OUTER_BOUND ( 'NONE', #146, .T. ) ;
#4141 = DIRECTION ( 'NONE',  ( -1.000000000000000000, 0.000000000000000000, 0.000000000000000000 ) ) ;
#4142 = VERTEX_POINT ( 'NONE', #684 ) ;
#4143 = CIRCLE ( 'NONE', #813, 0.2500000000000002220 ) ;
#4144 = CARTESIAN_POINT ( 'NONE',  ( -3.560660171779816086, -17.50000000000000000, 500.0000000000000000 ) ) ;
#4145 = ORIENTED_EDGE ( 'NONE', *, *, #1772, .T. ) ;
#4146 = DIRECTION ( 'NONE',  ( 0.000000000000000000, 0.000000000000000000, 1.000000000000000000 ) ) ;
#4147 = ORIENTED_EDGE ( 'NONE', *, *, #3222, .F. ) ;
#4148 = LINE ( 'NONE', #6081, #3286 ) ;
#4149 = DIRECTION ( 'NONE',  ( -0.000000000000000000, -0.000000000000000000, 1.000000000000000000 ) ) ;
#4150 = VECTOR ( 'NONE', #4225, 1000.000000000000227 ) ;
#4151 = AXIS2_PLACEMENT_3D ( 'NONE', #2197, #2661, #3538 ) ;
#4152 = EDGE_CURVE ( 'NONE', #2475, #53, #2676, .T. ) ;
#4153 = ORIENTED_EDGE ( 'NONE', *, *, #5743, .T. ) ;
#4154 = FACE_OUTER_BOUND ( 'NONE', #4551, .T. ) ;
#4155 = ADVANCED_FACE ( 'NONE', ( #6056 ), #254, .F. ) ;
#4156 = ORIENTED_EDGE ( 'NONE', *, *, #580, .T. ) ;
#4157 = CIRCLE ( 'NONE', #1443, 0.5000000000000004441 ) ;
#4158 = CIRCLE ( 'NONE', #132, 0.2500000000000002220 ) ;
#4159 = CARTESIAN_POINT ( 'NONE',  ( -5.426776695296637421, 6.487436867076461944, 0.000000000000000000 ) ) ;
#4160 = VECTOR ( 'NONE', #539, 1000.000000000000114 ) ;
#4161 = VECTOR ( 'NONE', #4251, 1000.000000000000000 ) ;
#4162 = EDGE_LOOP ( 'NONE', ( #252, #4388, #3107, #4645 ) ) ;
#4163 = CARTESIAN_POINT ( 'NONE',  ( 9.999999999999998224, -24.84785762751772964, 0.000000000000000000 ) ) ;
#4164 = LINE ( 'NONE', #6093, #100 ) ;
#4165 = CARTESIAN_POINT ( 'NONE',  ( -8.502142372482266452, -16.29644660940672551, 500.0000000000000000 ) ) ;
#4166 = EDGE_CURVE ( 'NONE', #2260, #1662, #3621, .T. ) ;
#4167 = CARTESIAN_POINT ( 'NONE',  ( -8.252142372482268229, 5.250000000000003553, 500.0000000000000000 ) ) ;
#4168 = ORIENTED_EDGE ( 'NONE', *, *, #669, .T. ) ;
#4169 = CARTESIAN_POINT ( 'NONE',  ( -3.100000000000000089, -28.25214237248227533, 500.0000000000000000 ) ) ;
#4170 = DIRECTION ( 'NONE',  ( 1.000000000000000000, 0.000000000000000000, 0.000000000000000000 ) ) ;
#4171 = CARTESIAN_POINT ( 'NONE',  ( 4.847857627517726087, -30.00000000000000711, 0.000000000000000000 ) ) ;
#4172 = CARTESIAN_POINT ( 'NONE',  ( -2.499999999999999556, 3.560660171779815197, 500.0000000000000000 ) ) ;
#4173 = EDGE_CURVE ( 'NONE', #5114, #2053, #5611, .T. ) ;
#4174 = CARTESIAN_POINT ( 'NONE',  ( -8.002142372482268229, -14.49999999999999467, 500.0000000000000000 ) ) ;
#4175 = ORIENTED_EDGE ( 'NONE', *, *, #6199, .T. ) ;
#4176 = CARTESIAN_POINT ( 'NONE',  ( -8.002142372482268229, -25.50000000000000355, 500.0000000000000000 ) ) ;
#4177 = ORIENTED_EDGE ( 'NONE', *, *, #3117, .T. ) ;
#4178 = CARTESIAN_POINT ( 'NONE',  ( 8.252142372482268229, -5.500000000000004441, 0.000000000000000000 ) ) ;
#4179 = EDGE_LOOP ( 'NONE', ( #2879, #6086, #5447, #4514 ) ) ;
#4180 = DIRECTION ( 'NONE',  ( 1.000000000000000000, 0.000000000000000000, 0.000000000000000000 ) ) ;
#4181 = EDGE_CURVE ( 'NONE', #3391, #421, #1639, .T. ) ;
#4182 = CARTESIAN_POINT ( 'NONE',  ( 5.792893218813447653, -6.853553390593278394, 500.0000000000000000 ) ) ;
#4183 = ORIENTED_EDGE ( 'NONE', *, *, #4869, .T. ) ;
#4184 = VECTOR ( 'NONE', #3706, 1000.000000000000000 ) ;
#4185 = ORIENTED_EDGE ( 'NONE', *, *, #2875, .F. ) ;
#4186 = CARTESIAN_POINT ( 'NONE',  ( 2.499999999999999556, -16.43933982822018436, 500.0000000000000000 ) ) ;
#4187 = EDGE_LOOP ( 'NONE', ( #5254, #3678, #5010, #2619 ) ) ;
#4188 = DIRECTION ( 'NONE',  ( -0.000000000000000000, -0.000000000000000000, 1.000000000000000000 ) ) ;
#4189 = VERTEX_POINT ( 'NONE', #5959 ) ;
#4190 = DIRECTION ( 'NONE',  ( 0.000000000000000000, 0.000000000000000000, -1.000000000000000000 ) ) ;
#4191 = DIRECTION ( 'NONE',  ( 0.000000000000000000, 0.000000000000000000, -1.000000000000000000 ) ) ;
#4192 = CIRCLE ( 'NONE', #3684, 0.5000000000000004441 ) ;
#4193 = AXIS2_PLACEMENT_3D ( 'NONE', #4018, #5940, #3321 ) ;
#4194 = ADVANCED_FACE ( 'NONE', ( #3559 ), #5480, .F. ) ;
#4195 = AXIS2_PLACEMENT_3D ( 'NONE', #3431, #5812, #4389 ) ;
#4196 = ORIENTED_EDGE ( 'NONE', *, *, #2115, .T. ) ;
#4197 = CARTESIAN_POINT ( 'NONE',  ( 4.336808689942017736E-16, -16.60104656796269040, 0.000000000000000000 ) ) ;
#4198 = CARTESIAN_POINT ( 'NONE',  ( 4.336808689942017736E-16, -23.39895343203730249, 500.0000000000000000 ) ) ;
#4199 = CYLINDRICAL_SURFACE ( 'NONE', #5549, 0.2500000000000002220 ) ;
#4200 = ORIENTED_EDGE ( 'NONE', *, *, #3645, .T. ) ;
#4201 = LINE ( 'NONE', #1781, #1345 ) ;
#4202 = VERTEX_POINT ( 'NONE', #2873 ) ;
#4203 = CARTESIAN_POINT ( 'NONE',  ( 10.00000000000000178, -29.75000000000000711, 500.0000000000000000 ) ) ;
#4204 = LINE ( 'NONE', #415, #1773 ) ;
#4205 = FACE_OUTER_BOUND ( 'NONE', #3441, .T. ) ;
#4206 = CARTESIAN_POINT ( 'NONE',  ( -3.560660171779816086, -17.50000000000000000, 0.000000000000000000 ) ) ;
#4207 = ADVANCED_FACE ( 'NONE', ( #1876 ), #2811, .F. ) ;
#4208 = EDGE_LOOP ( 'NONE', ( #2208, #555, #4643, #3081 ) ) ;
#4209 = DIRECTION ( 'NONE',  ( -1.000000000000000000, 0.000000000000000000, 0.000000000000000000 ) ) ;
#4210 = EDGE_CURVE ( 'NONE', #1028, #2810, #5682, .T. ) ;
#4211 = VERTEX_POINT ( 'NONE', #2406 ) ;
#4212 = PLANE ( 'NONE',  #6002 ) ;
#4213 = ORIENTED_EDGE ( 'NONE', *, *, #3627, .F. ) ;
#4214 = DIRECTION ( 'NONE',  ( -0.000000000000000000, -0.000000000000000000, 1.000000000000000000 ) ) ;
#4215 = CARTESIAN_POINT ( 'NONE',  ( -8.252142372482268229, -12.49999999999999645, 0.000000000000000000 ) ) ;
#4216 = ORIENTED_EDGE ( 'NONE', *, *, #5193, .T. ) ;
#4217 = ORIENTED_EDGE ( 'NONE', *, *, #739, .T. ) ;
#4218 = EDGE_CURVE ( 'NONE', #877, #1147, #4265, .T. ) ;
#4219 = DIRECTION ( 'NONE',  ( -1.000000000000000000, 0.000000000000000000, 0.000000000000000000 ) ) ;
#4220 = VERTEX_POINT ( 'NONE', #5745 ) ;
#4221 = DIRECTION ( 'NONE',  ( -1.000000000000000000, 0.000000000000000000, 0.000000000000000000 ) ) ;
#4222 = AXIS2_PLACEMENT_3D ( 'NONE', #850, #2684, #816 ) ;
#4223 = ORIENTED_EDGE ( 'NONE', *, *, #2351, .T. ) ;
#4224 = CARTESIAN_POINT ( 'NONE',  ( 5.500000000000000000, 6.560660171779825411, 500.0000000000000000 ) ) ;
#4225 = DIRECTION ( 'NONE',  ( 0.5551424749987333707, 0.8317552719714379483, -0.000000000000000000 ) ) ;
#4226 = EDGE_CURVE ( 'NONE', #2612, #1543, #1338, .T. ) ;
#4227 = VERTEX_POINT ( 'NONE', #6194 ) ;
#4228 = FACE_OUTER_BOUND ( 'NONE', #4344, .T. ) ;
#4229 = CARTESIAN_POINT ( 'NONE',  ( 6.664213562373094923, -5.250000000000002665, 0.000000000000000000 ) ) ;
#4230 = DIRECTION ( 'NONE',  ( -0.8317552719714366161, -0.5551424749987354801, 0.000000000000000000 ) ) ;
#4231 = CARTESIAN_POINT ( 'NONE',  ( 7.752142372482267341, -12.49999999999999645, 0.000000000000000000 ) ) ;
#4232 = DIRECTION ( 'NONE',  ( 0.000000000000000000, 0.000000000000000000, 1.000000000000000000 ) ) ;
#4233 = ADVANCED_FACE ( 'NONE', ( #5231, #444, #3245, #3313 ), #18, .F. ) ;
#4234 = ORIENTED_EDGE ( 'NONE', *, *, #796, .T. ) ;
#4235 = CARTESIAN_POINT ( 'NONE',  ( -0.2422809267016586554, 3.560660171779816974, 0.000000000000000000 ) ) ;
#4236 = CARTESIAN_POINT ( 'NONE',  ( 3.526776695296635289, -28.67891906777891009, 500.0000000000000000 ) ) ;
#4237 = LINE ( 'NONE', #295, #870 ) ;
#4238 = CARTESIAN_POINT ( 'NONE',  ( 6.146446609406719830, -12.99999999999999822, 500.0000000000000000 ) ) ;
#4239 = CYLINDRICAL_SURFACE ( 'NONE', #1227, 0.2500000000000002220 ) ;
#4240 = ORIENTED_EDGE ( 'NONE', *, *, #4181, .T. ) ;
#4241 = DIRECTION ( 'NONE',  ( -0.000000000000000000, -0.000000000000000000, -1.000000000000000000 ) ) ;
#4242 = VERTEX_POINT ( 'NONE', #2374 ) ;
#4243 = CARTESIAN_POINT ( 'NONE',  ( -3.810660171779816530, -2.396446609406726935, 500.0000000000000000 ) ) ;
#4244 = ORIENTED_EDGE ( 'NONE', *, *, #2272, .F. ) ;
#4245 = EDGE_CURVE ( 'NONE', #8, #909, #430, .T. ) ;
#4246 = FACE_OUTER_BOUND ( 'NONE', #424, .T. ) ;
#4247 = DIRECTION ( 'NONE',  ( 1.000000000000000000, 5.127820663014968840E-16, 0.000000000000000000 ) ) ;
#4248 = EDGE_CURVE ( 'NONE', #2990, #4347, #4794, .T. ) ;
#4249 = EDGE_CURVE ( 'NONE', #5859, #1865, #1455, .T. ) ;
#4250 = AXIS2_PLACEMENT_3D ( 'NONE', #3659, #4602, #1361 ) ;
#4251 = DIRECTION ( 'NONE',  ( -0.000000000000000000, -0.000000000000000000, 1.000000000000000000 ) ) ;
#4252 = ORIENTED_EDGE ( 'NONE', *, *, #2838, .T. ) ;
#4253 = CARTESIAN_POINT ( 'NONE',  ( -8.002142372482268229, -25.50000000000000355, 500.0000000000000000 ) ) ;
#4254 = ORIENTED_EDGE ( 'NONE', *, *, #1146, .F. ) ;
#4255 = FACE_OUTER_BOUND ( 'NONE', #1376, .T. ) ;
#4256 = VERTEX_POINT ( 'NONE', #2462 ) ;
#4257 = CARTESIAN_POINT ( 'NONE',  ( 6.664213562373095812, 5.500000000000003553, 0.000000000000000000 ) ) ;
#4258 = AXIS2_PLACEMENT_3D ( 'NONE', #4285, #119, #4957 ) ;
#4259 = AXIS2_PLACEMENT_3D ( 'NONE', #4019, #2222, #3576 ) ;
#4260 = DIRECTION ( 'NONE',  ( 0.000000000000000000, 1.000000000000000000, -0.000000000000000000 ) ) ;
#4261 = AXIS2_PLACEMENT_3D ( 'NONE', #3599, #139, #4974 ) ;
#4262 = VECTOR ( 'NONE', #6035, 1000.000000000000000 ) ;
#4263 = VECTOR ( 'NONE', #4241, 1000.000000000000000 ) ;
#4264 = EDGE_LOOP ( 'NONE', ( #5109, #2602, #3910, #5223 ) ) ;
#4265 = LINE ( 'NONE', #3721, #2148 ) ;
#4266 = LINE ( 'NONE', #889, #1120 ) ;
#4267 = EDGE_CURVE ( 'NONE', #1164, #3513, #854, .T. ) ;
#4268 = VECTOR ( 'NONE', #3363, 1000.000000000000000 ) ;
#4269 = CIRCLE ( 'NONE', #5873, 0.5000000000000004441 ) ;
#4270 = AXIS2_PLACEMENT_3D ( 'NONE', #635, #3259, #3701 ) ;
#4271 = FACE_OUTER_BOUND ( 'NONE', #3386, .T. ) ;
#4272 = ORIENTED_EDGE ( 'NONE', *, *, #3406, .T. ) ;
#4273 = CARTESIAN_POINT ( 'NONE',  ( -6.146446609406722494, -13.49999999999999822, 0.000000000000000000 ) ) ;
#4274 = DIRECTION ( 'NONE',  ( -0.5551424749987333707, 0.8317552719714379483, 0.000000000000000000 ) ) ;
#4275 = CARTESIAN_POINT ( 'NONE',  ( 8.678919067778902985, -3.526776695296639286, 0.000000000000000000 ) ) ;
#4276 = CARTESIAN_POINT ( 'NONE',  ( 3.526776695296635289, -28.67891906777891009, 0.000000000000000000 ) ) ;
#4277 = EDGE_CURVE ( 'NONE', #2320, #1215, #4157, .T. ) ;
#4278 = ORIENTED_EDGE ( 'NONE', *, *, #3059, .F. ) ;
#4279 = DIRECTION ( 'NONE',  ( 1.000000000000000000, 0.000000000000000000, 0.000000000000000000 ) ) ;
#4280 = VERTEX_POINT ( 'NONE', #1241 ) ;
#4281 = CARTESIAN_POINT ( 'NONE',  ( 5.500000000000000000, -28.00214237248227533, 0.000000000000000000 ) ) ;
#4282 = ORIENTED_EDGE ( 'NONE', *, *, #169, .T. ) ;
#4283 = CARTESIAN_POINT ( 'NONE',  ( -3.560660171779816086, -17.60355339059327306, 0.000000000000000000 ) ) ;
#4284 = LINE ( 'NONE', #2829, #1221 ) ;
#4285 = CARTESIAN_POINT ( 'NONE',  ( -8.252142372482266452, -23.10000000000000142, 500.0000000000000000 ) ) ;
#4286 = VERTEX_POINT ( 'NONE', #4174 ) ;
#4287 = PLANE ( 'NONE',  #1854 ) ;
#4288 = ORIENTED_EDGE ( 'NONE', *, *, #4114, .T. ) ;
#4289 = CARTESIAN_POINT ( 'NONE',  ( -7.752142372482267341, -7.500000000000003553, 500.0000000000000000 ) ) ;
#4290 = ORIENTED_EDGE ( 'NONE', *, *, #2160, .F. ) ;
#4291 = CARTESIAN_POINT ( 'NONE',  ( -3.810660171779816530, 2.396446609406726491, 500.0000000000000000 ) ) ;
#4292 = DIRECTION ( 'NONE',  ( 0.7071067811865474617, 0.7071067811865476838, -0.000000000000000000 ) ) ;
#4293 = EDGE_CURVE ( 'NONE', #6121, #5822, #767, .T. ) ;
#4294 = CIRCLE ( 'NONE', #1572, 0.5000000000000004441 ) ;
#4295 = ORIENTED_EDGE ( 'NONE', *, *, #43, .T. ) ;
#4296 = ADVANCED_FACE ( 'NONE', ( #3568 ), #2158, .F. ) ;
#4297 = AXIS2_PLACEMENT_3D ( 'NONE', #3111, #703, #2629 ) ;
#4298 = CIRCLE ( 'NONE', #3180, 0.2500000000000002220 ) ;
#4299 = CARTESIAN_POINT ( 'NONE',  ( 3.560660171779815197, -20.24228092670165324, 500.0000000000000000 ) ) ;
#4300 = VECTOR ( 'NONE', #5401, 1000.000000000000000 ) ;
#4301 = AXIS2_PLACEMENT_3D ( 'NONE', #5404, #3412, #1984 ) ;
#4302 = EDGE_CURVE ( 'NONE', #4189, #2608, #4555, .T. ) ;
#4303 = FACE_OUTER_BOUND ( 'NONE', #4264, .T. ) ;
#4304 = ORIENTED_EDGE ( 'NONE', *, *, #3106, .F. ) ;
#4305 = CARTESIAN_POINT ( 'NONE',  ( -3.398953432037304712, 0.000000000000000000, 0.000000000000000000 ) ) ;
#4306 = LINE ( 'NONE', #3890, #650 ) ;
#4307 = VECTOR ( 'NONE', #4662, 1000.000000000000000 ) ;
#4308 = DIRECTION ( 'NONE',  ( 0.000000000000000000, 0.000000000000000000, -1.000000000000000000 ) ) ;
#4309 = CARTESIAN_POINT ( 'NONE',  ( -3.810660171779816530, 2.396446609406726491, 500.0000000000000000 ) ) ;
#4310 = DIRECTION ( 'NONE',  ( -0.000000000000000000, -0.000000000000000000, 1.000000000000000000 ) ) ;
#4311 = VERTEX_POINT ( 'NONE', #1169 ) ;
#4312 = DIRECTION ( 'NONE',  ( -7.228014483236698528E-16, 1.000000000000000000, -0.000000000000000000 ) ) ;
#4313 = EDGE_LOOP ( 'NONE', ( #2402, #1310, #1940, #2832 ) ) ;
#4314 = CARTESIAN_POINT ( 'NONE',  ( 3.560660171779816086, 2.396446609406726935, 500.0000000000000000 ) ) ;
#4315 = CIRCLE ( 'NONE', #1588, 0.2500000000000002220 ) ;
#4316 = FACE_OUTER_BOUND ( 'NONE', #6024, .T. ) ;
#4317 = ORIENTED_EDGE ( 'NONE', *, *, #730, .F. ) ;
#4318 = FACE_OUTER_BOUND ( 'NONE', #2993, .T. ) ;
#4319 = VERTEX_POINT ( 'NONE', #1687 ) ;
#4320 = ORIENTED_EDGE ( 'NONE', *, *, #2424, .T. ) ;
#4321 = DIRECTION ( 'NONE',  ( -1.000000000000000000, 0.000000000000000000, 0.000000000000000000 ) ) ;
#4322 = VERTEX_POINT ( 'NONE', #5422 ) ;
#4323 = EDGE_CURVE ( 'NONE', #162, #5707, #3600, .T. ) ;
#4324 = DIRECTION ( 'NONE',  ( 0.000000000000000000, 0.000000000000000000, 1.000000000000000000 ) ) ;
#4325 = DIRECTION ( 'NONE',  ( -0.7071067811865476838, 0.7071067811865474617, 0.000000000000000000 ) ) ;
#4326 = ORIENTED_EDGE ( 'NONE', *, *, #5193, .F. ) ;
#4327 = CARTESIAN_POINT ( 'NONE',  ( 8.252142372482268229, -12.99999999999999822, 500.0000000000000000 ) ) ;
#4328 = CARTESIAN_POINT ( 'NONE',  ( -9.999999999999998224, -24.95141101811100270, 500.0000000000000000 ) ) ;
#4329 = EDGE_CURVE ( 'NONE', #282, #6229, #4654, .T. ) ;
#4330 = DIRECTION ( 'NONE',  ( -0.8317552719714332854, -0.5551424749987402540, 0.000000000000000000 ) ) ;
#4331 = VERTEX_POINT ( 'NONE', #5934 ) ;
#4332 = DIRECTION ( 'NONE',  ( 0.000000000000000000, 0.000000000000000000, -1.000000000000000000 ) ) ;
#4333 = CARTESIAN_POINT ( 'NONE',  ( -4.847857627517726087, -30.00000000000000711, 500.0000000000000000 ) ) ;
#4334 = DIRECTION ( 'NONE',  ( 0.7071067811865464625, -0.7071067811865486830, -0.000000000000000000 ) ) ;
#4335 = CARTESIAN_POINT ( 'NONE',  ( 4.336808689942017736E-16, -3.398953432037304712, 500.0000000000000000 ) ) ;
#4336 = EDGE_LOOP ( 'NONE', ( #2924, #3821, #3175, #4956 ) ) ;
#4337 = CARTESIAN_POINT ( 'NONE',  ( -2.292893218813459200, -4.060660171779814753, 500.0000000000000000 ) ) ;
#4338 = ADVANCED_FACE ( 'NONE', ( #1613 ), #3066, .T. ) ;
#4339 = CARTESIAN_POINT ( 'NONE',  ( 4.336808689942017736E-16, -3.398953432037304712, 500.0000000000000000 ) ) ;
#4340 = LINE ( 'NONE', #2892, #4693 ) ;
#4341 = DIRECTION ( 'NONE',  ( -0.000000000000000000, -0.000000000000000000, 1.000000000000000000 ) ) ;
#4342 = VECTOR ( 'NONE', #346, 1000.000000000000000 ) ;
#4343 = ADVANCED_FACE ( 'NONE', ( #1197 ), #3503, .F. ) ;
#4344 = EDGE_LOOP ( 'NONE', ( #2199, #3714, #535, #141 ) ) ;
#4345 = DIRECTION ( 'NONE',  ( 0.000000000000000000, 0.000000000000000000, -1.000000000000000000 ) ) ;
#4346 = VERTEX_POINT ( 'NONE', #5464 ) ;
#4347 = VERTEX_POINT ( 'NONE', #1887 ) ;
#4348 = DIRECTION ( 'NONE',  ( -0.000000000000000000, -0.000000000000000000, 1.000000000000000000 ) ) ;
#4349 = ORIENTED_EDGE ( 'NONE', *, *, #2988, .F. ) ;
#4350 = CARTESIAN_POINT ( 'NONE',  ( -2.396446609406726047, 3.810660171779815641, 500.0000000000000000 ) ) ;
#4351 = AXIS2_PLACEMENT_3D ( 'NONE', #5647, #4230, #3282 ) ;
#4352 = EDGE_CURVE ( 'NONE', #5972, #1903, #3733, .T. ) ;
#4353 = ORIENTED_EDGE ( 'NONE', *, *, #2988, .T. ) ;
#4354 = AXIS2_PLACEMENT_3D ( 'NONE', #166, #5006, #2121 ) ;
#4355 = CYLINDRICAL_SURFACE ( 'NONE', #5035, 0.2500000000000002220 ) ;
#4356 = VECTOR ( 'NONE', #6188, 1000.000000000000000 ) ;
#4357 = CARTESIAN_POINT ( 'NONE',  ( -6.664213562373094035, -25.25000000000000000, 0.000000000000000000 ) ) ;
#4358 = ORIENTED_EDGE ( 'NONE', *, *, #6021, .F. ) ;
#4359 = AXIS2_PLACEMENT_3D ( 'NONE', #5872, #5906, #2555 ) ;
#4360 = AXIS2_PLACEMENT_3D ( 'NONE', #534, #591, #503 ) ;
#4361 = DIRECTION ( 'NONE',  ( 1.000000000000000000, 0.000000000000000000, -0.000000000000000000 ) ) ;
#4362 = DIRECTION ( 'NONE',  ( 0.7071067811865476838, -0.7071067811865474617, -0.000000000000000000 ) ) ;
#4363 = DIRECTION ( 'NONE',  ( -1.000000000000000000, 0.000000000000000000, 0.000000000000000000 ) ) ;
#4364 = EDGE_CURVE ( 'NONE', #458, #4347, #1540, .T. ) ;
#4365 = VECTOR ( 'NONE', #219, 1000.000000000000000 ) ;
#4366 = AXIS2_PLACEMENT_3D ( 'NONE', #3144, #283, #4125 ) ;
#4367 = CARTESIAN_POINT ( 'NONE',  ( 4.336808689942017736E-16, -16.60104656796269040, 0.000000000000000000 ) ) ;
#4368 = ORIENTED_EDGE ( 'NONE', *, *, #4977, .F. ) ;
#4369 = DIRECTION ( 'NONE',  ( -1.000000000000000000, -3.366994447284705066E-16, -0.000000000000000000 ) ) ;
#4370 = LINE ( 'NONE', #2528, #454 ) ;
#4371 = EDGE_CURVE ( 'NONE', #4914, #5435, #2256, .T. ) ;
#4372 = DIRECTION ( 'NONE',  ( -1.000000000000000000, 0.000000000000000000, 0.000000000000000000 ) ) ;
#4373 = DIRECTION ( 'NONE',  ( 0.000000000000000000, 0.000000000000000000, -1.000000000000000000 ) ) ;
#4374 = VERTEX_POINT ( 'NONE', #388 ) ;
#4375 = CARTESIAN_POINT ( 'NONE',  ( -5.249999999999999112, -26.66421356237309581, 0.000000000000000000 ) ) ;
#4376 = ORIENTED_EDGE ( 'NONE', *, *, #3972, .T. ) ;
#4377 = ORIENTED_EDGE ( 'NONE', *, *, #2302, .T. ) ;
#4378 = DIRECTION ( 'NONE',  ( -1.000000000000000000, 0.000000000000000000, 0.000000000000000000 ) ) ;
#4379 = ADVANCED_FACE ( 'NONE', ( #2386 ), #4239, .F. ) ;
#4380 = ORIENTED_EDGE ( 'NONE', *, *, #5708, .T. ) ;
#4381 = FACE_OUTER_BOUND ( 'NONE', #312, .T. ) ;
#4382 = CIRCLE ( 'NONE', #4890, 2.100000000000000089 ) ;
#4383 = VECTOR ( 'NONE', #5320, 1000.000000000000000 ) ;
#4384 = ADVANCED_FACE ( 'NONE', ( #1922 ), #84, .F. ) ;
#4385 = LINE ( 'NONE', #1877, #4440 ) ;
#4386 = AXIS2_PLACEMENT_3D ( 'NONE', #4672, #1787, #4706 ) ;
#4387 = ORIENTED_EDGE ( 'NONE', *, *, #1711, .T. ) ;
#4388 = ORIENTED_EDGE ( 'NONE', *, *, #5115, .F. ) ;
#4389 = DIRECTION ( 'NONE',  ( 0.000000000000000000, -0.000000000000000000, -1.000000000000000000 ) ) ;
#4390 = DIRECTION ( 'NONE',  ( -7.228014483236698528E-16, -1.000000000000000000, 0.000000000000000000 ) ) ;
#4391 = DIRECTION ( 'NONE',  ( -0.7071067811865479058, 0.7071067811865472397, -0.000000000000000000 ) ) ;
#4392 = VECTOR ( 'NONE', #4312, 1000.000000000000000 ) ;
#4393 = VECTOR ( 'NONE', #794, 1000.000000000000000 ) ;
#4394 = CARTESIAN_POINT ( 'NONE',  ( 8.252142372482266452, -16.29644660940672196, 500.0000000000000000 ) ) ;
#4395 = VECTOR ( 'NONE', #5839, 1000.000000000000000 ) ;
#4396 = ORIENTED_EDGE ( 'NONE', *, *, #2934, .T. ) ;
#4397 = CYLINDRICAL_SURFACE ( 'NONE', #1068, 0.2500000000000002220 ) ;
#4398 = DIRECTION ( 'NONE',  ( 0.8317552719714332854, -0.5551424749987402540, -0.000000000000000000 ) ) ;
#4399 = DIRECTION ( 'NONE',  ( 0.000000000000000000, 1.000000000000000000, 0.000000000000000000 ) ) ;
#4400 = CARTESIAN_POINT ( 'NONE',  ( -5.249999999999999112, 6.664213562373098476, 500.0000000000000000 ) ) ;
#4401 = EDGE_CURVE ( 'NONE', #5252, #123, #5159, .T. ) ;
#4402 = EDGE_CURVE ( 'NONE', #1659, #5607, #5843, .T. ) ;
#4403 = ORIENTED_EDGE ( 'NONE', *, *, #1514, .F. ) ;
#4404 = DIRECTION ( 'NONE',  ( 1.000000000000000000, 0.000000000000000000, 0.000000000000000000 ) ) ;
#4405 = VERTEX_POINT ( 'NONE', #3946 ) ;
#4406 = CARTESIAN_POINT ( 'NONE',  ( -2.396446609406726047, 3.810660171779815641, 500.0000000000000000 ) ) ;
#4407 = ORIENTED_EDGE ( 'NONE', *, *, #5327, .F. ) ;
#4408 = DIRECTION ( 'NONE',  ( -0.000000000000000000, -0.000000000000000000, 1.000000000000000000 ) ) ;
#4409 = ORIENTED_EDGE ( 'NONE', *, *, #3029, .T. ) ;
#4410 = LINE ( 'NONE', #1034, #2521 ) ;
#4411 = EDGE_CURVE ( 'NONE', #2559, #2550, #3649, .T. ) ;
#4412 = VERTEX_POINT ( 'NONE', #3881 ) ;
#4413 = ADVANCED_FACE ( 'NONE', ( #6049 ), #663, .F. ) ;
#4414 = VERTEX_POINT ( 'NONE', #4013 ) ;
#4415 = ORIENTED_EDGE ( 'NONE', *, *, #6058, .T. ) ;
#4416 = LINE ( 'NONE', #624, #4597 ) ;
#4417 = CIRCLE ( 'NONE', #4222, 0.2500000000000002220 ) ;
#4418 = CARTESIAN_POINT ( 'NONE',  ( -2.396446609406726047, -23.81066017177981209, 500.0000000000000000 ) ) ;
#4419 = UNCERTAINTY_MEASURE_WITH_UNIT (LENGTH_MEASURE( 1.000000000000000082E-05 ), #1909, 'distance_accuracy_value', 'NONE');
#4420 = CARTESIAN_POINT ( 'NONE',  ( -5.500000000000000000, -28.00214237248227533, 500.0000000000000000 ) ) ;
#4421 = PRODUCT_DEFINITION_SHAPE ( 'NONE', 'NONE',  #5831 ) ;
#4422 = EDGE_CURVE ( 'NONE', #4412, #1172, #3100, .T. ) ;
#4423 = CARTESIAN_POINT ( 'NONE',  ( -9.999999999999998224, -15.04858898188899907, 500.0000000000000000 ) ) ;
#4424 = DIRECTION ( 'NONE',  ( 0.000000000000000000, 0.000000000000000000, -1.000000000000000000 ) ) ;
#4425 = ORIENTED_EDGE ( 'NONE', *, *, #1784, .T. ) ;
#4426 = CARTESIAN_POINT ( 'NONE',  ( -3.560660171779816086, -22.39644660940672694, 0.000000000000000000 ) ) ;
#4427 = ORIENTED_EDGE ( 'NONE', *, *, #1009, .F. ) ;
#4428 = DIRECTION ( 'NONE',  ( -1.000000000000000000, 0.000000000000000000, 0.000000000000000000 ) ) ;
#4429 = CARTESIAN_POINT ( 'NONE',  ( -5.249999999999999112, -28.00214237248227533, 0.000000000000000000 ) ) ;
#4430 = VERTEX_POINT ( 'NONE', #2501 ) ;
#4431 = DIRECTION ( 'NONE',  ( -1.000000000000000000, 0.000000000000000000, 0.000000000000000000 ) ) ;
#4432 = VERTEX_POINT ( 'NONE', #2123 ) ;
#4433 = EDGE_CURVE ( 'NONE', #3475, #3356, #1614, .T. ) ;
#4434 = ORIENTED_EDGE ( 'NONE', *, *, #5890, .T. ) ;
#4435 = DIRECTION ( 'NONE',  ( -1.000000000000000000, 0.000000000000000000, 0.000000000000000000 ) ) ;
#4436 = VERTEX_POINT ( 'NONE', #111 ) ;
#4437 = CARTESIAN_POINT ( 'NONE',  ( 3.560660171779816086, 2.500000000000000444, 0.000000000000000000 ) ) ;
#4438 = ADVANCED_FACE ( 'NONE', ( #170 ), #2094, .T. ) ;
#4439 = ORIENTED_EDGE ( 'NONE', *, *, #126, .T. ) ;
#4440 = VECTOR ( 'NONE', #5717, 1000.000000000000000 ) ;
#4441 = VERTEX_POINT ( 'NONE', #2032 ) ;
#4442 = VERTEX_POINT ( 'NONE', #3504 ) ;
#4443 = CARTESIAN_POINT ( 'NONE',  ( -9.750000000000001776, 9.750000000000003553, 500.0000000000000000 ) ) ;
#4444 = ADVANCED_FACE ( 'NONE', ( #2972 ), #3474, .F. ) ;
#4445 = CARTESIAN_POINT ( 'NONE',  ( 8.252142372482266452, -3.703553390593276706, 500.0000000000000000 ) ) ;
#4446 = CYLINDRICAL_SURFACE ( 'NONE', #5445, 0.5000000000000000000 ) ;
#4447 = CIRCLE ( 'NONE', #4538, 0.2499999999999997780 ) ;
#4448 = DIRECTION ( 'NONE',  ( -0.7071067811865484609, 0.7071067811865465735, 0.000000000000000000 ) ) ;
#4449 = VECTOR ( 'NONE', #4978, 1000.000000000000000 ) ;
#4450 = AXIS2_PLACEMENT_3D ( 'NONE', #770, #2353, #5084 ) ;
#4451 = DIRECTION ( 'NONE',  ( 0.000000000000000000, -0.000000000000000000, 1.000000000000000000 ) ) ;
#4452 = ORIENTED_EDGE ( 'NONE', *, *, #2997, .F. ) ;
#4453 = DIRECTION ( 'NONE',  ( -0.000000000000000000, -0.000000000000000000, 1.000000000000000000 ) ) ;
#4454 = FACE_BOUND ( 'NONE', #6171, .T. ) ;
#4455 = CARTESIAN_POINT ( 'NONE',  ( 8.252142372482268229, -14.74999999999999645, 500.0000000000000000 ) ) ;
#4456 = LINE ( 'NONE', #2980, #5771 ) ;
#4457 = ADVANCED_FACE ( 'NONE', ( #3004 ), #2592, .F. ) ;
#4458 = AXIS2_PLACEMENT_3D ( 'NONE', #1427, #1364, #3886 ) ;
#4459 = VECTOR ( 'NONE', #67, 1000.000000000000000 ) ;
#4460 = ORIENTED_EDGE ( 'NONE', *, *, #5815, .T. ) ;
#4461 = ORIENTED_EDGE ( 'NONE', *, *, #3341, .T. ) ;
#4462 = ORIENTED_EDGE ( 'NONE', *, *, #4586, .T. ) ;
#4463 = DIRECTION ( 'NONE',  ( 0.5551424749987372564, 0.8317552719714353948, 0.000000000000000000 ) ) ;
#4464 = ORIENTED_EDGE ( 'NONE', *, *, #412, .T. ) ;
#4465 = LINE ( 'NONE', #5856, #4038 ) ;
#4466 = ORIENTED_EDGE ( 'NONE', *, *, #6072, .T. ) ;
#4467 = ORIENTED_EDGE ( 'NONE', *, *, #5861, .T. ) ;
#4468 = CARTESIAN_POINT ( 'NONE',  ( 2.396446609406726047, 3.560660171779816974, 500.0000000000000000 ) ) ;
#4469 = EDGE_CURVE ( 'NONE', #38, #2513, #2245, .T. ) ;
#4470 = EDGE_CURVE ( 'NONE', #3271, #4280, #6176, .T. ) ;
#4471 = ORIENTED_EDGE ( 'NONE', *, *, #1754, .F. ) ;
#4472 = EDGE_LOOP ( 'NONE', ( #4282, #4200, #5492, #5191 ) ) ;
#4473 = CARTESIAN_POINT ( 'NONE',  ( 2.499999999999999556, 3.560660171779816974, 500.0000000000000000 ) ) ;
#4474 = CARTESIAN_POINT ( 'NONE',  ( 8.252142372482266452, -16.89999999999999503, 0.000000000000000000 ) ) ;
#4475 = CARTESIAN_POINT ( 'NONE',  ( -6.146446609406722494, -6.500000000000002665, 0.000000000000000000 ) ) ;
#4476 = AXIS2_PLACEMENT_3D ( 'NONE', #2817, #6201, #2719 ) ;
#4477 = VECTOR ( 'NONE', #2075, 1000.000000000000000 ) ;
#4478 = EDGE_CURVE ( 'NONE', #2565, #5884, #2344, .T. ) ;
#4479 = DIRECTION ( 'NONE',  ( -0.000000000000000000, -0.000000000000000000, 1.000000000000000000 ) ) ;
#4480 = ORIENTED_EDGE ( 'NONE', *, *, #865, .T. ) ;
#4481 = CARTESIAN_POINT ( 'NONE',  ( 8.252142372482268229, -14.74999999999999645, 0.000000000000000000 ) ) ;
#4482 = DIRECTION ( 'NONE',  ( -1.000000000000000000, 0.000000000000000000, 0.000000000000000000 ) ) ;
#4483 = VECTOR ( 'NONE', #267, 1000.000000000000000 ) ;
#4484 = DIRECTION ( 'NONE',  ( 0.000000000000000000, 1.000000000000000000, -0.000000000000000000 ) ) ;
#4485 = CIRCLE ( 'NONE', #3382, 0.2500000000000002220 ) ;
#4486 = CARTESIAN_POINT ( 'NONE',  ( -9.999999999999998224, -24.84785762751772964, 0.000000000000000000 ) ) ;
#4487 = ORIENTED_EDGE ( 'NONE', *, *, #2082, .T. ) ;
#4488 = AXIS2_PLACEMENT_3D ( 'NONE', #658, #3597, #3026 ) ;
#4489 = PLANE ( 'NONE',  #2634 ) ;
#4490 = ORIENTED_EDGE ( 'NONE', *, *, #2023, .F. ) ;
#4491 = ORIENTED_EDGE ( 'NONE', *, *, #4529, .F. ) ;
#4492 = DIRECTION ( 'NONE',  ( -1.000000000000000000, 0.000000000000000000, 0.000000000000000000 ) ) ;
#4493 = ORIENTED_EDGE ( 'NONE', *, *, #875, .F. ) ;
#4494 = FACE_OUTER_BOUND ( 'NONE', #3914, .T. ) ;
#4495 = CARTESIAN_POINT ( 'NONE',  ( -3.560660171779816086, -2.396446609406726935, 0.000000000000000000 ) ) ;
#4496 = ORIENTED_EDGE ( 'NONE', *, *, #3508, .F. ) ;
#4497 = CARTESIAN_POINT ( 'NONE',  ( 8.002142372482268229, -14.49999999999999467, 0.000000000000000000 ) ) ;
#4498 = ADVANCED_FACE ( 'NONE', ( #4536 ), #232, .F. ) ;
#4499 = ORIENTED_EDGE ( 'NONE', *, *, #4173, .F. ) ;
#4500 = LINE ( 'NONE', #4127, #4658 ) ;
#4501 = ORIENTED_EDGE ( 'NONE', *, *, #1921, .F. ) ;
#4502 = EDGE_CURVE ( 'NONE', #2404, #2356, #3067, .T. ) ;
#4503 = VERTEX_POINT ( 'NONE', #198 ) ;
#4504 = CARTESIAN_POINT ( 'NONE',  ( 5.249999999999999112, -28.00214237248227533, 0.000000000000000000 ) ) ;
#4505 = LINE ( 'NONE', #2651, #307 ) ;
#4506 = DIRECTION ( 'NONE',  ( 0.000000000000000000, 0.000000000000000000, -1.000000000000000000 ) ) ;
#4507 = DIRECTION ( 'NONE',  ( -0.7071067811865465735, -0.7071067811865484609, 0.000000000000000000 ) ) ;
#4508 = DIRECTION ( 'NONE',  ( 0.000000000000000000, -0.000000000000000000, 1.000000000000000000 ) ) ;
#4509 = ORIENTED_EDGE ( 'NONE', *, *, #3497, .F. ) ;
#4510 = LINE ( 'NONE', #4574, #4300 ) ;
#4511 = CARTESIAN_POINT ( 'NONE',  ( 0.000000000000000000, 0.000000000000000000, 0.000000000000000000 ) ) ;
#4512 = CARTESIAN_POINT ( 'NONE',  ( 6.560660171779821859, -5.500000000000003553, 0.000000000000000000 ) ) ;
#4513 = DIRECTION ( 'NONE',  ( -6.733988894569410132E-16, -1.000000000000000000, 0.000000000000000000 ) ) ;
#4514 = ORIENTED_EDGE ( 'NONE', *, *, #3341, .F. ) ;
#4515 = CARTESIAN_POINT ( 'NONE',  ( -6.664213562373094923, 5.250000000000002665, 500.0000000000000000 ) ) ;
#4516 = ORIENTED_EDGE ( 'NONE', *, *, #820, .F. ) ;
#4517 = DIRECTION ( 'NONE',  ( -0.000000000000000000, -0.000000000000000000, 1.000000000000000000 ) ) ;
#4518 = ORIENTED_EDGE ( 'NONE', *, *, #3464, .T. ) ;
#4519 = DIRECTION ( 'NONE',  ( -1.000000000000000000, 0.000000000000000000, 0.000000000000000000 ) ) ;
#4520 = ORIENTED_EDGE ( 'NONE', *, *, #4722, .F. ) ;
#4521 = CARTESIAN_POINT ( 'NONE',  ( -2.573223304703363024, 3.633883476483179109, 500.0000000000000000 ) ) ;
#4522 = EDGE_CURVE ( 'NONE', #5819, #3086, #3569, .T. ) ;
#4523 = DIRECTION ( 'NONE',  ( 0.7071067811865479058, -0.7071067811865472397, -0.000000000000000000 ) ) ;
#4524 = ORIENTED_EDGE ( 'NONE', *, *, #109, .T. ) ;
#4525 = DIRECTION ( 'NONE',  ( 0.000000000000000000, 0.000000000000000000, -1.000000000000000000 ) ) ;
#4526 = ORIENTED_EDGE ( 'NONE', *, *, #636, .F. ) ;
#4527 = DIRECTION ( 'NONE',  ( -0.000000000000000000, -0.000000000000000000, 1.000000000000000000 ) ) ;
#4528 = AXIS2_PLACEMENT_3D ( 'NONE', #3565, #2059, #4569 ) ;
#4529 = EDGE_CURVE ( 'NONE', #3206, #6054, #4043, .T. ) ;
#4530 = ORIENTED_EDGE ( 'NONE', *, *, #890, .T. ) ;
#4531 = ORIENTED_EDGE ( 'NONE', *, *, #4694, .T. ) ;
#4532 = LINE ( 'NONE', #3564, #272 ) ;
#4533 = DIRECTION ( 'NONE',  ( 0.000000000000000000, 0.000000000000000000, -1.000000000000000000 ) ) ;
#4534 = LINE ( 'NONE', #1650, #4046 ) ;
#4535 = CIRCLE ( 'NONE', #29, 0.2500000000000002220 ) ;
#4536 = FACE_OUTER_BOUND ( 'NONE', #2519, .T. ) ;
#4537 = ORIENTED_EDGE ( 'NONE', *, *, #4352, .F. ) ;
#4538 = AXIS2_PLACEMENT_3D ( 'NONE', #5428, #4341, #33 ) ;
#4539 = DIRECTION ( 'NONE',  ( -0.000000000000000000, -0.000000000000000000, 1.000000000000000000 ) ) ;
#4540 = EDGE_CURVE ( 'NONE', #1903, #1813, #693, .T. ) ;
#4541 = AXIS2_PLACEMENT_3D ( 'NONE', #347, #1261, #1741 ) ;
#4542 = CARTESIAN_POINT ( 'NONE',  ( -8.678919067778902985, -3.526776695296639286, 0.000000000000000000 ) ) ;
#4543 = DIRECTION ( 'NONE',  ( 0.000000000000000000, 0.000000000000000000, 1.000000000000000000 ) ) ;
#4544 = DIRECTION ( 'NONE',  ( 0.000000000000000000, 0.000000000000000000, -1.000000000000000000 ) ) ;
#4545 = CIRCLE ( 'NONE', #419, 0.2500000000000002220 ) ;
#4546 = VECTOR ( 'NONE', #5578, 1000.000000000000000 ) ;
#4547 = ORIENTED_EDGE ( 'NONE', *, *, #1683, .F. ) ;
#4548 = ORIENTED_EDGE ( 'NONE', *, *, #5132, .F. ) ;
#4549 = DIRECTION ( 'NONE',  ( 0.5551424749987389218, 0.8317552719714342846, -0.000000000000000000 ) ) ;
#4550 = EDGE_CURVE ( 'NONE', #5686, #1923, #5559, .T. ) ;
#4551 = EDGE_LOOP ( 'NONE', ( #1910, #1390, #3524, #4153 ) ) ;
#4552 = LINE ( 'NONE', #362, #864 ) ;
#4553 = ORIENTED_EDGE ( 'NONE', *, *, #3660, .T. ) ;
#4554 = DIRECTION ( 'NONE',  ( 0.000000000000000000, 0.000000000000000000, 1.000000000000000000 ) ) ;
#4555 = CIRCLE ( 'NONE', #1853, 0.2500000000000002220 ) ;
#4556 = CARTESIAN_POINT ( 'NONE',  ( -8.252142372482268229, 5.250000000000003553, 500.0000000000000000 ) ) ;
#4557 = AXIS2_PLACEMENT_3D ( 'NONE', #1188, #711, #649 ) ;
#4558 = EDGE_LOOP ( 'NONE', ( #2021, #5909, #3705, #2674 ) ) ;
#4559 = EDGE_CURVE ( 'NONE', #2427, #2251, #1688, .T. ) ;
#4560 = CIRCLE ( 'NONE', #1862, 0.2500000000000002220 ) ;
#4561 = FACE_OUTER_BOUND ( 'NONE', #954, .T. ) ;
#4562 = ORIENTED_EDGE ( 'NONE', *, *, #228, .T. ) ;
#4563 = LINE ( 'NONE', #683, #3053 ) ;
#4564 = VECTOR ( 'NONE', #3275, 1000.000000000000000 ) ;
#4565 = EDGE_LOOP ( 'NONE', ( #2647, #4272, #922, #5374 ) ) ;
#4566 = EDGE_CURVE ( 'NONE', #266, #3204, #5260, .T. ) ;
#4567 = ORIENTED_EDGE ( 'NONE', *, *, #5576, .F. ) ;
#4568 = DIRECTION ( 'NONE',  ( -0.000000000000000000, -0.000000000000000000, 1.000000000000000000 ) ) ;
#4569 = DIRECTION ( 'NONE',  ( 1.000000000000000000, 3.469446951953614682E-16, 0.000000000000000000 ) ) ;
#4570 = CARTESIAN_POINT ( 'NONE',  ( -8.002142372482268229, -14.74999999999999645, 500.0000000000000000 ) ) ;
#4571 = LINE ( 'NONE', #3158, #1541 ) ;
#4572 = EDGE_CURVE ( 'NONE', #2356, #3515, #6096, .T. ) ;
#4573 = VERTEX_POINT ( 'NONE', #3628 ) ;
#4574 = CARTESIAN_POINT ( 'NONE',  ( 3.398953432037304268, 0.000000000000000000, 0.000000000000000000 ) ) ;
#4575 = AXIS2_PLACEMENT_3D ( 'NONE', #510, #2851, #82 ) ;
#4576 = FACE_BOUND ( 'NONE', #3711, .T. ) ;
#4577 = FACE_OUTER_BOUND ( 'NONE', #616, .T. ) ;
#4578 = CARTESIAN_POINT ( 'NONE',  ( -2.292893218813453426, -16.43933982822018436, 0.000000000000000000 ) ) ;
#4579 = ORIENTED_EDGE ( 'NONE', *, *, #2797, .F. ) ;
#4580 = DIRECTION ( 'NONE',  ( -1.000000000000000000, 0.000000000000000000, 0.000000000000000000 ) ) ;
#4581 = CIRCLE ( 'NONE', #6104, 0.5000000000000000000 ) ;
#4582 = ORIENTED_EDGE ( 'NONE', *, *, #1652, .T. ) ;
#4583 = VECTOR ( 'NONE', #5273, 1000.000000000000000 ) ;
#4584 = LINE ( 'NONE', #1699, #262 ) ;
#4585 = ORIENTED_EDGE ( 'NONE', *, *, #4810, .T. ) ;
#4586 = EDGE_CURVE ( 'NONE', #1059, #3737, #2951, .T. ) ;
#4587 = LINE ( 'NONE', #5437, #98 ) ;
#4588 = LINE ( 'NONE', #6020, #5350 ) ;
#4589 = EDGE_CURVE ( 'NONE', #284, #4430, #3727, .T. ) ;
#4590 = AXIS2_PLACEMENT_3D ( 'NONE', #1201, #5042, #729 ) ;
#4591 = VECTOR ( 'NONE', #644, 1000.000000000000000 ) ;
#4592 = VERTEX_POINT ( 'NONE', #3696 ) ;
#4593 = AXIS2_PLACEMENT_3D ( 'NONE', #4981, #1691, #1592 ) ;
#4594 = DIRECTION ( 'NONE',  ( 1.000000000000000000, 0.000000000000000000, 0.000000000000000000 ) ) ;
#4595 = ORIENTED_EDGE ( 'NONE', *, *, #5826, .F. ) ;
#4596 = LINE ( 'NONE', #3058, #1646 ) ;
#4597 = VECTOR ( 'NONE', #5448, 1000.000000000000000 ) ;
#4598 = EDGE_CURVE ( 'NONE', #1460, #610, #4571, .T. ) ;
#4599 = VERTEX_POINT ( 'NONE', #1232 ) ;
#4600 = DIRECTION ( 'NONE',  ( -6.733988894569410132E-16, 1.000000000000000000, -0.000000000000000000 ) ) ;
#4601 = DIRECTION ( 'NONE',  ( -0.000000000000000000, -0.000000000000000000, 1.000000000000000000 ) ) ;
#4602 = DIRECTION ( 'NONE',  ( -0.000000000000000000, -0.000000000000000000, 1.000000000000000000 ) ) ;
#4603 = EDGE_CURVE ( 'NONE', #4100, #993, #5583, .T. ) ;
#4604 = DIRECTION ( 'NONE',  ( -0.000000000000000000, -0.000000000000000000, 1.000000000000000000 ) ) ;
#4605 = ORIENTED_EDGE ( 'NONE', *, *, #2847, .T. ) ;
#4606 = LINE ( 'NONE', #1234, #3483 ) ;
#4607 = CYLINDRICAL_SURFACE ( 'NONE', #5482, 0.2499999999999997780 ) ;
#4608 = DIRECTION ( 'NONE',  ( 0.5551424749987372564, -0.8317552719714353948, 0.000000000000000000 ) ) ;
#4609 = LINE ( 'NONE', #204, #5368 ) ;
#4610 = ADVANCED_FACE ( 'NONE', ( #1264 ), #1199, .F. ) ;
#4611 = EDGE_CURVE ( 'NONE', #1124, #4132, #3957, .T. ) ;
#4612 = EDGE_LOOP ( 'NONE', ( #1206, #3225, #397, #5604 ) ) ;
#4613 = CARTESIAN_POINT ( 'NONE',  ( -8.252142372482268229, -12.99999999999999822, 0.000000000000000000 ) ) ;
#4614 = ORIENTED_EDGE ( 'NONE', *, *, #3710, .F. ) ;
#4615 = FACE_OUTER_BOUND ( 'NONE', #4336, .T. ) ;
#4616 = VERTEX_POINT ( 'NONE', #2689 ) ;
#4617 = CARTESIAN_POINT ( 'NONE',  ( 0.2422809267016595158, 3.560660171779816974, 0.000000000000000000 ) ) ;
#4618 = DIRECTION ( 'NONE',  ( 0.000000000000000000, -1.000000000000000000, 0.000000000000000000 ) ) ;
#4619 = VERTEX_POINT ( 'NONE', #5523 ) ;
#4620 = DIRECTION ( 'NONE',  ( 1.000000000000000000, 0.000000000000000000, 0.000000000000000000 ) ) ;
#4621 = ORIENTED_EDGE ( 'NONE', *, *, #5377, .F. ) ;
#4622 = CARTESIAN_POINT ( 'NONE',  ( 5.500000000000000000, -28.00214237248227533, 500.0000000000000000 ) ) ;
#4623 = EDGE_CURVE ( 'NONE', #4202, #2343, #2283, .T. ) ;
#4624 = LINE ( 'NONE', #2708, #1349 ) ;
#4625 = ADVANCED_FACE ( 'NONE', ( #2716 ), #2217, .F. ) ;
#4626 = ORIENTED_EDGE ( 'NONE', *, *, #4716, .F. ) ;
#4627 = EDGE_CURVE ( 'NONE', #2896, #2379, #5073, .T. ) ;
#4628 = CARTESIAN_POINT ( 'NONE',  ( -2.099999999999999645, 8.673617379884035472E-16, 0.000000000000000000 ) ) ;
#4629 = CARTESIAN_POINT ( 'NONE',  ( 9.926776695296634756, -4.774634322814365284, 0.000000000000000000 ) ) ;
#4630 = CIRCLE ( 'NONE', #1938, 0.2499999999999997780 ) ;
#4631 = DIRECTION ( 'NONE',  ( -1.000000000000000000, 0.000000000000000000, 0.000000000000000000 ) ) ;
#4632 = EDGE_CURVE ( 'NONE', #3165, #5387, #537, .T. ) ;
#4633 = CARTESIAN_POINT ( 'NONE',  ( -3.560660171779816086, -2.500000000000000444, 500.0000000000000000 ) ) ;
#4634 = ORIENTED_EDGE ( 'NONE', *, *, #4603, .T. ) ;
#4635 = PLANE ( 'NONE',  #876 ) ;
#4636 = DIRECTION ( 'NONE',  ( -1.000000000000000000, 0.000000000000000000, 0.000000000000000000 ) ) ;
#4637 = CARTESIAN_POINT ( 'NONE',  ( 2.396446609406726491, -23.81066017177981919, 0.000000000000000000 ) ) ;
#4638 = AXIS2_PLACEMENT_3D ( 'NONE', #3616, #3083, #214 ) ;
#4639 = LINE ( 'NONE', #2789, #5668 ) ;
#4640 = ORIENTED_EDGE ( 'NONE', *, *, #4900, .T. ) ;
#4641 = CIRCLE ( 'NONE', #5143, 0.2500000000000002220 ) ;
#4642 = DIRECTION ( 'NONE',  ( 0.000000000000000000, 0.000000000000000000, -1.000000000000000000 ) ) ;
#4643 = ORIENTED_EDGE ( 'NONE', *, *, #2495, .F. ) ;
#4644 = DIRECTION ( 'NONE',  ( 0.000000000000000000, 0.000000000000000000, 1.000000000000000000 ) ) ;
#4645 = ORIENTED_EDGE ( 'NONE', *, *, #3757, .F. ) ;
#4646 = EDGE_CURVE ( 'NONE', #2379, #877, #4201, .T. ) ;
#4647 = CARTESIAN_POINT ( 'NONE',  ( -7.752142372482267341, -12.49999999999999645, 500.0000000000000000 ) ) ;
#4648 = DIRECTION ( 'NONE',  ( -1.000000000000000000, 0.000000000000000000, 0.000000000000000000 ) ) ;
#4649 = AXIS2_PLACEMENT_3D ( 'NONE', #5710, #6224, #1392 ) ;
#4650 = VECTOR ( 'NONE', #5625, 1000.000000000000000 ) ;
#4651 = VERTEX_POINT ( 'NONE', #1811 ) ;
#4652 = DIRECTION ( 'NONE',  ( 1.000000000000000000, 0.000000000000000000, 0.000000000000000000 ) ) ;
#4653 = EDGE_LOOP ( 'NONE', ( #592, #5180, #2200, #2587 ) ) ;
#4654 = CIRCLE ( 'NONE', #230, 0.2500000000000002220 ) ;
#4655 = CARTESIAN_POINT ( 'NONE',  ( 5.500000000000000000, -26.56066017177982275, 500.0000000000000000 ) ) ;
#4656 = PLANE ( 'NONE',  #241 ) ;
#4657 = CARTESIAN_POINT ( 'NONE',  ( -5.500000000000000000, -28.25214237248227533, 0.000000000000000000 ) ) ;
#4658 = VECTOR ( 'NONE', #782, 1000.000000000000000 ) ;
#4659 = CIRCLE ( 'NONE', #3761, 0.5000000000000004441 ) ;
#4660 = ADVANCED_FACE ( 'NONE', ( #1748 ), #5038, .F. ) ;
#4661 = ORIENTED_EDGE ( 'NONE', *, *, #3460, .F. ) ;
#4662 = DIRECTION ( 'NONE',  ( 0.000000000000000000, 0.000000000000000000, -1.000000000000000000 ) ) ;
#4663 = LINE ( 'NONE', #786, #1190 ) ;
#4664 = CARTESIAN_POINT ( 'NONE',  ( -3.560660171779815197, -19.75771907329833965, 0.000000000000000000 ) ) ;
#4665 = EDGE_CURVE ( 'NONE', #2026, #2888, #4702, .T. ) ;
#4666 = EDGE_CURVE ( 'NONE', #2268, #3545, #2311, .T. ) ;
#4667 = ORIENTED_EDGE ( 'NONE', *, *, #4773, .F. ) ;
#4668 = CARTESIAN_POINT ( 'NONE',  ( 8.002142372482268229, -25.50000000000000355, 0.000000000000000000 ) ) ;
#4669 = EDGE_LOOP ( 'NONE', ( #2442, #6141, #5150, #3835 ) ) ;
#4670 = DIRECTION ( 'NONE',  ( 7.228014483236698528E-16, 1.000000000000000000, 0.000000000000000000 ) ) ;
#4671 = DIRECTION ( 'NONE',  ( 1.000000000000000000, -7.228014483236698528E-16, 0.000000000000000000 ) ) ;
#4672 = CARTESIAN_POINT ( 'NONE',  ( 6.146446609406719830, -13.49999999999999822, 500.0000000000000000 ) ) ;
#4673 = DIRECTION ( 'NONE',  ( -0.7071067811865472397, -0.7071067811865479058, 0.000000000000000000 ) ) ;
#4674 = EDGE_CURVE ( 'NONE', #5992, #6168, #1861, .T. ) ;
#4675 = ORIENTED_EDGE ( 'NONE', *, *, #3778, .F. ) ;
#4676 = FACE_OUTER_BOUND ( 'NONE', #5286, .T. ) ;
#4677 = ORIENTED_EDGE ( 'NONE', *, *, #4623, .F. ) ;
#4678 = VECTOR ( 'NONE', #3968, 1000.000000000000114 ) ;
#4679 = FACE_OUTER_BOUND ( 'NONE', #6137, .T. ) ;
#4680 = ORIENTED_EDGE ( 'NONE', *, *, #5793, .F. ) ;
#4681 = DIRECTION ( 'NONE',  ( -0.7071067811865486830, 0.7071067811865464625, -0.000000000000000000 ) ) ;
#4682 = CARTESIAN_POINT ( 'NONE',  ( 3.810660171779816530, 2.396446609406726935, 0.000000000000000000 ) ) ;
#4683 = EDGE_CURVE ( 'NONE', #4066, #2284, #6065, .T. ) ;
#4684 = AXIS2_PLACEMENT_3D ( 'NONE', #498, #1568, #4321 ) ;
#4685 = VERTEX_POINT ( 'NONE', #2467 ) ;
#4686 = LINE ( 'NONE', #3270, #5364 ) ;
#4687 = ORIENTED_EDGE ( 'NONE', *, *, #2023, .T. ) ;
#4688 = DIRECTION ( 'NONE',  ( -0.000000000000000000, 0.000000000000000000, 1.000000000000000000 ) ) ;
#4689 = EDGE_LOOP ( 'NONE', ( #2573, #3959, #2511, #947 ) ) ;
#4690 = DIRECTION ( 'NONE',  ( -0.000000000000000000, -0.000000000000000000, 1.000000000000000000 ) ) ;
#4691 = LINE ( 'NONE', #3370, #1529 ) ;
#4692 = AXIS2_PLACEMENT_3D ( 'NONE', #331, #2699, #3198 ) ;
#4693 = VECTOR ( 'NONE', #996, 1000.000000000000227 ) ;
#4694 = EDGE_CURVE ( 'NONE', #2356, #121, #3352, .T. ) ;
#4695 = CIRCLE ( 'NONE', #5714, 0.2500000000000002220 ) ;
#4696 = VERTEX_POINT ( 'NONE', #4468 ) ;
#4697 = CARTESIAN_POINT ( 'NONE',  ( -8.002142372482268229, -5.250000000000003553, 500.0000000000000000 ) ) ;
#4698 =( NAMED_UNIT ( * ) PLANE_ANGLE_UNIT ( ) SI_UNIT ( $, .RADIAN. ) );
#4699 = DIRECTION ( 'NONE',  ( -1.000000000000000000, 0.000000000000000000, 0.000000000000000000 ) ) ;
#4700 = DIRECTION ( 'NONE',  ( 0.000000000000000000, 0.000000000000000000, -1.000000000000000000 ) ) ;
#4701 = ADVANCED_FACE ( 'NONE', ( #4303 ), #3857, .F. ) ;
#4702 = LINE ( 'NONE', #291, #2349 ) ;
#4703 = EDGE_LOOP ( 'NONE', ( #975, #80, #4667, #6043 ) ) ;
#4704 = CARTESIAN_POINT ( 'NONE',  ( 5.426776695296636532, 6.487436867076461944, 0.000000000000000000 ) ) ;
#4705 = CARTESIAN_POINT ( 'NONE',  ( 6.664213562373095812, 5.250000000000002665, 500.0000000000000000 ) ) ;
#4706 = DIRECTION ( 'NONE',  ( -1.000000000000000000, 0.000000000000000000, 0.000000000000000000 ) ) ;
#4707 = FACE_OUTER_BOUND ( 'NONE', #3905, .T. ) ;
#4708 = DIRECTION ( 'NONE',  ( -1.000000000000000000, 0.000000000000000000, 0.000000000000000000 ) ) ;
#4709 = ORIENTED_EDGE ( 'NONE', *, *, #3451, .F. ) ;
#4710 = DIRECTION ( 'NONE',  ( -1.000000000000000000, 0.000000000000000000, 0.000000000000000000 ) ) ;
#4711 = ORIENTED_EDGE ( 'NONE', *, *, #4889, .T. ) ;
#4712 = FACE_OUTER_BOUND ( 'NONE', #1569, .T. ) ;
#4713 = EDGE_LOOP ( 'NONE', ( #1820, #5269, #5162, #556 ) ) ;
#4714 = CARTESIAN_POINT ( 'NONE',  ( 2.499999999999999556, 3.560660171779816974, 500.0000000000000000 ) ) ;
#4715 = CARTESIAN_POINT ( 'NONE',  ( 8.002142372482268229, -5.250000000000003553, 500.0000000000000000 ) ) ;
#4716 = EDGE_CURVE ( 'NONE', #4374, #5541, #2409, .T. ) ;
#4717 = LINE ( 'NONE', #1866, #1969 ) ;
#4718 = ORIENTED_EDGE ( 'NONE', *, *, #4469, .F. ) ;
#4719 = CARTESIAN_POINT ( 'NONE',  ( -6.487436867076457503, -14.57322330470336169, 500.0000000000000000 ) ) ;
#4720 = ORIENTED_EDGE ( 'NONE', *, *, #1170, .T. ) ;
#4721 = CARTESIAN_POINT ( 'NONE',  ( 6.146446609406724271, -7.000000000000002665, 0.000000000000000000 ) ) ;
#4722 = EDGE_CURVE ( 'NONE', #5607, #3417, #49, .T. ) ;
#4723 = ORIENTED_EDGE ( 'NONE', *, *, #5443, .T. ) ;
#4724 = LINE ( 'NONE', #2869, #5613 ) ;
#4725 = CARTESIAN_POINT ( 'NONE',  ( 8.252142372482266452, -16.29644660940672196, 500.0000000000000000 ) ) ;
#4726 = ORIENTED_EDGE ( 'NONE', *, *, #1039, .F. ) ;
#4727 = DIRECTION ( 'NONE',  ( 0.000000000000000000, 0.000000000000000000, -1.000000000000000000 ) ) ;
#4728 = EDGE_CURVE ( 'NONE', #183, #4741, #52, .T. ) ;
#4729 = CARTESIAN_POINT ( 'NONE',  ( 9.749999999999998224, -24.95141101811100270, 500.0000000000000000 ) ) ;
#4730 = FACE_OUTER_BOUND ( 'NONE', #96, .T. ) ;
#4731 = ORIENTED_EDGE ( 'NONE', *, *, #2216, .F. ) ;
#4732 = DIRECTION ( 'NONE',  ( -1.000000000000000000, 0.000000000000000000, 0.000000000000000000 ) ) ;
#4733 = DIRECTION ( 'NONE',  ( -1.000000000000000000, 0.000000000000000000, 0.000000000000000000 ) ) ;
#4734 = DIRECTION ( 'NONE',  ( -1.000000000000000000, -1.387778780781444413E-14, 0.000000000000000000 ) ) ;
#4735 = LINE ( 'NONE', #4206, #3949 ) ;
#4736 = ORIENTED_EDGE ( 'NONE', *, *, #3909, .T. ) ;
#4737 = ADVANCED_FACE ( 'NONE', ( #4800 ), #5748, .F. ) ;
#4738 = DIRECTION ( 'NONE',  ( -5.127820663014968840E-16, 1.000000000000000000, 0.000000000000000000 ) ) ;
#4739 = ORIENTED_EDGE ( 'NONE', *, *, #400, .T. ) ;
#4740 = DIRECTION ( 'NONE',  ( 0.000000000000000000, 1.000000000000000000, -0.000000000000000000 ) ) ;
#4741 = VERTEX_POINT ( 'NONE', #5300 ) ;
#4742 = FACE_OUTER_BOUND ( 'NONE', #2546, .T. ) ;
#4743 = DIRECTION ( 'NONE',  ( -0.5551424749987354801, -0.8317552719714366161, -0.000000000000000000 ) ) ;
#4744 = EDGE_CURVE ( 'NONE', #53, #2956, #1844, .T. ) ;
#4745 = VERTEX_POINT ( 'NONE', #21 ) ;
#4746 = DIRECTION ( 'NONE',  ( -0.7071067811865465735, 0.7071067811865483499, -0.000000000000000000 ) ) ;
#4747 = ORIENTED_EDGE ( 'NONE', *, *, #5007, .F. ) ;
#4748 = CYLINDRICAL_SURFACE ( 'NONE', #3555, 0.2500000000000002220 ) ;
#4749 = ORIENTED_EDGE ( 'NONE', *, *, #5081, .F. ) ;
#4750 = DIRECTION ( 'NONE',  ( -1.000000000000000000, -5.204170427930416550E-15, 0.000000000000000000 ) ) ;
#4751 = DIRECTION ( 'NONE',  ( -0.000000000000000000, -0.000000000000000000, 1.000000000000000000 ) ) ;
#4752 = ORIENTED_EDGE ( 'NONE', *, *, #5648, .T. ) ;
#4753 = CARTESIAN_POINT ( 'NONE',  ( -8.252142372482266452, 3.100000000000004530, 500.0000000000000000 ) ) ;
#4754 = AXIS2_PLACEMENT_3D ( 'NONE', #2335, #4260, #3338 ) ;
#4755 = AXIS2_PLACEMENT_3D ( 'NONE', #366, #907, #935 ) ;
#4756 = FACE_OUTER_BOUND ( 'NONE', #2136, .T. ) ;
#4757 = EDGE_CURVE ( 'NONE', #2986, #2698, #3829, .T. ) ;
#4758 = VECTOR ( 'NONE', #574, 1000.000000000000000 ) ;
#4759 = AXIS2_PLACEMENT_3D ( 'NONE', #640, #5018, #701 ) ;
#4760 = VERTEX_POINT ( 'NONE', #3345 ) ;
#4761 = DIRECTION ( 'NONE',  ( -1.000000000000000000, 1.734723475976805517E-15, 0.000000000000000000 ) ) ;
#4762 = LINE ( 'NONE', #5747, #125 ) ;
#4763 = VECTOR ( 'NONE', #5328, 1000.000000000000000 ) ;
#4764 = VECTOR ( 'NONE', #942, 1000.000000000000000 ) ;
#4765 = ADVANCED_FACE ( 'NONE', ( #4730 ), #5810, .F. ) ;
#4766 = CIRCLE ( 'NONE', #3963, 0.2500000000000002220 ) ;
#4767 = CIRCLE ( 'NONE', #1435, 0.5000000000000000000 ) ;
#4768 = DIRECTION ( 'NONE',  ( 0.000000000000000000, 0.000000000000000000, -1.000000000000000000 ) ) ;
#4769 = EDGE_LOOP ( 'NONE', ( #3547, #373 ) ) ;
#4770 = DIRECTION ( 'NONE',  ( 0.000000000000000000, 0.000000000000000000, -1.000000000000000000 ) ) ;
#4771 = CARTESIAN_POINT ( 'NONE',  ( -5.249999999999999112, -28.25214237248227533, 0.000000000000000000 ) ) ;
#4772 = DIRECTION ( 'NONE',  ( -1.000000000000000000, 0.000000000000000000, 0.000000000000000000 ) ) ;
#4773 = EDGE_CURVE ( 'NONE', #2698, #4741, #5465, .T. ) ;
#4774 = EDGE_LOOP ( 'NONE', ( #3232, #4827, #718, #4813 ) ) ;
#4775 = LINE ( 'NONE', #2387, #1130 ) ;
#4776 = ORIENTED_EDGE ( 'NONE', *, *, #2934, .F. ) ;
#4777 = DIRECTION ( 'NONE',  ( 6.733988894569413090E-16, 1.000000000000000000, 0.000000000000000000 ) ) ;
#4778 = ORIENTED_EDGE ( 'NONE', *, *, #3092, .F. ) ;
#4779 = DIRECTION ( 'NONE',  ( -0.7071067811865479058, 0.7071067811865472397, -0.000000000000000000 ) ) ;
#4780 = DIRECTION ( 'NONE',  ( -0.8317552719714332854, 0.5551424749987402540, -0.000000000000000000 ) ) ;
#4781 = ORIENTED_EDGE ( 'NONE', *, *, #3239, .T. ) ;
#4782 = LINE ( 'NONE', #940, #3865 ) ;
#4783 = EDGE_LOOP ( 'NONE', ( #983, #967, #3060, #5086 ) ) ;
#4784 = DIRECTION ( 'NONE',  ( -0.000000000000000000, -0.000000000000000000, 1.000000000000000000 ) ) ;
#4785 = EDGE_CURVE ( 'NONE', #5962, #1156, #5264, .T. ) ;
#4786 = EDGE_LOOP ( 'NONE', ( #4168, #1855, #606, #3465 ) ) ;
#4787 = DIRECTION ( 'NONE',  ( 1.000000000000000000, -1.387778780781445873E-15, -0.000000000000000000 ) ) ;
#4788 = ORIENTED_EDGE ( 'NONE', *, *, #1017, .F. ) ;
#4789 = DIRECTION ( 'NONE',  ( 0.000000000000000000, 0.000000000000000000, -1.000000000000000000 ) ) ;
#4790 = AXIS2_PLACEMENT_3D ( 'NONE', #4921, #30, #2975 ) ;
#4791 = ADVANCED_FACE ( 'NONE', ( #4271 ), #1943, .T. ) ;
#4792 = VECTOR ( 'NONE', #3489, 1000.000000000000000 ) ;
#4793 = ORIENTED_EDGE ( 'NONE', *, *, #2439, .T. ) ;
#4794 = LINE ( 'NONE', #4327, #6074 ) ;
#4795 = AXIS2_PLACEMENT_3D ( 'NONE', #4920, #2096, #3507 ) ;
#4796 = AXIS2_PLACEMENT_3D ( 'NONE', #385, #1752, #322 ) ;
#4797 = CARTESIAN_POINT ( 'NONE',  ( 9.750000000000001776, -30.00000000000000711, 0.000000000000000000 ) ) ;
#4798 = AXIS2_PLACEMENT_3D ( 'NONE', #3657, #3690, #1714 ) ;
#4799 = VECTOR ( 'NONE', #2505, 1000.000000000000000 ) ;
#4800 = FACE_OUTER_BOUND ( 'NONE', #2015, .T. ) ;
#4801 = ORIENTED_EDGE ( 'NONE', *, *, #5101, .T. ) ;
#4802 = CARTESIAN_POINT ( 'NONE',  ( 10.00000000000000711, -15.04858898188899197, 500.0000000000000000 ) ) ;
#4803 = EDGE_CURVE ( 'NONE', #993, #4902, #1488, .T. ) ;
#4804 = DIRECTION ( 'NONE',  ( 0.000000000000000000, 0.000000000000000000, 1.000000000000000000 ) ) ;
#4805 = CARTESIAN_POINT ( 'NONE',  ( 5.500000000000000000, -13.43933982822017370, 500.0000000000000000 ) ) ;
#4806 = ORIENTED_EDGE ( 'NONE', *, *, #4540, .F. ) ;
#4807 = DIRECTION ( 'NONE',  ( 0.7071067811865491270, -0.7071067811865459074, -0.000000000000000000 ) ) ;
#4808 = LINE ( 'NONE', #2477, #1463 ) ;
#4809 = CARTESIAN_POINT ( 'NONE',  ( -8.002142372482268229, -5.500000000000004441, 0.000000000000000000 ) ) ;
#4810 = EDGE_CURVE ( 'NONE', #4098, #2129, #3250, .T. ) ;
#4811 = CARTESIAN_POINT ( 'NONE',  ( 0.2422809267016595158, -23.56066017177981564, 0.000000000000000000 ) ) ;
#4812 = EDGE_CURVE ( 'NONE', #719, #3271, #4854, .T. ) ;
#4813 = ORIENTED_EDGE ( 'NONE', *, *, #1294, .T. ) ;
#4814 = CARTESIAN_POINT ( 'NONE',  ( 2.396446609406726047, 3.810660171779817418, 500.0000000000000000 ) ) ;
#4815 = ORIENTED_EDGE ( 'NONE', *, *, #2780, .F. ) ;
#4816 = CARTESIAN_POINT ( 'NONE',  ( -5.249999999999999112, 8.002142372482271782, 0.000000000000000000 ) ) ;
#4817 = ORIENTED_EDGE ( 'NONE', *, *, #1095, .T. ) ;
#4818 = DIRECTION ( 'NONE',  ( -0.000000000000000000, -0.000000000000000000, 1.000000000000000000 ) ) ;
#4819 = ORIENTED_EDGE ( 'NONE', *, *, #2205, .T. ) ;
#4820 = FACE_OUTER_BOUND ( 'NONE', #631, .T. ) ;
#4821 = DIRECTION ( 'NONE',  ( 1.000000000000000000, -3.366994447284705066E-16, 0.000000000000000000 ) ) ;
#4822 = ORIENTED_EDGE ( 'NONE', *, *, #1762, .T. ) ;
#4823 = EDGE_CURVE ( 'NONE', #6051, #3391, #1397, .T. ) ;
#4824 = CARTESIAN_POINT ( 'NONE',  ( 9.750000000000001776, -29.75000000000000711, 500.0000000000000000 ) ) ;
#4825 = ADVANCED_FACE ( 'NONE', ( #2378 ), #4067, .F. ) ;
#4826 = DIRECTION ( 'NONE',  ( 0.000000000000000000, 0.000000000000000000, -1.000000000000000000 ) ) ;
#4827 = ORIENTED_EDGE ( 'NONE', *, *, #2265, .F. ) ;
#4828 = PLANE ( 'NONE',  #4195 ) ;
#4829 = LINE ( 'NONE', #5813, #1160 ) ;
#4830 = CARTESIAN_POINT ( 'NONE',  ( 8.002142372482268229, -25.25000000000000000, 500.0000000000000000 ) ) ;
#4831 = EDGE_CURVE ( 'NONE', #903, #5670, #5098, .T. ) ;
#4832 = DIRECTION ( 'NONE',  ( -0.8317552719714332854, 0.5551424749987402540, -0.000000000000000000 ) ) ;
#4833 = ORIENTED_EDGE ( 'NONE', *, *, #3806, .T. ) ;
#4834 = CARTESIAN_POINT ( 'NONE',  ( 8.252142372482268229, 5.250000000000003553, 0.000000000000000000 ) ) ;
#4835 = FACE_OUTER_BOUND ( 'NONE', #5502, .T. ) ;
#4836 = CARTESIAN_POINT ( 'NONE',  ( 5.500000000000000000, -28.25214237248227533, 500.0000000000000000 ) ) ;
#4837 = DIRECTION ( 'NONE',  ( -0.000000000000000000, -0.000000000000000000, 1.000000000000000000 ) ) ;
#4838 = ORIENTED_EDGE ( 'NONE', *, *, #2216, .T. ) ;
#4839 = CARTESIAN_POINT ( 'NONE',  ( -2.499999999999999556, -23.56066017177981209, 0.000000000000000000 ) ) ;
#4840 = EDGE_LOOP ( 'NONE', ( #91, #4403, #656, #2923 ) ) ;
#4841 = CARTESIAN_POINT ( 'NONE',  ( 4.336808689942017736E-16, 3.398953432037304712, 0.000000000000000000 ) ) ;
#4842 = ADVANCED_FACE ( 'NONE', ( #157 ), #3148, .T. ) ;
#4843 = ORIENTED_EDGE ( 'NONE', *, *, #5512, .F. ) ;
#4844 = LINE ( 'NONE', #2899, #2677 ) ;
#4845 = ORIENTED_EDGE ( 'NONE', *, *, #6212, .T. ) ;
#4846 = LINE ( 'NONE', #1971, #2775 ) ;
#4847 = VECTOR ( 'NONE', #3884, 1000.000000000000000 ) ;
#4848 = FACE_OUTER_BOUND ( 'NONE', #4873, .T. ) ;
#4849 = VERTEX_POINT ( 'NONE', #5000 ) ;
#4850 = CIRCLE ( 'NONE', #3750, 0.2500000000000002220 ) ;
#4851 = LINE ( 'NONE', #3402, #1432 ) ;
#4852 = PRESENTATION_LAYER_ASSIGNMENT (  '', '', ( #823 ) ) ;
#4853 = VECTOR ( 'NONE', #4832, 1000.000000000000000 ) ;
#4854 = LINE ( 'NONE', #5720, #4160 ) ;
#4855 = ADVANCED_FACE ( 'NONE', ( #2707 ), #1707, .F. ) ;
#4856 = ORIENTED_EDGE ( 'NONE', *, *, #1426, .T. ) ;
#4857 = AXIS2_PLACEMENT_3D ( 'NONE', #5876, #4892, #3951 ) ;
#4858 = CARTESIAN_POINT ( 'NONE',  ( -3.560660171779816086, -17.50000000000000000, 500.0000000000000000 ) ) ;
#4859 = CARTESIAN_POINT ( 'NONE',  ( -3.560660171779816086, -17.50000000000000000, 500.0000000000000000 ) ) ;
#4860 = LINE ( 'NONE', #487, #1843 ) ;
#4861 = EDGE_CURVE ( 'NONE', #1923, #4242, #5479, .T. ) ;
#4862 = AXIS2_PLACEMENT_3D ( 'NONE', #265, #858, #2783 ) ;
#4863 = VECTOR ( 'NONE', #780, 1000.000000000000000 ) ;
#4864 = CARTESIAN_POINT ( 'NONE',  ( 4.336808689942017736E-16, 3.398953432037304712, 500.0000000000000000 ) ) ;
#4865 = ORIENTED_EDGE ( 'NONE', *, *, #5743, .F. ) ;
#4866 = FACE_OUTER_BOUND ( 'NONE', #1096, .T. ) ;
#4867 = DIRECTION ( 'NONE',  ( -0.7071067811865486830, 0.7071067811865464625, 0.000000000000000000 ) ) ;
#4868 = DIRECTION ( 'NONE',  ( -0.000000000000000000, -0.000000000000000000, 1.000000000000000000 ) ) ;
#4869 = EDGE_CURVE ( 'NONE', #879, #3670, #5779, .T. ) ;
#4870 = FACE_OUTER_BOUND ( 'NONE', #5923, .T. ) ;
#4871 = EDGE_LOOP ( 'NONE', ( #3020, #1476, #5867, #3057 ) ) ;
#4872 = CARTESIAN_POINT ( 'NONE',  ( -5.500000000000000000, -28.25214237248227533, 500.0000000000000000 ) ) ;
#4873 = EDGE_LOOP ( 'NONE', ( #869, #2400, #2717, #5571 ) ) ;
#4874 = DIRECTION ( 'NONE',  ( -0.000000000000000000, -0.000000000000000000, 1.000000000000000000 ) ) ;
#4875 = ORIENTED_EDGE ( 'NONE', *, *, #544, .T. ) ;
#4876 = CARTESIAN_POINT ( 'NONE',  ( -8.252142372482266452, -16.29644660940672551, 500.0000000000000000 ) ) ;
#4877 = VERTEX_POINT ( 'NONE', #3558 ) ;
#4878 = EDGE_CURVE ( 'NONE', #3707, #2117, #1127, .T. ) ;
#4879 = ORIENTED_EDGE ( 'NONE', *, *, #5719, .F. ) ;
#4880 = EDGE_CURVE ( 'NONE', #1156, #5838, #4563, .T. ) ;
#4881 = VECTOR ( 'NONE', #4334, 1000.000000000000000 ) ;
#4882 = ORIENTED_EDGE ( 'NONE', *, *, #4001, .T. ) ;
#4883 = EDGE_LOOP ( 'NONE', ( #5669, #1562 ) ) ;
#4884 = DIRECTION ( 'NONE',  ( -0.000000000000000000, -0.000000000000000000, 1.000000000000000000 ) ) ;
#4885 = FACE_OUTER_BOUND ( 'NONE', #1501, .T. ) ;
#4886 = LINE ( 'NONE', #572, #5043 ) ;
#4887 = AXIS2_PLACEMENT_3D ( 'NONE', #3255, #4110, #6068 ) ;
#4888 = AXIS2_PLACEMENT_3D ( 'NONE', #4027, #743, #705 ) ;
#4889 = EDGE_CURVE ( 'NONE', #4877, #3206, #3525, .T. ) ;
#4890 = AXIS2_PLACEMENT_3D ( 'NONE', #5077, #2659, #1142 ) ;
#4891 = CARTESIAN_POINT ( 'NONE',  ( 5.249999999999999112, 8.252142372482271782, 500.0000000000000000 ) ) ;
#4892 = DIRECTION ( 'NONE',  ( 0.7071067811865472397, 0.7071067811865479058, -0.000000000000000000 ) ) ;
#4893 = EDGE_CURVE ( 'NONE', #162, #8, #2675, .T. ) ;
#4894 = AXIS2_PLACEMENT_3D ( 'NONE', #4940, #1100, #569 ) ;
#4895 = VERTEX_POINT ( 'NONE', #2611 ) ;
#4896 = LINE ( 'NONE', #2890, #5595 ) ;
#4897 = EDGE_CURVE ( 'NONE', #1865, #1700, #253, .T. ) ;
#4898 = ORIENTED_EDGE ( 'NONE', *, *, #2198, .F. ) ;
#4899 = DIRECTION ( 'NONE',  ( -0.8317552719714332854, -0.5551424749987402540, 0.000000000000000000 ) ) ;
#4900 = EDGE_CURVE ( 'NONE', #822, #1028, #6190, .T. ) ;
#4901 = CARTESIAN_POINT ( 'NONE',  ( -4.951411018110999152, 9.750000000000001776, 500.0000000000000000 ) ) ;
#4902 = VERTEX_POINT ( 'NONE', #4101 ) ;
#4903 = DIRECTION ( 'NONE',  ( 0.8317552719714353948, 0.5551424749987372564, 0.000000000000000000 ) ) ;
#4904 = ORIENTED_EDGE ( 'NONE', *, *, #3710, .T. ) ;
#4905 = CARTESIAN_POINT ( 'NONE',  ( 5.426776695296636532, 6.487436867076461944, 500.0000000000000000 ) ) ;
#4906 = ORIENTED_EDGE ( 'NONE', *, *, #2971, .F. ) ;
#4907 = CARTESIAN_POINT ( 'NONE',  ( -3.398953432037304712, -19.99999999999999645, 0.000000000000000000 ) ) ;
#4908 = ORIENTED_EDGE ( 'NONE', *, *, #5594, .F. ) ;
#4909 = CARTESIAN_POINT ( 'NONE',  ( 4.774634322814361731, -29.92677669529664186, 500.0000000000000000 ) ) ;
#4910 = EDGE_CURVE ( 'NONE', #273, #3170, #4596, .T. ) ;
#4911 = VERTEX_POINT ( 'NONE', #4968 ) ;
#4912 = VERTEX_POINT ( 'NONE', #1735 ) ;
#4913 = EDGE_CURVE ( 'NONE', #4026, #4322, #1638, .T. ) ;
#4914 = VERTEX_POINT ( 'NONE', #285 ) ;
#4915 = CARTESIAN_POINT ( 'NONE',  ( -6.664213562373095812, -5.500000000000003553, 0.000000000000000000 ) ) ;
#4916 = LINE ( 'NONE', #5932, #1420 ) ;
#4917 = PLANE ( 'NONE',  #2438 ) ;
#4918 = DIRECTION ( 'NONE',  ( 0.000000000000000000, 1.000000000000000000, 0.000000000000000000 ) ) ;
#4919 = ORIENTED_EDGE ( 'NONE', *, *, #1548, .T. ) ;
#4920 = CARTESIAN_POINT ( 'NONE',  ( -3.398953432037304712, 0.000000000000000000, 0.000000000000000000 ) ) ;
#4921 = CARTESIAN_POINT ( 'NONE',  ( -5.249999999999999112, -28.00214237248227533, 500.0000000000000000 ) ) ;
#4922 = DIRECTION ( 'NONE',  ( -0.000000000000000000, 1.000000000000000000, -0.000000000000000000 ) ) ;
#4923 = CARTESIAN_POINT ( 'NONE',  ( -2.499999999999999556, 3.560660171779815197, 500.0000000000000000 ) ) ;
#4924 = EDGE_CURVE ( 'NONE', #284, #2168, #4500, .T. ) ;
#4925 = ORIENTED_EDGE ( 'NONE', *, *, #4572, .F. ) ;
#4926 = ORIENTED_EDGE ( 'NONE', *, *, #3063, .F. ) ;
#4927 = ORIENTED_EDGE ( 'NONE', *, *, #653, .T. ) ;
#4928 = PLANE ( 'NONE',  #2073 ) ;
#4929 = VERTEX_POINT ( 'NONE', #6055 ) ;
#4930 = VECTOR ( 'NONE', #1166, 1000.000000000000000 ) ;
#4931 = DIRECTION ( 'NONE',  ( 1.000000000000000000, 0.000000000000000000, 0.000000000000000000 ) ) ;
#4932 = EDGE_CURVE ( 'NONE', #4914, #2502, #3089, .T. ) ;
#4933 = ORIENTED_EDGE ( 'NONE', *, *, #2240, .F. ) ;
#4934 = CARTESIAN_POINT ( 'NONE',  ( -6.146446609406722494, -7.000000000000002665, 500.0000000000000000 ) ) ;
#4935 = VERTEX_POINT ( 'NONE', #2147 ) ;
#4936 = ADVANCED_FACE ( 'NONE', ( #3592 ), #1252, .F. ) ;
#4937 = VECTOR ( 'NONE', #3374, 1000.000000000000000 ) ;
#4938 = ORIENTED_EDGE ( 'NONE', *, *, #6120, .F. ) ;
#4939 = ORIENTED_EDGE ( 'NONE', *, *, #1643, .T. ) ;
#4940 = CARTESIAN_POINT ( 'NONE',  ( -5.249999999999999112, 8.002142372482271782, 500.0000000000000000 ) ) ;
#4941 = LINE ( 'NONE', #138, #3734 ) ;
#4942 = DIRECTION ( 'NONE',  ( 0.000000000000000000, 0.000000000000000000, -1.000000000000000000 ) ) ;
#4943 = VECTOR ( 'NONE', #2101, 1000.000000000000000 ) ;
#4944 = VECTOR ( 'NONE', #605, 1000.000000000000000 ) ;
#4945 = CARTESIAN_POINT ( 'NONE',  ( 8.002142372482268229, 5.250000000000003553, 500.0000000000000000 ) ) ;
#4946 = AXIS2_PLACEMENT_3D ( 'NONE', #4945, #629, #2556 ) ;
#4947 = VECTOR ( 'NONE', #1522, 1000.000000000000000 ) ;
#4948 = DIRECTION ( 'NONE',  ( -0.7071067811865465735, -0.7071067811865483499, -0.000000000000000000 ) ) ;
#4949 = ORIENTED_EDGE ( 'NONE', *, *, #365, .F. ) ;
#4950 = LINE ( 'NONE', #2594, #968 ) ;
#4951 = CARTESIAN_POINT ( 'NONE',  ( -9.926776695296634756, 4.774634322814365284, 500.0000000000000000 ) ) ;
#4952 = FACE_OUTER_BOUND ( 'NONE', #5158, .T. ) ;
#4953 = CARTESIAN_POINT ( 'NONE',  ( 2.499999999999999556, -3.560660171779816974, 0.000000000000000000 ) ) ;
#4954 = VECTOR ( 'NONE', #3305, 1000.000000000000000 ) ;
#4955 = EDGE_CURVE ( 'NONE', #5381, #1445, #1416, .T. ) ;
#4956 = ORIENTED_EDGE ( 'NONE', *, *, #2962, .F. ) ;
#4957 = DIRECTION ( 'NONE',  ( 0.7071067811865486830, 0.7071067811865464625, 0.000000000000000000 ) ) ;
#4958 = ORIENTED_EDGE ( 'NONE', *, *, #1229, .T. ) ;
#4959 = ORIENTED_EDGE ( 'NONE', *, *, #3316, .T. ) ;
#4960 = LINE ( 'NONE', #6044, #3478 ) ;
#4961 = EDGE_LOOP ( 'NONE', ( #2793, #3720, #5205, #4460 ) ) ;
#4962 = CARTESIAN_POINT ( 'NONE',  ( 6.560660171779821859, -14.49999999999999645, 500.0000000000000000 ) ) ;
#4963 = DIRECTION ( 'NONE',  ( -0.000000000000000000, -0.000000000000000000, 1.000000000000000000 ) ) ;
#4964 = EDGE_CURVE ( 'NONE', #2429, #14, #372, .T. ) ;
#4965 = ORIENTED_EDGE ( 'NONE', *, *, #599, .F. ) ;
#4966 = PLANE ( 'NONE',  #2249 ) ;
#4967 = ORIENTED_EDGE ( 'NONE', *, *, #3161, .T. ) ;
#4968 = CARTESIAN_POINT ( 'NONE',  ( 2.396446609406726935, -23.56066017177981919, 0.000000000000000000 ) ) ;
#4969 = EDGE_CURVE ( 'NONE', #6168, #5992, #725, .T. ) ;
#4970 = VERTEX_POINT ( 'NONE', #5161 ) ;
#4971 = ORIENTED_EDGE ( 'NONE', *, *, #549, .F. ) ;
#4972 = CARTESIAN_POINT ( 'NONE',  ( 2.499999999999999556, -16.43933982822018436, 0.000000000000000000 ) ) ;
#4973 = LINE ( 'NONE', #659, #1312 ) ;
#4974 = DIRECTION ( 'NONE',  ( 0.7071067811865465735, 0.7071067811865484609, 0.000000000000000000 ) ) ;
#4975 = AXIS2_PLACEMENT_3D ( 'NONE', #3070, #1202, #4482 ) ;
#4976 = AXIS2_PLACEMENT_3D ( 'NONE', #2106, #4024, #1180 ) ;
#4977 = EDGE_CURVE ( 'NONE', #1073, #2990, #5706, .T. ) ;
#4978 = DIRECTION ( 'NONE',  ( 0.000000000000000000, 0.000000000000000000, -1.000000000000000000 ) ) ;
#4979 = ORIENTED_EDGE ( 'NONE', *, *, #2039, .T. ) ;
#4980 = CARTESIAN_POINT ( 'NONE',  ( 6.487436867076457503, -5.426776695296639197, 500.0000000000000000 ) ) ;
#4981 = CARTESIAN_POINT ( 'NONE',  ( -6.664213562373094035, -25.25000000000000000, 500.0000000000000000 ) ) ;
#4982 = VECTOR ( 'NONE', #234, 1000.000000000000000 ) ;
#4983 = CARTESIAN_POINT ( 'NONE',  ( 2.499999999999999556, -23.56066017177981919, 500.0000000000000000 ) ) ;
#4984 = VECTOR ( 'NONE', #3389, 1000.000000000000000 ) ;
#4985 = CARTESIAN_POINT ( 'NONE',  ( -3.633883476483179553, 2.573223304703363468, 500.0000000000000000 ) ) ;
#4986 = ORIENTED_EDGE ( 'NONE', *, *, #1514, .T. ) ;
#4987 = AXIS2_PLACEMENT_3D ( 'NONE', #4504, #4884, #2588 ) ;
#4988 = LINE ( 'NONE', #2071, #617 ) ;
#4989 = ORIENTED_EDGE ( 'NONE', *, *, #625, .T. ) ;
#4990 = CARTESIAN_POINT ( 'NONE',  ( 6.664213562373094923, -25.25000000000000000, 0.000000000000000000 ) ) ;
#4991 = VERTEX_POINT ( 'NONE', #2805 ) ;
#4992 = CARTESIAN_POINT ( 'NONE',  ( -5.500000000000000000, 8.252142372482271782, 0.000000000000000000 ) ) ;
#4993 = ORIENTED_EDGE ( 'NONE', *, *, #3645, .F. ) ;
#4994 = EDGE_CURVE ( 'NONE', #4034, #719, #4766, .T. ) ;
#4995 = CARTESIAN_POINT ( 'NONE',  ( 6.664213562373094923, -25.50000000000000355, 500.0000000000000000 ) ) ;
#4996 = LINE ( 'NONE', #2728, #6163 ) ;
#4997 = VERTEX_POINT ( 'NONE', #4159 ) ;
#4998 = LINE ( 'NONE', #1705, #538 ) ;
#4999 = ORIENTED_EDGE ( 'NONE', *, *, #4371, .F. ) ;
#5000 = CARTESIAN_POINT ( 'NONE',  ( -3.703553390593272265, 8.252142372482271782, 0.000000000000000000 ) ) ;
#5001 = EDGE_CURVE ( 'NONE', #5172, #2956, #6184, .T. ) ;
#5002 = VERTEX_POINT ( 'NONE', #2331 ) ;
#5003 = EDGE_LOOP ( 'NONE', ( #4117, #5651, #1782, #5996 ) ) ;
#5004 = DIRECTION ( 'NONE',  ( -1.000000000000000000, 0.000000000000000000, 0.000000000000000000 ) ) ;
#5005 = DIRECTION ( 'NONE',  ( 1.000000000000000000, 3.469446951953614682E-16, 0.000000000000000000 ) ) ;
#5006 = DIRECTION ( 'NONE',  ( 0.000000000000000000, 0.000000000000000000, -1.000000000000000000 ) ) ;
#5007 = EDGE_CURVE ( 'NONE', #2449, #3318, #438, .T. ) ;
#5008 = AXIS2_PLACEMENT_3D ( 'NONE', #2778, #1291, #5580 ) ;
#5009 = CARTESIAN_POINT ( 'NONE',  ( -5.249999999999999112, -28.00214237248227533, 500.0000000000000000 ) ) ;
#5010 = ORIENTED_EDGE ( 'NONE', *, *, #2465, .F. ) ;
#5011 = DIRECTION ( 'NONE',  ( -1.000000000000000000, -5.127820663014968840E-16, 0.000000000000000000 ) ) ;
#5012 = PLANE ( 'NONE',  #5995 ) ;
#5013 = LINE ( 'NONE', #2164, #5496 ) ;
#5014 = DIRECTION ( 'NONE',  ( 0.000000000000000000, 0.000000000000000000, -1.000000000000000000 ) ) ;
#5015 = EDGE_CURVE ( 'NONE', #215, #2429, #4269, .T. ) ;
#5016 = ORIENTED_EDGE ( 'NONE', *, *, #4623, .T. ) ;
#5017 = ORIENTED_EDGE ( 'NONE', *, *, #6157, .F. ) ;
#5018 = DIRECTION ( 'NONE',  ( 0.7071067811865457964, 0.7071067811865492381, -0.000000000000000000 ) ) ;
#5019 = VERTEX_POINT ( 'NONE', #1769 ) ;
#5020 = CARTESIAN_POINT ( 'NONE',  ( 5.500000000000000000, 6.560660171779825411, 0.000000000000000000 ) ) ;
#5021 = ORIENTED_EDGE ( 'NONE', *, *, #1745, .F. ) ;
#5022 = DIRECTION ( 'NONE',  ( 1.000000000000000000, 1.025564132602993768E-15, 0.000000000000000000 ) ) ;
#5023 = CARTESIAN_POINT ( 'NONE',  ( 5.249999999999999112, -28.25214237248227533, 500.0000000000000000 ) ) ;
#5024 = EDGE_CURVE ( 'NONE', #3544, #4119, #3153, .T. ) ;
#5025 = ORIENTED_EDGE ( 'NONE', *, *, #1064, .T. ) ;
#5026 = CARTESIAN_POINT ( 'NONE',  ( 5.792893218813444989, -13.14644660940672871, 500.0000000000000000 ) ) ;
#5027 = ORIENTED_EDGE ( 'NONE', *, *, #6046, .F. ) ;
#5028 = CARTESIAN_POINT ( 'NONE',  ( 5.249999999999999112, 6.664213562373098476, 500.0000000000000000 ) ) ;
#5029 = ADVANCED_FACE ( 'NONE', ( #1801 ), #1389, .F. ) ;
#5030 = EDGE_LOOP ( 'NONE', ( #5916, #4999, #553, #1645 ) ) ;
#5031 = ORIENTED_EDGE ( 'NONE', *, *, #5069, .F. ) ;
#5032 = DIRECTION ( 'NONE',  ( -1.000000000000000000, 0.000000000000000000, 0.000000000000000000 ) ) ;
#5033 = DIRECTION ( 'NONE',  ( -0.8317552719714353948, -0.5551424749987372564, 0.000000000000000000 ) ) ;
#5034 = CARTESIAN_POINT ( 'NONE',  ( 9.999999999999998224, -4.951411018111002704, 500.0000000000000000 ) ) ;
#5035 = AXIS2_PLACEMENT_3D ( 'NONE', #1913, #920, #5835 ) ;
#5036 = DIRECTION ( 'NONE',  ( 0.7071067811865479058, 0.7071067811865472397, 0.000000000000000000 ) ) ;
#5037 = EDGE_CURVE ( 'NONE', #421, #5686, #3307, .T. ) ;
#5038 = PLANE ( 'NONE',  #4862 ) ;
#5039 = ORIENTED_EDGE ( 'NONE', *, *, #2574, .F. ) ;
#5040 = CIRCLE ( 'NONE', #3539, 0.2500000000000002220 ) ;
#5041 = VECTOR ( 'NONE', #2597, 999.9999999999998863 ) ;
#5042 = DIRECTION ( 'NONE',  ( 0.000000000000000000, 0.000000000000000000, -1.000000000000000000 ) ) ;
#5043 = VECTOR ( 'NONE', #1553, 1000.000000000000000 ) ;
#5044 = CARTESIAN_POINT ( 'NONE',  ( 8.252142372482268229, -7.000000000000002665, 500.0000000000000000 ) ) ;
#5045 = EDGE_CURVE ( 'NONE', #2957, #2489, #1286, .T. ) ;
#5046 = CARTESIAN_POINT ( 'NONE',  ( -4.951411018110999152, -30.00000000000000711, 500.0000000000000000 ) ) ;
#5047 = LINE ( 'NONE', #3072, #3344 ) ;
#5048 = AXIS2_PLACEMENT_3D ( 'NONE', #2061, #3098, #1587 ) ;
#5049 = VECTOR ( 'NONE', #5182, 1000.000000000000000 ) ;
#5050 = ORIENTED_EDGE ( 'NONE', *, *, #4210, .T. ) ;
#5051 = CARTESIAN_POINT ( 'NONE',  ( -6.664213562373095812, -5.250000000000002665, 500.0000000000000000 ) ) ;
#5052 = VERTEX_POINT ( 'NONE', #4721 ) ;
#5053 = LINE ( 'NONE', #1599, #3677 ) ;
#5054 = ORIENTED_EDGE ( 'NONE', *, *, #4897, .F. ) ;
#5055 = CARTESIAN_POINT ( 'NONE',  ( -0.2422809267016586554, -23.56066017177981209, 0.000000000000000000 ) ) ;
#5056 = AXIS2_PLACEMENT_3D ( 'NONE', #4357, #483, #3764 ) ;
#5057 = VECTOR ( 'NONE', #6052, 1000.000000000000000 ) ;
#5058 = DIRECTION ( 'NONE',  ( 0.000000000000000000, 0.000000000000000000, -1.000000000000000000 ) ) ;
#5059 = VECTOR ( 'NONE', #4688, 1000.000000000000000 ) ;
#5060 = EDGE_LOOP ( 'NONE', ( #2760, #5016, #601, #1661 ) ) ;
#5061 = AXIS2_PLACEMENT_3D ( 'NONE', #1863, #5247, #1897 ) ;
#5062 = DIRECTION ( 'NONE',  ( -0.000000000000000000, -0.000000000000000000, 1.000000000000000000 ) ) ;
#5063 = ORIENTED_EDGE ( 'NONE', *, *, #1538, .T. ) ;
#5064 = ADVANCED_FACE ( 'NONE', ( #4255 ), #1870, .T. ) ;
#5065 = DIRECTION ( 'NONE',  ( 0.000000000000000000, 0.000000000000000000, -1.000000000000000000 ) ) ;
#5066 = CARTESIAN_POINT ( 'NONE',  ( 3.703553390593272265, -28.25214237248227533, 500.0000000000000000 ) ) ;
#5067 = EDGE_LOOP ( 'NONE', ( #3288, #5284, #4089, #5918 ) ) ;
#5068 = EDGE_CURVE ( 'NONE', #1635, #6186, #4581, .T. ) ;
#5069 = EDGE_CURVE ( 'NONE', #1513, #2612, #5127, .T. ) ;
#5070 = DIRECTION ( 'NONE',  ( -1.000000000000000000, 0.000000000000000000, 0.000000000000000000 ) ) ;
#5071 = EDGE_CURVE ( 'NONE', #2281, #4935, #2269, .T. ) ;
#5072 = DIRECTION ( 'NONE',  ( 0.000000000000000000, 0.000000000000000000, -1.000000000000000000 ) ) ;
#5073 = LINE ( 'NONE', #4668, #3653 ) ;
#5074 = EDGE_LOOP ( 'NONE', ( #4516, #4989, #1605, #4661 ) ) ;
#5075 = CARTESIAN_POINT ( 'NONE',  ( 0.2422809267016595158, -3.560660171779816974, 500.0000000000000000 ) ) ;
#5076 = VECTOR ( 'NONE', #5784, 1000.000000000000000 ) ;
#5077 = CARTESIAN_POINT ( 'NONE',  ( 8.673617379884035472E-16, 8.673617379884035472E-16, 500.0000000000000000 ) ) ;
#5078 = DIRECTION ( 'NONE',  ( 0.000000000000000000, -1.000000000000000000, 0.000000000000000000 ) ) ;
#5079 = LINE ( 'NONE', #4486, #3455 ) ;
#5080 = CIRCLE ( 'NONE', #964, 0.2499999999999997780 ) ;
#5081 = EDGE_CURVE ( 'NONE', #5183, #4023, #809, .T. ) ;
#5082 = ORIENTED_EDGE ( 'NONE', *, *, #2557, .F. ) ;
#5083 = ADVANCED_FACE ( 'NONE', ( #122 ), #3397, .T. ) ;
#5084 = DIRECTION ( 'NONE',  ( -1.000000000000000000, 0.000000000000000000, 0.000000000000000000 ) ) ;
#5085 = VECTOR ( 'NONE', #4057, 1000.000000000000000 ) ;
#5086 = ORIENTED_EDGE ( 'NONE', *, *, #2607, .T. ) ;
#5087 = AXIS2_PLACEMENT_3D ( 'NONE', #2471, #543, #4772 ) ;
#5088 = CYLINDRICAL_SURFACE ( 'NONE', #1161, 0.2500000000000002220 ) ;
#5089 = EDGE_LOOP ( 'NONE', ( #1251, #2848, #4055, #2862, #3488, #3197, #1303, #4452, #1082, #470, #4971, #6045, #5054, #2765, #4491, #3526, #2806, #2317, #3580, #2468, #4747, #3748, #4726, #468, #5017, #1622, #708, #5240, #2045, #5361, #2767, #614, #5301, #4621, #2610, #3936, #2364, #760, #2461, #4526, #4979, #2019, #348, #2872, #664, #3927, #434, #1503, #1276, #3991, #4317, #4295, #330, #6234, #2646, #3773, #1581, #2107, #4022, #1510, #1756, #745, #2367, #2074, #494, #4687, #5577, #192, #3120, #1265, #2894, #4244, #2905, #2416, #3907, #3115, #6097, #5417, #3227, #4736, #523, #5592, #402, #5930, #3646, #4029, #2423, #4376, #3448, #3223, #4213, #5415, #1507, #1365, #4925, #4531, #5484, #1132, #4776, #1633, #2666, #2149, #2960, #4254, #5983, #1845, #1465, #4070, #1970, #4092, #5638, #5788, #3771, #521, #802, #3517, #496, #5433, #2985, #1484, #2516, #1523, #4409, #1654, #2731, #5618, #5095, #149, #5136, #3952, #317, #1403, #4567, #2151, #3791, #4585, #5956, #2815, #728, #3012, #1760, #5174, #4949, #1917, #2087, #5201, #3619, #443 ) ) ;
#5090 = DIRECTION ( 'NONE',  ( -0.000000000000000000, -0.000000000000000000, 1.000000000000000000 ) ) ;
#5091 = CARTESIAN_POINT ( 'NONE',  ( 8.678919067778902985, -3.526776695296639286, 500.0000000000000000 ) ) ;
#5092 = VECTOR ( 'NONE', #6209, 1000.000000000000000 ) ;
#5093 = AXIS2_PLACEMENT_3D ( 'NONE', #5951, #2231, #213 ) ;
#5094 = EDGE_CURVE ( 'NONE', #133, #752, #3847, .T. ) ;
#5095 = ORIENTED_EDGE ( 'NONE', *, *, #2366, .F. ) ;
#5096 = CARTESIAN_POINT ( 'NONE',  ( -2.573223304703363024, 3.633883476483179109, 0.000000000000000000 ) ) ;
#5097 = EDGE_LOOP ( 'NONE', ( #3393, #3262, #4031, #4634 ) ) ;
#5098 = LINE ( 'NONE', #5575, #334 ) ;
#5099 = AXIS2_PLACEMENT_3D ( 'NONE', #3500, #2614, #226 ) ;
#5100 = DIRECTION ( 'NONE',  ( -0.5551424749987372564, 0.8317552719714353948, 0.000000000000000000 ) ) ;
#5101 = EDGE_CURVE ( 'NONE', #2306, #1789, #5382, .T. ) ;
#5102 = ORIENTED_EDGE ( 'NONE', *, *, #1915, .F. ) ;
#5103 = CIRCLE ( 'NONE', #481, 2.100000000000000089 ) ;
#5104 = DIRECTION ( 'NONE',  ( 0.000000000000000000, 1.000000000000000000, 0.000000000000000000 ) ) ;
#5105 = DIRECTION ( 'NONE',  ( 0.000000000000000000, 0.000000000000000000, -1.000000000000000000 ) ) ;
#5106 = PLANE ( 'NONE',  #4541 ) ;
#5107 = EDGE_CURVE ( 'NONE', #2668, #4911, #13, .T. ) ;
#5108 = CARTESIAN_POINT ( 'NONE',  ( -6.560660171779821859, -25.50000000000000355, 0.000000000000000000 ) ) ;
#5109 = ORIENTED_EDGE ( 'NONE', *, *, #4913, .T. ) ;
#5110 = CARTESIAN_POINT ( 'NONE',  ( -6.664213562373094035, -25.25000000000000000, 500.0000000000000000 ) ) ;
#5111 = CARTESIAN_POINT ( 'NONE',  ( 5.426776695296635644, -26.48743686707645750, 500.0000000000000000 ) ) ;
#5112 = CARTESIAN_POINT ( 'NONE',  ( 4.951411018110999152, 10.00000000000000178, 0.000000000000000000 ) ) ;
#5113 = DIRECTION ( 'NONE',  ( 0.7071067811865479058, -0.7071067811865472397, 0.000000000000000000 ) ) ;
#5114 = VERTEX_POINT ( 'NONE', #4876 ) ;
#5115 = EDGE_CURVE ( 'NONE', #6186, #2178, #4844, .T. ) ;
#5116 = CARTESIAN_POINT ( 'NONE',  ( -2.099999999999999645, 8.673617379884035472E-16, 500.0000000000000000 ) ) ;
#5117 = ORIENTED_EDGE ( 'NONE', *, *, #531, .F. ) ;
#5118 = CARTESIAN_POINT ( 'NONE',  ( -2.292893218813459200, -3.560660171779815197, 0.000000000000000000 ) ) ;
#5119 = ORIENTED_EDGE ( 'NONE', *, *, #612, .T. ) ;
#5120 = FACE_OUTER_BOUND ( 'NONE', #5612, .T. ) ;
#5121 = DIRECTION ( 'NONE',  ( -0.000000000000000000, -0.000000000000000000, 1.000000000000000000 ) ) ;
#5122 = ADVANCED_FACE ( 'NONE', ( #39 ), #526, .T. ) ;
#5123 = DIRECTION ( 'NONE',  ( 0.000000000000000000, 0.000000000000000000, -1.000000000000000000 ) ) ;
#5124 = EDGE_LOOP ( 'NONE', ( #3143, #3025, #3183, #47 ) ) ;
#5125 = LINE ( 'NONE', #5222, #2154 ) ;
#5126 = ORIENTED_EDGE ( 'NONE', *, *, #1511, .F. ) ;
#5127 = LINE ( 'NONE', #5253, #2569 ) ;
#5128 = CARTESIAN_POINT ( 'NONE',  ( -8.252142372482266452, -23.70355339059327449, 0.000000000000000000 ) ) ;
#5129 = DIRECTION ( 'NONE',  ( 0.000000000000000000, 0.000000000000000000, -1.000000000000000000 ) ) ;
#5130 = EDGE_CURVE ( 'NONE', #4619, #1209, #586, .T. ) ;
#5131 = ORIENTED_EDGE ( 'NONE', *, *, #2160, .T. ) ;
#5132 = EDGE_CURVE ( 'NONE', #2070, #4085, #1005, .T. ) ;
#5133 = CARTESIAN_POINT ( 'NONE',  ( 6.664213562373095812, 5.500000000000003553, 500.0000000000000000 ) ) ;
#5134 = FACE_OUTER_BOUND ( 'NONE', #641, .T. ) ;
#5135 = CARTESIAN_POINT ( 'NONE',  ( -2.573223304703363024, 3.633883476483179109, 0.000000000000000000 ) ) ;
#5136 = ORIENTED_EDGE ( 'NONE', *, *, #2055, .F. ) ;
#5137 = CARTESIAN_POINT ( 'NONE',  ( -4.951411018110999152, -29.75000000000000711, 0.000000000000000000 ) ) ;
#5138 = ORIENTED_EDGE ( 'NONE', *, *, #852, .T. ) ;
#5139 = EDGE_CURVE ( 'NONE', #5837, #4078, #3885, .T. ) ;
#5140 = CARTESIAN_POINT ( 'NONE',  ( -3.633883476483180441, -17.42677669529663831, 0.000000000000000000 ) ) ;
#5141 = CARTESIAN_POINT ( 'NONE',  ( -5.500000000000000000, 6.560660171779825411, 0.000000000000000000 ) ) ;
#5142 = LINE ( 'NONE', #5654, #3795 ) ;
#5143 = AXIS2_PLACEMENT_3D ( 'NONE', #2874, #1119, #5778 ) ;
#5144 = DIRECTION ( 'NONE',  ( -0.7071067811865486830, -0.7071067811865464625, 0.000000000000000000 ) ) ;
#5145 = ORIENTED_EDGE ( 'NONE', *, *, #1, .T. ) ;
#5146 = AXIS2_PLACEMENT_3D ( 'NONE', #6032, #1716, #4010 ) ;
#5147 = CYLINDRICAL_SURFACE ( 'NONE', #5864, 0.2500000000000002220 ) ;
#5148 = ORIENTED_EDGE ( 'NONE', *, *, #3973, .T. ) ;
#5149 = DIRECTION ( 'NONE',  ( -0.000000000000000000, 0.000000000000000000, 1.000000000000000000 ) ) ;
#5150 = ORIENTED_EDGE ( 'NONE', *, *, #3909, .F. ) ;
#5151 = CARTESIAN_POINT ( 'NONE',  ( 5.500000000000000000, -28.25214237248227533, 500.0000000000000000 ) ) ;
#5152 = EDGE_CURVE ( 'NONE', #672, #3420, #5887, .T. ) ;
#5153 = PLANE ( 'NONE',  #4755 ) ;
#5154 = EDGE_CURVE ( 'NONE', #3074, #5381, #2925, .T. ) ;
#5155 = VECTOR ( 'NONE', #455, 1000.000000000000114 ) ;
#5156 = ORIENTED_EDGE ( 'NONE', *, *, #4025, .T. ) ;
#5157 = DIRECTION ( 'NONE',  ( 1.000000000000000000, 0.000000000000000000, 0.000000000000000000 ) ) ;
#5158 = EDGE_LOOP ( 'NONE', ( #1944, #3418, #6208, #5635 ) ) ;
#5159 = CIRCLE ( 'NONE', #4946, 0.2500000000000002220 ) ;
#5160 = AXIS2_PLACEMENT_3D ( 'NONE', #5351, #981, #5833 ) ;
#5161 = CARTESIAN_POINT ( 'NONE',  ( 0.2422809267016595158, -23.56066017177981209, 500.0000000000000000 ) ) ;
#5162 = ORIENTED_EDGE ( 'NONE', *, *, #4812, .F. ) ;
#5163 = DIRECTION ( 'NONE',  ( -0.5551424749987354801, -0.8317552719714366161, 0.000000000000000000 ) ) ;
#5164 = DIRECTION ( 'NONE',  ( -1.000000000000000000, 0.000000000000000000, 0.000000000000000000 ) ) ;
#5165 = EDGE_CURVE ( 'NONE', #3086, #2290, #3964, .T. ) ;
#5166 = AXIS2_PLACEMENT_3D ( 'NONE', #4655, #1905, #309 ) ;
#5167 = AXIS2_PLACEMENT_3D ( 'NONE', #1732, #709, #3556 ) ;
#5168 = ORIENTED_EDGE ( 'NONE', *, *, #2845, .T. ) ;
#5169 = LINE ( 'NONE', #313, #1580 ) ;
#5170 = LINE ( 'NONE', #3658, #590 ) ;
#5171 = CARTESIAN_POINT ( 'NONE',  ( 8.678919067778902985, -23.52677669529663973, 500.0000000000000000 ) ) ;
#5172 = VERTEX_POINT ( 'NONE', #3454 ) ;
#5173 = DIRECTION ( 'NONE',  ( 1.387778780781445873E-15, 1.000000000000000000, -0.000000000000000000 ) ) ;
#5174 = ORIENTED_EDGE ( 'NONE', *, *, #3726, .T. ) ;
#5175 = DIRECTION ( 'NONE',  ( 0.7071067811865465735, 0.7071067811865484609, -0.000000000000000000 ) ) ;
#5176 = LINE ( 'NONE', #294, #3277 ) ;
#5177 = FACE_OUTER_BOUND ( 'NONE', #102, .T. ) ;
#5178 = DIRECTION ( 'NONE',  ( -0.000000000000000000, 0.000000000000000000, -1.000000000000000000 ) ) ;
#5179 = EDGE_CURVE ( 'NONE', #4442, #4374, #5080, .T. ) ;
#5180 = ORIENTED_EDGE ( 'NONE', *, *, #1319, .F. ) ;
#5181 = AXIS2_PLACEMENT_3D ( 'NONE', #990, #1462, #3432 ) ;
#5182 = DIRECTION ( 'NONE',  ( 0.000000000000000000, -1.000000000000000000, 0.000000000000000000 ) ) ;
#5183 = VERTEX_POINT ( 'NONE', #1450 ) ;
#5184 = FACE_OUTER_BOUND ( 'NONE', #1479, .T. ) ;
#5185 = ORIENTED_EDGE ( 'NONE', *, *, #1433, .T. ) ;
#5186 = LINE ( 'NONE', #6112, #3993 ) ;
#5187 = CARTESIAN_POINT ( 'NONE',  ( -8.502142372482266452, -16.29644660940672551, 0.000000000000000000 ) ) ;
#5188 = ORIENTED_EDGE ( 'NONE', *, *, #5892, .T. ) ;
#5189 = AXIS2_PLACEMENT_3D ( 'NONE', #425, #5215, #3297 ) ;
#5190 = AXIS2_PLACEMENT_3D ( 'NONE', #3769, #2288, #6102 ) ;
#5191 = ORIENTED_EDGE ( 'NONE', *, *, #6072, .F. ) ;
#5192 = CARTESIAN_POINT ( 'NONE',  ( 2.499999999999999556, -3.560660171779816974, 500.0000000000000000 ) ) ;
#5193 = EDGE_CURVE ( 'NONE', #5674, #350, #2046, .T. ) ;
#5194 = ORIENTED_EDGE ( 'NONE', *, *, #5718, .F. ) ;
#5195 = DIRECTION ( 'NONE',  ( -1.000000000000000000, 0.000000000000000000, 0.000000000000000000 ) ) ;
#5196 = ORIENTED_EDGE ( 'NONE', *, *, #3839, .F. ) ;
#5197 = CARTESIAN_POINT ( 'NONE',  ( -3.810660171779816530, -17.60355339059327306, 0.000000000000000000 ) ) ;
#5198 = CARTESIAN_POINT ( 'NONE',  ( -9.749999999999998224, -24.95141101811100270, 500.0000000000000000 ) ) ;
#5199 = CIRCLE ( 'NONE', #1578, 2.100000000000000533 ) ;
#5200 = CIRCLE ( 'NONE', #2183, 0.2500000000000002220 ) ;
#5201 = ORIENTED_EDGE ( 'NONE', *, *, #687, .T. ) ;
#5202 = DIRECTION ( 'NONE',  ( -1.000000000000000000, -2.081668171172166620E-14, 0.000000000000000000 ) ) ;
#5203 = ADVANCED_FACE ( 'NONE', ( #5798 ), #2512, .T. ) ;
#5204 = CARTESIAN_POINT ( 'NONE',  ( -5.500000000000000000, 8.252142372482271782, 500.0000000000000000 ) ) ;
#5205 = ORIENTED_EDGE ( 'NONE', *, *, #2028, .F. ) ;
#5206 = LINE ( 'NONE', #2313, #4483 ) ;
#5207 = CARTESIAN_POINT ( 'NONE',  ( -3.398953432037304712, 0.000000000000000000, 500.0000000000000000 ) ) ;
#5208 = CARTESIAN_POINT ( 'NONE',  ( 8.002142372482268229, 5.500000000000004441, 500.0000000000000000 ) ) ;
#5209 = DIRECTION ( 'NONE',  ( -1.000000000000000000, 0.000000000000000000, 0.000000000000000000 ) ) ;
#5210 = EDGE_CURVE ( 'NONE', #477, #5729, #2877, .T. ) ;
#5211 = CARTESIAN_POINT ( 'NONE',  ( 7.752142372482267341, -12.49999999999999645, 500.0000000000000000 ) ) ;
#5212 = ORIENTED_EDGE ( 'NONE', *, *, #1111, .T. ) ;
#5213 = FACE_OUTER_BOUND ( 'NONE', #4653, .T. ) ;
#5214 = ORIENTED_EDGE ( 'NONE', *, *, #2769, .F. ) ;
#5215 = DIRECTION ( 'NONE',  ( -0.000000000000000000, 0.000000000000000000, 1.000000000000000000 ) ) ;
#5216 = ORIENTED_EDGE ( 'NONE', *, *, #2247, .F. ) ;
#5217 = PLANE ( 'NONE',  #168 ) ;
#5218 = EDGE_CURVE ( 'NONE', #2608, #1074, #1478, .T. ) ;
#5219 = CARTESIAN_POINT ( 'NONE',  ( 3.560660171779816086, -17.60355339059326951, 0.000000000000000000 ) ) ;
#5220 = CARTESIAN_POINT ( 'NONE',  ( -8.002142372482268229, 5.250000000000003553, 0.000000000000000000 ) ) ;
#5221 = ORIENTED_EDGE ( 'NONE', *, *, #4540, .T. ) ;
#5222 = CARTESIAN_POINT ( 'NONE',  ( -3.560660171779816086, -22.50000000000000000, 0.000000000000000000 ) ) ;
#5223 = ORIENTED_EDGE ( 'NONE', *, *, #1483, .T. ) ;
#5224 = CARTESIAN_POINT ( 'NONE',  ( -7.752142372482267341, -12.99999999999999822, 500.0000000000000000 ) ) ;
#5225 = CIRCLE ( 'NONE', #1500, 0.2500000000000002220 ) ;
#5226 = ORIENTED_EDGE ( 'NONE', *, *, #5015, .T. ) ;
#5227 = CARTESIAN_POINT ( 'NONE',  ( 3.560660171779816086, -0.2422809267016608203, 500.0000000000000000 ) ) ;
#5228 = SURFACE_STYLE_FILL_AREA ( #441 ) ;
#5229 = EDGE_CURVE ( 'NONE', #5607, #2601, #1995, .T. ) ;
#5230 = ORIENTED_EDGE ( 'NONE', *, *, #2517, .T. ) ;
#5231 = FACE_OUTER_BOUND ( 'NONE', #842, .T. ) ;
#5232 = CARTESIAN_POINT ( 'NONE',  ( -5.500000000000000000, 8.002142372482271782, 500.0000000000000000 ) ) ;
#5233 = EDGE_CURVE ( 'NONE', #1797, #3231, #5411, .T. ) ;
#5234 = DIRECTION ( 'NONE',  ( 0.7071067811865491270, -0.7071067811865459074, 0.000000000000000000 ) ) ;
#5235 = ORIENTED_EDGE ( 'NONE', *, *, #1409, .F. ) ;
#5236 = LINE ( 'NONE', #485, #4395 ) ;
#5237 = DIRECTION ( 'NONE',  ( 0.000000000000000000, 0.000000000000000000, -1.000000000000000000 ) ) ;
#5238 = LINE ( 'NONE', #6070, #75 ) ;
#5239 = EDGE_CURVE ( 'NONE', #3396, #4085, #2377, .T. ) ;
#5240 = ORIENTED_EDGE ( 'NONE', *, *, #4803, .F. ) ;
#5241 = LINE ( 'NONE', #4423, #3050 ) ;
#5242 = EDGE_CURVE ( 'NONE', #1073, #2320, #5053, .T. ) ;
#5243 = ORIENTED_EDGE ( 'NONE', *, *, #4744, .T. ) ;
#5244 = CARTESIAN_POINT ( 'NONE',  ( 4.847857627517726087, 10.00000000000000178, 500.0000000000000000 ) ) ;
#5245 = VERTEX_POINT ( 'NONE', #2603 ) ;
#5246 = CARTESIAN_POINT ( 'NONE',  ( -4.774634322814361731, -29.92677669529664186, 500.0000000000000000 ) ) ;
#5247 = DIRECTION ( 'NONE',  ( 0.000000000000000000, 0.000000000000000000, -1.000000000000000000 ) ) ;
#5248 = ORIENTED_EDGE ( 'NONE', *, *, #286, .F. ) ;
#5249 = DIRECTION ( 'NONE',  ( -0.000000000000000000, -0.000000000000000000, 1.000000000000000000 ) ) ;
#5250 = VERTEX_POINT ( 'NONE', #4091 ) ;
#5251 = LINE ( 'NONE', #4186, #137 ) ;
#5252 = VERTEX_POINT ( 'NONE', #1092 ) ;
#5253 = CARTESIAN_POINT ( 'NONE',  ( -8.002142372482268229, -5.500000000000004441, 500.0000000000000000 ) ) ;
#5254 = ORIENTED_EDGE ( 'NONE', *, *, #4130, .F. ) ;
#5255 = FACE_OUTER_BOUND ( 'NONE', #6132, .T. ) ;
#5256 = CIRCLE ( 'NONE', #5860, 0.2500000000000002220 ) ;
#5257 = VECTOR ( 'NONE', #4247, 1000.000000000000000 ) ;
#5258 = CARTESIAN_POINT ( 'NONE',  ( -8.252142372482266452, -3.703553390593276706, 0.000000000000000000 ) ) ;
#5259 = EDGE_CURVE ( 'NONE', #3670, #5819, #3136, .T. ) ;
#5260 = CIRCLE ( 'NONE', #2541, 0.2500000000000002220 ) ;
#5261 = AXIS2_PLACEMENT_3D ( 'NONE', #4172, #5144, #1369 ) ;
#5262 = ORIENTED_EDGE ( 'NONE', *, *, #1483, .F. ) ;
#5263 = DIRECTION ( 'NONE',  ( -0.000000000000000000, -0.000000000000000000, 1.000000000000000000 ) ) ;
#5264 = CIRCLE ( 'NONE', #5868, 0.2500000000000002220 ) ;
#5265 = AXIS2_PLACEMENT_3D ( 'NONE', #4065, #1671, #5991 ) ;
#5266 = EDGE_CURVE ( 'NONE', #2303, #5250, #3546, .T. ) ;
#5267 = CARTESIAN_POINT ( 'NONE',  ( 5.249999999999999112, 6.664213562373098476, 500.0000000000000000 ) ) ;
#5268 = ADVANCED_FACE ( 'NONE', ( #1628 ), #4928, .F. ) ;
#5269 = ORIENTED_EDGE ( 'NONE', *, *, #1471, .T. ) ;
#5270 = DIRECTION ( 'NONE',  ( 1.000000000000000000, 0.000000000000000000, 0.000000000000000000 ) ) ;
#5271 = AXIS2_PLACEMENT_3D ( 'NONE', #1021, #4867, #60 ) ;
#5272 = LINE ( 'NONE', #4859, #1561 ) ;
#5273 = DIRECTION ( 'NONE',  ( -0.000000000000000000, -0.000000000000000000, 1.000000000000000000 ) ) ;
#5274 = DIRECTION ( 'NONE',  ( -0.000000000000000000, -0.000000000000000000, 1.000000000000000000 ) ) ;
#5275 = CARTESIAN_POINT ( 'NONE',  ( -8.002142372482268229, -14.74999999999999645, 0.000000000000000000 ) ) ;
#5276 = EDGE_LOOP ( 'NONE', ( #1832, #5573, #1321, #5853 ) ) ;
#5277 = CYLINDRICAL_SURFACE ( 'NONE', #2388, 0.2500000000000002220 ) ;
#5278 = CARTESIAN_POINT ( 'NONE',  ( 3.100000000000000089, -28.25214237248227533, 500.0000000000000000 ) ) ;
#5279 = DIRECTION ( 'NONE',  ( 1.000000000000000000, 0.000000000000000000, 0.000000000000000000 ) ) ;
#5280 = LINE ( 'NONE', #3267, #927 ) ;
#5281 = EDGE_CURVE ( 'NONE', #844, #3656, #6017, .T. ) ;
#5282 = VERTEX_POINT ( 'NONE', #3996 ) ;
#5283 = DIRECTION ( 'NONE',  ( -0.000000000000000000, -0.000000000000000000, 1.000000000000000000 ) ) ;
#5284 = ORIENTED_EDGE ( 'NONE', *, *, #5218, .F. ) ;
#5285 = LINE ( 'NONE', #3015, #6083 ) ;
#5286 = EDGE_LOOP ( 'NONE', ( #5949, #2298, #3725, #5662 ) ) ;
#5287 = CARTESIAN_POINT ( 'NONE',  ( -2.499999999999999556, -3.560660171779815197, 500.0000000000000000 ) ) ;
#5288 = ORIENTED_EDGE ( 'NONE', *, *, #4529, .T. ) ;
#5289 = DIRECTION ( 'NONE',  ( 0.000000000000000000, 0.000000000000000000, -1.000000000000000000 ) ) ;
#5290 = CARTESIAN_POINT ( 'NONE',  ( -5.249999999999999112, 8.252142372482271782, 0.000000000000000000 ) ) ;
#5291 = AXIS2_PLACEMENT_3D ( 'NONE', #6069, #3664, #2346 ) ;
#5292 = EDGE_CURVE ( 'NONE', #5514, #4573, #741, .T. ) ;
#5293 = AXIS2_PLACEMENT_3D ( 'NONE', #4289, #3681, #5609 ) ;
#5294 = EDGE_LOOP ( 'NONE', ( #4439, #2024, #2508, #3844 ) ) ;
#5295 = VECTOR ( 'NONE', #5011, 1000.000000000000000 ) ;
#5296 = VECTOR ( 'NONE', #4399, 1000.000000000000000 ) ;
#5297 = CARTESIAN_POINT ( 'NONE',  ( 7.752142372482267341, -12.99999999999999822, 0.000000000000000000 ) ) ;
#5298 = EDGE_CURVE ( 'NONE', #243, #4849, #159, .T. ) ;
#5299 = VECTOR ( 'NONE', #194, 1000.000000000000000 ) ;
#5300 = CARTESIAN_POINT ( 'NONE',  ( -9.926776695296643638, -4.774634322814374165, 0.000000000000000000 ) ) ;
#5301 = ORIENTED_EDGE ( 'NONE', *, *, #3601, .T. ) ;
#5302 = CARTESIAN_POINT ( 'NONE',  ( -2.646446609406726491, -16.29289321881345742, 0.000000000000000000 ) ) ;
#5303 = CARTESIAN_POINT ( 'NONE',  ( 3.453553390593271821, -28.50214237248227533, 500.0000000000000000 ) ) ;
#5304 = VECTOR ( 'NONE', #3624, 1000.000000000000000 ) ;
#5305 = LINE ( 'NONE', #3351, #4881 ) ;
#5306 = ADVANCED_FACE ( 'NONE', ( #5919 ), #5984, .T. ) ;
#5307 = LINE ( 'NONE', #2474, #5155 ) ;
#5308 = ORIENTED_EDGE ( 'NONE', *, *, #5815, .F. ) ;
#5309 = PLANE ( 'NONE',  #2982 ) ;
#5310 = DIRECTION ( 'NONE',  ( -0.000000000000000000, -0.000000000000000000, 1.000000000000000000 ) ) ;
#5311 = DIRECTION ( 'NONE',  ( 0.000000000000000000, 0.000000000000000000, 1.000000000000000000 ) ) ;
#5312 = DIRECTION ( 'NONE',  ( -0.000000000000000000, -0.000000000000000000, 1.000000000000000000 ) ) ;
#5313 = ORIENTED_EDGE ( 'NONE', *, *, #2142, .T. ) ;
#5314 = DIRECTION ( 'NONE',  ( -1.000000000000000000, 0.000000000000000000, 0.000000000000000000 ) ) ;
#5315 = VERTEX_POINT ( 'NONE', #2667 ) ;
#5316 = CARTESIAN_POINT ( 'NONE',  ( -6.146446609406722494, -7.000000000000002665, 500.0000000000000000 ) ) ;
#5317 = ORIENTED_EDGE ( 'NONE', *, *, #4166, .T. ) ;
#5318 = CARTESIAN_POINT ( 'NONE',  ( 4.774634322814361731, -29.92677669529664186, 500.0000000000000000 ) ) ;
#5319 = VERTEX_POINT ( 'NONE', #4118 ) ;
#5320 = DIRECTION ( 'NONE',  ( 0.7071067811865479058, 0.7071067811865472397, 0.000000000000000000 ) ) ;
#5321 = CARTESIAN_POINT ( 'NONE',  ( -5.249999999999999112, 8.252142372482271782, 0.000000000000000000 ) ) ;
#5322 = EDGE_CURVE ( 'NONE', #710, #4227, #6215, .T. ) ;
#5323 = LINE ( 'NONE', #615, #1642 ) ;
#5324 = ORIENTED_EDGE ( 'NONE', *, *, #4964, .T. ) ;
#5325 = EDGE_CURVE ( 'NONE', #5470, #2185, #4584, .T. ) ;
#5326 = DIRECTION ( 'NONE',  ( -1.000000000000000000, 0.000000000000000000, 0.000000000000000000 ) ) ;
#5327 = EDGE_CURVE ( 'NONE', #4696, #4412, #4960, .T. ) ;
#5328 = DIRECTION ( 'NONE',  ( 0.000000000000000000, 0.000000000000000000, -1.000000000000000000 ) ) ;
#5329 = VERTEX_POINT ( 'NONE', #182 ) ;
#5330 = DIRECTION ( 'NONE',  ( 5.127820663014968840E-16, -1.000000000000000000, 0.000000000000000000 ) ) ;
#5331 = LINE ( 'NONE', #2155, #5489 ) ;
#5332 = LINE ( 'NONE', #2437, #2182 ) ;
#5333 = ADVANCED_FACE ( 'NONE', ( #276 ), #5503, .F. ) ;
#5334 = LINE ( 'NONE', #1464, #5774 ) ;
#5335 = ORIENTED_EDGE ( 'NONE', *, *, #3284, .F. ) ;
#5336 = DIRECTION ( 'NONE',  ( 1.000000000000000000, 0.000000000000000000, 0.000000000000000000 ) ) ;
#5337 = LINE ( 'NONE', #88, #158 ) ;
#5338 = CARTESIAN_POINT ( 'NONE',  ( 5.500000000000000000, -28.00214237248227533, 500.0000000000000000 ) ) ;
#5339 = DIRECTION ( 'NONE',  ( -0.000000000000000000, -0.000000000000000000, 1.000000000000000000 ) ) ;
#5340 = CIRCLE ( 'NONE', #6053, 2.100000000000000533 ) ;
#5341 = ORIENTED_EDGE ( 'NONE', *, *, #681, .T. ) ;
#5342 = CARTESIAN_POINT ( 'NONE',  ( 2.499999999999999556, -3.560660171779816974, 0.000000000000000000 ) ) ;
#5343 = EDGE_LOOP ( 'NONE', ( #3786, #3612, #2327, #2784 ) ) ;
#5344 = DIRECTION ( 'NONE',  ( -1.000000000000000000, 0.000000000000000000, 0.000000000000000000 ) ) ;
#5345 = VERTEX_POINT ( 'NONE', #3080 ) ;
#5346 = DIRECTION ( 'NONE',  ( -0.000000000000000000, -0.000000000000000000, -1.000000000000000000 ) ) ;
#5347 = ORIENTED_EDGE ( 'NONE', *, *, #4900, .F. ) ;
#5348 = EDGE_CURVE ( 'NONE', #4056, #4849, #1727, .T. ) ;
#5349 = DIRECTION ( 'NONE',  ( 1.000000000000000000, 0.000000000000000000, 0.000000000000000000 ) ) ;
#5350 = VECTOR ( 'NONE', #3551, 1000.000000000000000 ) ;
#5351 = CARTESIAN_POINT ( 'NONE',  ( 4.951411018110999152, 9.750000000000001776, 500.0000000000000000 ) ) ;
#5352 = ORIENTED_EDGE ( 'NONE', *, *, #4152, .F. ) ;
#5353 = AXIS2_PLACEMENT_3D ( 'NONE', #1001, #36, #1962 ) ;
#5354 = CIRCLE ( 'NONE', #3141, 0.2500000000000002220 ) ;
#5355 = AXIS2_PLACEMENT_3D ( 'NONE', #3433, #4308, #1047 ) ;
#5356 = CARTESIAN_POINT ( 'NONE',  ( 5.500000000000000000, 8.002142372482271782, 0.000000000000000000 ) ) ;
#5357 = ADVANCED_FACE ( 'NONE', ( #3639 ), #209, .F. ) ;
#5358 = VECTOR ( 'NONE', #2031, 1000.000000000000000 ) ;
#5359 = EDGE_CURVE ( 'NONE', #2212, #2251, #4552, .T. ) ;
#5360 = ADVANCED_FACE ( 'NONE', ( #6079 ), #393, .F. ) ;
#5361 = ORIENTED_EDGE ( 'NONE', *, *, #1236, .F. ) ;
#5362 = VERTEX_POINT ( 'NONE', #1759 ) ;
#5363 = LINE ( 'NONE', #1045, #5500 ) ;
#5364 = VECTOR ( 'NONE', #4784, 1000.000000000000000 ) ;
#5365 = LINE ( 'NONE', #4333, #2774 ) ;
#5366 = DIRECTION ( 'NONE',  ( -0.7071067811865419106, -0.7071067811865531239, 0.000000000000000000 ) ) ;
#5367 = VECTOR ( 'NONE', #2582, 1000.000000000000000 ) ;
#5368 = VECTOR ( 'NONE', #2128, 1000.000000000000000 ) ;
#5369 = CARTESIAN_POINT ( 'NONE',  ( 4.951411018110999152, 9.750000000000001776, 500.0000000000000000 ) ) ;
#5370 = CARTESIAN_POINT ( 'NONE',  ( 3.398953432037304268, -19.99999999999999645, 500.0000000000000000 ) ) ;
#5371 = CIRCLE ( 'NONE', #2655, 0.2500000000000002220 ) ;
#5372 = VERTEX_POINT ( 'NONE', #5118 ) ;
#5373 = CARTESIAN_POINT ( 'NONE',  ( 4.951411018110999152, 10.00000000000000178, 500.0000000000000000 ) ) ;
#5374 = ORIENTED_EDGE ( 'NONE', *, *, #1219, .T. ) ;
#5375 = CARTESIAN_POINT ( 'NONE',  ( 6.664213562373094035, -14.49999999999999645, 500.0000000000000000 ) ) ;
#5376 = DIRECTION ( 'NONE',  ( 0.7071067811865472397, -0.7071067811865479058, 0.000000000000000000 ) ) ;
#5377 = EDGE_CURVE ( 'NONE', #2193, #883, #1821, .T. ) ;
#5378 = ORIENTED_EDGE ( 'NONE', *, *, #5903, .F. ) ;
#5379 = LINE ( 'NONE', #4872, #1331 ) ;
#5380 = EDGE_LOOP ( 'NONE', ( #3043, #4793, #1013, #4986 ) ) ;
#5381 = VERTEX_POINT ( 'NONE', #4281 ) ;
#5382 = LINE ( 'NONE', #3906, #3280 ) ;
#5383 = ORIENTED_EDGE ( 'NONE', *, *, #4955, .T. ) ;
#5384 = LINE ( 'NONE', #4437, #4383 ) ;
#5385 = ADVANCED_FACE ( 'NONE', ( #4679 ), #2261, .F. ) ;
#5386 = FACE_OUTER_BOUND ( 'NONE', #5413, .T. ) ;
#5387 = VERTEX_POINT ( 'NONE', #6110 ) ;
#5388 = VECTOR ( 'NONE', #1552, 1000.000000000000000 ) ;
#5389 = VECTOR ( 'NONE', #6202, 1000.000000000000000 ) ;
#5390 = ORIENTED_EDGE ( 'NONE', *, *, #2703, .T. ) ;
#5391 = ORIENTED_EDGE ( 'NONE', *, *, #3778, .T. ) ;
#5392 = LINE ( 'NONE', #2998, #661 ) ;
#5393 = DIRECTION ( 'NONE',  ( -0.000000000000000000, -0.000000000000000000, 1.000000000000000000 ) ) ;
#5394 = DIRECTION ( 'NONE',  ( -1.000000000000000000, 0.000000000000000000, 0.000000000000000000 ) ) ;
#5395 = ADVANCED_FACE ( 'NONE', ( #4615 ), #2761, .F. ) ;
#5396 = VECTOR ( 'NONE', #4670, 1000.000000000000000 ) ;
#5397 = AXIS2_PLACEMENT_3D ( 'NONE', #2727, #4214, #1380 ) ;
#5398 = DIRECTION ( 'NONE',  ( 0.000000000000000000, 0.000000000000000000, 1.000000000000000000 ) ) ;
#5399 = AXIS2_PLACEMENT_3D ( 'NONE', #1429, #3349, #5270 ) ;
#5400 = ORIENTED_EDGE ( 'NONE', *, *, #5115, .T. ) ;
#5401 = DIRECTION ( 'NONE',  ( -0.000000000000000000, -0.000000000000000000, 1.000000000000000000 ) ) ;
#5402 = FACE_OUTER_BOUND ( 'NONE', #1935, .T. ) ;
#5403 = ADVANCED_FACE ( 'NONE', ( #5629 ), #300, .F. ) ;
#5404 = CARTESIAN_POINT ( 'NONE',  ( 8.252142372482268229, 5.500000000000004441, 500.0000000000000000 ) ) ;
#5405 = DIRECTION ( 'NONE',  ( -0.000000000000000000, -0.000000000000000000, 1.000000000000000000 ) ) ;
#5406 = VERTEX_POINT ( 'NONE', #2228 ) ;
#5407 = ORIENTED_EDGE ( 'NONE', *, *, #5218, .T. ) ;
#5408 = DIRECTION ( 'NONE',  ( -0.000000000000000000, -0.000000000000000000, 1.000000000000000000 ) ) ;
#5409 = ORIENTED_EDGE ( 'NONE', *, *, #3541, .F. ) ;
#5410 = VECTOR ( 'NONE', #471, 1000.000000000000000 ) ;
#5411 = LINE ( 'NONE', #609, #2478 ) ;
#5412 = ADVANCED_FACE ( 'NONE', ( #3774 ), #4212, .F. ) ;
#5413 = EDGE_LOOP ( 'NONE', ( #5524, #1607, #2170, #939 ) ) ;
#5414 = LINE ( 'NONE', #3019, #6057 ) ;
#5415 = ORIENTED_EDGE ( 'NONE', *, *, #2459, .T. ) ;
#5416 = VERTEX_POINT ( 'NONE', #2725 ) ;
#5417 = ORIENTED_EDGE ( 'NONE', *, *, #5179, .T. ) ;
#5418 = FACE_OUTER_BOUND ( 'NONE', #3830, .T. ) ;
#5419 = DIRECTION ( 'NONE',  ( -1.000000000000000000, 3.469446951953614682E-16, 0.000000000000000000 ) ) ;
#5420 = ADVANCED_FACE ( 'NONE', ( #5598 ), #1245, .F. ) ;
#5421 = FACE_OUTER_BOUND ( 'NONE', #5755, .T. ) ;
#5422 = CARTESIAN_POINT ( 'NONE',  ( 4.336808689942017736E-16, -16.60104656796269040, 500.0000000000000000 ) ) ;
#5423 = CARTESIAN_POINT ( 'NONE',  ( -6.146446609406722494, -13.49999999999999822, 500.0000000000000000 ) ) ;
#5424 = ORIENTED_EDGE ( 'NONE', *, *, #3948, .F. ) ;
#5425 = FACE_OUTER_BOUND ( 'NONE', #4774, .T. ) ;
#5426 = LINE ( 'NONE', #2595, #3799 ) ;
#5427 = CARTESIAN_POINT ( 'NONE',  ( -5.500000000000000000, -26.66421356237309581, 0.000000000000000000 ) ) ;
#5428 = CARTESIAN_POINT ( 'NONE',  ( 2.396446609406726047, 3.810660171779817418, 0.000000000000000000 ) ) ;
#5429 = EDGE_CURVE ( 'NONE', #6117, #4319, #3797, .T. ) ;
#5430 = ADVANCED_FACE ( 'NONE', ( #5184 ), #5088, .T. ) ;
#5431 = ORIENTED_EDGE ( 'NONE', *, *, #1999, .T. ) ;
#5432 = ORIENTED_EDGE ( 'NONE', *, *, #4889, .F. ) ;
#5433 = ORIENTED_EDGE ( 'NONE', *, *, #1487, .F. ) ;
#5434 = DIRECTION ( 'NONE',  ( -0.8317552719714353948, 0.5551424749987372564, 0.000000000000000000 ) ) ;
#5435 = VERTEX_POINT ( 'NONE', #871 ) ;
#5436 = VECTOR ( 'NONE', #2744, 1000.000000000000000 ) ;
#5437 = CARTESIAN_POINT ( 'NONE',  ( -5.426776695296636532, -26.48743686707645750, 0.000000000000000000 ) ) ;
#5438 = EDGE_LOOP ( 'NONE', ( #2857, #2333, #3304, #308 ) ) ;
#5439 = CARTESIAN_POINT ( 'NONE',  ( -3.560660171779816086, -2.500000000000000444, 500.0000000000000000 ) ) ;
#5440 = ORIENTED_EDGE ( 'NONE', *, *, #4001, .F. ) ;
#5441 = CARTESIAN_POINT ( 'NONE',  ( 7.752142372482267341, -7.500000000000003553, 0.000000000000000000 ) ) ;
#5442 = CIRCLE ( 'NONE', #2527, 0.2500000000000002220 ) ;
#5443 = EDGE_CURVE ( 'NONE', #1451, #1662, #2794, .T. ) ;
#5444 = ADVANCED_FACE ( 'NONE', ( #4712 ), #904, .F. ) ;
#5445 = AXIS2_PLACEMENT_3D ( 'NONE', #3065, #2554, #2189 ) ;
#5446 = ORIENTED_EDGE ( 'NONE', *, *, #2824, .T. ) ;
#5447 = ORIENTED_EDGE ( 'NONE', *, *, #3601, .F. ) ;
#5448 = DIRECTION ( 'NONE',  ( -0.000000000000000000, -0.000000000000000000, 1.000000000000000000 ) ) ;
#5449 = LINE ( 'NONE', #1715, #4930 ) ;
#5450 = LINE ( 'NONE', #2590, #222 ) ;
#5451 = VECTOR ( 'NONE', #2543, 1000.000000000000000 ) ;
#5452 = CIRCLE ( 'NONE', #44, 0.2500000000000002220 ) ;
#5453 = DIRECTION ( 'NONE',  ( -0.000000000000000000, -0.000000000000000000, 1.000000000000000000 ) ) ;
#5454 = EDGE_CURVE ( 'NONE', #4685, #5985, #2355, .T. ) ;
#5455 = EDGE_CURVE ( 'NONE', #2343, #5345, #5711, .T. ) ;
#5456 = AXIS2_PLACEMENT_3D ( 'NONE', #3472, #1080, #3003 ) ;
#5457 = AXIS2_PLACEMENT_3D ( 'NONE', #2638, #1157, #3590 ) ;
#5458 = CARTESIAN_POINT ( 'NONE',  ( 6.146446609406724271, -6.500000000000002665, 500.0000000000000000 ) ) ;
#5459 = VERTEX_POINT ( 'NONE', #5373 ) ;
#5460 = CARTESIAN_POINT ( 'NONE',  ( -7.752142372482267341, -12.49999999999999645, 0.000000000000000000 ) ) ;
#5461 = CARTESIAN_POINT ( 'NONE',  ( 4.336808689942017736E-16, -23.39895343203730249, 0.000000000000000000 ) ) ;
#5462 = DIRECTION ( 'NONE',  ( -0.000000000000000000, 0.000000000000000000, 1.000000000000000000 ) ) ;
#5463 = CARTESIAN_POINT ( 'NONE',  ( 9.749999999999998224, 4.951411018111002704, 500.0000000000000000 ) ) ;
#5464 = CARTESIAN_POINT ( 'NONE',  ( 3.560660171779816086, -22.39644660940672694, 0.000000000000000000 ) ) ;
#5465 = CIRCLE ( 'NONE', #3762, 0.2500000000000002220 ) ;
#5466 = VECTOR ( 'NONE', #5283, 1000.000000000000000 ) ;
#5467 = VERTEX_POINT ( 'NONE', #576 ) ;
#5468 = CARTESIAN_POINT ( 'NONE',  ( 8.252142372482268229, -7.000000000000002665, 0.000000000000000000 ) ) ;
#5469 = ORIENTED_EDGE ( 'NONE', *, *, #1986, .T. ) ;
#5470 = VERTEX_POINT ( 'NONE', #87 ) ;
#5471 = DIRECTION ( 'NONE',  ( 0.000000000000000000, 0.000000000000000000, -1.000000000000000000 ) ) ;
#5472 = ORIENTED_EDGE ( 'NONE', *, *, #5605, .T. ) ;
#5473 = DIRECTION ( 'NONE',  ( 0.000000000000000000, 0.000000000000000000, -1.000000000000000000 ) ) ;
#5474 = CARTESIAN_POINT ( 'NONE',  ( -8.252142372482268229, -12.99999999999999822, 500.0000000000000000 ) ) ;
#5475 = EDGE_CURVE ( 'NONE', #5859, #5459, #3325, .T. ) ;
#5476 = EDGE_LOOP ( 'NONE', ( #3463, #1117, #3807, #5432 ) ) ;
#5477 = CARTESIAN_POINT ( 'NONE',  ( 3.703553390593272265, -28.50214237248227533, 500.0000000000000000 ) ) ;
#5478 = ORIENTED_EDGE ( 'NONE', *, *, #130, .F. ) ;
#5479 = LINE ( 'NONE', #2643, #3150 ) ;
#5480 = PLANE ( 'NONE',  #1846 ) ;
#5481 = EDGE_CURVE ( 'NONE', #3513, #4997, #3869, .T. ) ;
#5482 = AXIS2_PLACEMENT_3D ( 'NONE', #5588, #4139, #4170 ) ;
#5483 = VERTEX_POINT ( 'NONE', #4834 ) ;
#5484 = ORIENTED_EDGE ( 'NONE', *, *, #3622, .F. ) ;
#5485 = DIRECTION ( 'NONE',  ( -0.7071067811865465735, -0.7071067811865483499, -0.000000000000000000 ) ) ;
#5486 = ADVANCED_FACE ( 'NONE', ( #2443 ), #4397, .F. ) ;
#5487 = CARTESIAN_POINT ( 'NONE',  ( 8.252142372482266452, 3.703553390593276706, 500.0000000000000000 ) ) ;
#5488 = CARTESIAN_POINT ( 'NONE',  ( 2.396446609406726935, -23.56066017177981919, 500.0000000000000000 ) ) ;
#5489 = VECTOR ( 'NONE', #5393, 1000.000000000000000 ) ;
#5490 = DIRECTION ( 'NONE',  ( -1.000000000000000000, 0.000000000000000000, 0.000000000000000000 ) ) ;
#5491 = CARTESIAN_POINT ( 'NONE',  ( -3.560660171779815197, 0.2422809267016608203, 0.000000000000000000 ) ) ;
#5492 = ORIENTED_EDGE ( 'NONE', *, *, #3757, .T. ) ;
#5493 = CARTESIAN_POINT ( 'NONE',  ( 5.500000000000000000, -26.66421356237309581, 0.000000000000000000 ) ) ;
#5494 = DIRECTION ( 'NONE',  ( 0.000000000000000000, 0.000000000000000000, -1.000000000000000000 ) ) ;
#5495 = CARTESIAN_POINT ( 'NONE',  ( -8.252142372482268229, -7.500000000000003553, 500.0000000000000000 ) ) ;
#5496 = VECTOR ( 'NONE', #4083, 1000.000000000000000 ) ;
#5497 = FACE_OUTER_BOUND ( 'NONE', #5882, .T. ) ;
#5498 = ADVANCED_FACE ( 'NONE', ( #4866 ), #1466, .F. ) ;
#5499 = ORIENTED_EDGE ( 'NONE', *, *, #5239, .F. ) ;
#5500 = VECTOR ( 'NONE', #6235, 1000.000000000000000 ) ;
#5501 = ORIENTED_EDGE ( 'NONE', *, *, #2211, .F. ) ;
#5502 = EDGE_LOOP ( 'NONE', ( #4843, #4614, #4520, #2864 ) ) ;
#5503 = PLANE ( 'NONE',  #4976 ) ;
#5504 = ORIENTED_EDGE ( 'NONE', *, *, #531, .T. ) ;
#5505 = DIRECTION ( 'NONE',  ( -0.8317552719714332854, 0.5551424749987402540, 0.000000000000000000 ) ) ;
#5506 = LINE ( 'NONE', #185, #926 ) ;
#5507 = EDGE_LOOP ( 'NONE', ( #1533, #250, #5347, #2218 ) ) ;
#5508 = LINE ( 'NONE', #216, #4863 ) ;
#5509 = ORIENTED_EDGE ( 'NONE', *, *, #2054, .F. ) ;
#5510 = DIRECTION ( 'NONE',  ( -1.000000000000000000, 0.000000000000000000, 0.000000000000000000 ) ) ;
#5511 = CARTESIAN_POINT ( 'NONE',  ( 4.336808689942017736E-16, -3.398953432037304712, 0.000000000000000000 ) ) ;
#5512 = EDGE_CURVE ( 'NONE', #94, #1659, #3986, .T. ) ;
#5513 = ADVANCED_FACE ( 'NONE', ( #1524 ), #5309, .F. ) ;
#5514 = VERTEX_POINT ( 'NONE', #4426 ) ;
#5515 = ORIENTED_EDGE ( 'NONE', *, *, #2641, .T. ) ;
#5516 = CYLINDRICAL_SURFACE ( 'NONE', #4894, 0.2500000000000002220 ) ;
#5517 = DIRECTION ( 'NONE',  ( -1.000000000000000000, 0.000000000000000000, 0.000000000000000000 ) ) ;
#5518 = DIRECTION ( 'NONE',  ( 0.000000000000000000, -0.000000000000000000, 1.000000000000000000 ) ) ;
#5519 = DIRECTION ( 'NONE',  ( -1.000000000000000000, 0.000000000000000000, 0.000000000000000000 ) ) ;
#5520 = EDGE_CURVE ( 'NONE', #2070, #3346, #359, .T. ) ;
#5521 = EDGE_CURVE ( 'NONE', #4432, #4902, #4896, .T. ) ;
#5522 = CIRCLE ( 'NONE', #1710, 0.2500000000000002220 ) ;
#5523 = CARTESIAN_POINT ( 'NONE',  ( -2.100000000000000533, -20.00000000000000000, 500.0000000000000000 ) ) ;
#5524 = ORIENTED_EDGE ( 'NONE', *, *, #4245, .F. ) ;
#5525 = DIRECTION ( 'NONE',  ( 1.000000000000000000, 8.060449430099660112E-16, -0.000000000000000000 ) ) ;
#5526 = LINE ( 'NONE', #6038, #5713 ) ;
#5527 = LINE ( 'NONE', #4983, #970 ) ;
#5528 = DIRECTION ( 'NONE',  ( 0.7071067811865465735, -0.7071067811865484609, 0.000000000000000000 ) ) ;
#5529 = EDGE_CURVE ( 'NONE', #2981, #1813, #3897, .T. ) ;
#5530 = ORIENTED_EDGE ( 'NONE', *, *, #2574, .T. ) ;
#5531 = DIRECTION ( 'NONE',  ( -0.000000000000000000, -0.000000000000000000, 1.000000000000000000 ) ) ;
#5532 = EDGE_LOOP ( 'NONE', ( #6218, #3728, #6022, #2451 ) ) ;
#5533 = DIRECTION ( 'NONE',  ( 0.000000000000000000, 0.000000000000000000, -1.000000000000000000 ) ) ;
#5534 = ORIENTED_EDGE ( 'NONE', *, *, #5454, .T. ) ;
#5535 = LINE ( 'NONE', #677, #4012 ) ;
#5536 = DIRECTION ( 'NONE',  ( 0.000000000000000000, 0.000000000000000000, -1.000000000000000000 ) ) ;
#5537 = EDGE_CURVE ( 'NONE', #4877, #808, #2503, .T. ) ;
#5538 = VERTEX_POINT ( 'NONE', #1954 ) ;
#5539 = DIRECTION ( 'NONE',  ( 0.000000000000000000, 1.000000000000000000, 0.000000000000000000 ) ) ;
#5540 = ADVANCED_FACE ( 'NONE', ( #2856 ), #5277, .T. ) ;
#5541 = VERTEX_POINT ( 'NONE', #457 ) ;
#5542 = CARTESIAN_POINT ( 'NONE',  ( -8.252142372482266452, 3.100000000000004530, 500.0000000000000000 ) ) ;
#5543 = ORIENTED_EDGE ( 'NONE', *, *, #6027, .F. ) ;
#5544 = EDGE_CURVE ( 'NONE', #909, #2343, #2391, .T. ) ;
#5545 = CARTESIAN_POINT ( 'NONE',  ( -2.396446609406725603, -23.56066017177981209, 0.000000000000000000 ) ) ;
#5546 = DIRECTION ( 'NONE',  ( 0.000000000000000000, 0.000000000000000000, -1.000000000000000000 ) ) ;
#5547 = FACE_OUTER_BOUND ( 'NONE', #1373, .T. ) ;
#5548 = EDGE_CURVE ( 'NONE', #2698, #2513, #994, .T. ) ;
#5549 = AXIS2_PLACEMENT_3D ( 'NONE', #4729, #3211, #817 ) ;
#5550 = DIRECTION ( 'NONE',  ( 0.000000000000000000, 0.000000000000000000, -1.000000000000000000 ) ) ;
#5551 = ORIENTED_EDGE ( 'NONE', *, *, #3492, .F. ) ;
#5552 = VECTOR ( 'NONE', #3459, 1000.000000000000000 ) ;
#5553 = VECTOR ( 'NONE', #5339, 1000.000000000000000 ) ;
#5554 = DIRECTION ( 'NONE',  ( -1.000000000000000000, 0.000000000000000000, 0.000000000000000000 ) ) ;
#5555 = DIRECTION ( 'NONE',  ( 1.000000000000000000, 0.000000000000000000, 0.000000000000000000 ) ) ;
#5556 = CARTESIAN_POINT ( 'NONE',  ( -6.664213562373094923, -14.49999999999999645, 500.0000000000000000 ) ) ;
#5557 = DIRECTION ( 'NONE',  ( -0.000000000000000000, -0.000000000000000000, 1.000000000000000000 ) ) ;
#5558 = DIRECTION ( 'NONE',  ( 0.000000000000000000, 0.000000000000000000, -1.000000000000000000 ) ) ;
#5559 = CIRCLE ( 'NONE', #5970, 0.2500000000000002220 ) ;
#5560 = VECTOR ( 'NONE', #180, 1000.000000000000000 ) ;
#5561 = ORIENTED_EDGE ( 'NONE', *, *, #5758, .F. ) ;
#5562 = DIRECTION ( 'NONE',  ( -1.000000000000000000, 0.000000000000000000, 0.000000000000000000 ) ) ;
#5563 = ORIENTED_EDGE ( 'NONE', *, *, #1121, .T. ) ;
#5564 = DIRECTION ( 'NONE',  ( 1.000000000000000000, 6.733988894569413090E-16, -0.000000000000000000 ) ) ;
#5565 = ORIENTED_EDGE ( 'NONE', *, *, #4694, .F. ) ;
#5566 = CARTESIAN_POINT ( 'NONE',  ( -5.500000000000000000, -26.56066017177982275, 500.0000000000000000 ) ) ;
#5567 = EDGE_CURVE ( 'NONE', #4103, #282, #3357, .T. ) ;
#5568 = CIRCLE ( 'NONE', #335, 0.2499999999999997780 ) ;
#5569 = DIRECTION ( 'NONE',  ( 0.000000000000000000, -0.000000000000000000, -1.000000000000000000 ) ) ;
#5570 = PRODUCT_DEFINITION_FORMATION_WITH_SPECIFIED_SOURCE ( 'ANY', '', #3462, .NOT_KNOWN. ) ;
#5571 = ORIENTED_EDGE ( 'NONE', *, *, #3855, .F. ) ;
#5572 = DIRECTION ( 'NONE',  ( -0.000000000000000000, -0.000000000000000000, 1.000000000000000000 ) ) ;
#5573 = ORIENTED_EDGE ( 'NONE', *, *, #2517, .F. ) ;
#5574 = CLOSED_SHELL ( 'NONE', ( #3428, #5753, #3202, #2598, #581, #3516, #714, #1288, #4343, #5677, #4011, #5064, #4233, #186, #1387, #571, #2927, #4855, #4457, #2515, #3371, #5360, #950, #4194, #4660, #4413, #6227, #3751, #5917, #427, #99, #5732, #3011, #2297, #1205, #4105, #5963, #2662, #1560, #2617, #3935, #337, #886, #4296, #5333, #1198, #26, #4625, #4825, #4936, #1260, #20, #4498, #2741, #150, #1348, #327, #2914, #3828, #197, #6127, #288, #5412, #5808, #4737, #3522, #1424, #2908, #2709, #3414, #3091, #1396, #3437, #5513, #4017, #1948, #5444, #919, #1703, #2414, #3655, #1973, #1324, #4102, #1895, #1544, #432, #5928, #3527, #2903, #4131, #1925, #4765, #5395, #5898, #3311, #2591, #3188, #4338, #3121, #5994, #1030, #5486, #1071, #3577, #4842, #1875, #1212, #2230, #32, #6182, #3937, #3971, #2820, #1509, #5540, #2133, #3863, #2906, #5430, #4610, #2336, #1257, #5634, #5403, #51, #2757, #5122, #3212, #4095, #4791, #3375, #5840, #5385, #5357, #3511, #4444, #5306, #2175, #5083, #899, #4207, #304, #5420, #4379, #2109, #3567, #3395, #5203, #1011, #2622, #6026, #5498, #999, #340, #3912, #3496, #5029, #1281, #4438, #2002, #446, #1098, #651, #202, #3176, #1733, #5865, #4384, #1128, #4701, #1805, #2088, #2150, #4032, #958, #4155, #5268, #1914, #6144, #2093, #5631, #2585, #3682 ) ) ;
#5575 = CARTESIAN_POINT ( 'NONE',  ( 8.252142372482266452, -3.100000000000004530, 500.0000000000000000 ) ) ;
#5576 = EDGE_CURVE ( 'NONE', #5707, #78, #5756, .T. ) ;
#5577 = ORIENTED_EDGE ( 'NONE', *, *, #662, .T. ) ;
#5578 = DIRECTION ( 'NONE',  ( 1.000000000000000000, -0.000000000000000000, -0.000000000000000000 ) ) ;
#5579 = DIRECTION ( 'NONE',  ( 0.000000000000000000, 0.000000000000000000, -1.000000000000000000 ) ) ;
#5580 = DIRECTION ( 'NONE',  ( -1.000000000000000000, 0.000000000000000000, 0.000000000000000000 ) ) ;
#5581 = CARTESIAN_POINT ( 'NONE',  ( 3.398953432037304268, 0.000000000000000000, 500.0000000000000000 ) ) ;
#5582 = AXIS2_PLACEMENT_3D ( 'NONE', #1480, #5289, #976 ) ;
#5583 = LINE ( 'NONE', #6131, #5678 ) ;
#5584 = ORIENTED_EDGE ( 'NONE', *, *, #2531, .F. ) ;
#5585 = DIRECTION ( 'NONE',  ( 0.7071067811865465735, 0.7071067811865484609, -0.000000000000000000 ) ) ;
#5586 = CIRCLE ( 'NONE', #6099, 0.2499999999999997780 ) ;
#5587 = EDGE_CURVE ( 'NONE', #1209, #5467, #5199, .T. ) ;
#5588 = CARTESIAN_POINT ( 'NONE',  ( 2.396446609406726047, 3.810660171779817418, 500.0000000000000000 ) ) ;
#5589 = CARTESIAN_POINT ( 'NONE',  ( 4.951411018110999152, 10.00000000000000178, 500.0000000000000000 ) ) ;
#5590 = DIRECTION ( 'NONE',  ( -0.7071067811865486830, 0.7071067811865464625, -0.000000000000000000 ) ) ;
#5591 = VECTOR ( 'NONE', #95, 1000.000000000000000 ) ;
#5592 = ORIENTED_EDGE ( 'NONE', *, *, #2679, .T. ) ;
#5593 = FACE_OUTER_BOUND ( 'NONE', #1040, .T. ) ;
#5594 = EDGE_CURVE ( 'NONE', #5782, #3074, #490, .T. ) ;
#5595 = VECTOR ( 'NONE', #1052, 1000.000000000000000 ) ;
#5596 = ORIENTED_EDGE ( 'NONE', *, *, #4810, .F. ) ;
#5597 = AXIS2_PLACEMENT_3D ( 'NONE', #89, #3924, #4428 ) ;
#5598 = FACE_OUTER_BOUND ( 'NONE', #1207, .T. ) ;
#5599 = EDGE_LOOP ( 'NONE', ( #835, #5829, #5691, #66 ) ) ;
#5600 = DIRECTION ( 'NONE',  ( 0.000000000000000000, 0.000000000000000000, -1.000000000000000000 ) ) ;
#5601 = DIRECTION ( 'NONE',  ( -7.228014483236698528E-16, 1.000000000000000000, -0.000000000000000000 ) ) ;
#5602 = CIRCLE ( 'NONE', #167, 2.100000000000000533 ) ;
#5603 = AXIS2_PLACEMENT_3D ( 'NONE', #395, #428, #3327 ) ;
#5604 = ORIENTED_EDGE ( 'NONE', *, *, #3790, .T. ) ;
#5605 = EDGE_CURVE ( 'NONE', #3716, #2612, #665, .T. ) ;
#5606 = LINE ( 'NONE', #435, #4954 ) ;
#5607 = VERTEX_POINT ( 'NONE', #4481 ) ;
#5608 = LINE ( 'NONE', #5958, #3256 ) ;
#5609 = DIRECTION ( 'NONE',  ( 1.000000000000000000, 0.000000000000000000, 0.000000000000000000 ) ) ;
#5610 =( GEOMETRIC_REPRESENTATION_CONTEXT ( 3 ) GLOBAL_UNCERTAINTY_ASSIGNED_CONTEXT ( ( #5616 ) ) GLOBAL_UNIT_ASSIGNED_CONTEXT ( ( #2683, #4698, #378 ) ) REPRESENTATION_CONTEXT ( 'NONE', 'WORKASPACE' ) );
#5611 = LINE ( 'NONE', #1287, #529 ) ;
#5612 = EDGE_LOOP ( 'NONE', ( #6005, #2639, #5446, #413 ) ) ;
#5613 = VECTOR ( 'NONE', #5675, 1000.000000000000000 ) ;
#5614 = DIRECTION ( 'NONE',  ( -0.000000000000000000, -0.000000000000000000, 1.000000000000000000 ) ) ;
#5615 = DIRECTION ( 'NONE',  ( -1.000000000000000000, -1.734723475976808672E-15, 0.000000000000000000 ) ) ;
#5616 = UNCERTAINTY_MEASURE_WITH_UNIT (LENGTH_MEASURE( 1.000000000000000082E-05 ), #2683, 'distance_accuracy_value', 'NONE');
#5617 = CARTESIAN_POINT ( 'NONE',  ( -6.664213562373094923, 5.250000000000002665, 500.0000000000000000 ) ) ;
#5618 = ORIENTED_EDGE ( 'NONE', *, *, #836, .T. ) ;
#5619 = DIRECTION ( 'NONE',  ( -1.000000000000000000, 0.000000000000000000, 0.000000000000000000 ) ) ;
#5620 = EDGE_CURVE ( 'NONE', #672, #5183, #695, .T. ) ;
#5621 = ORIENTED_EDGE ( 'NONE', *, *, #5954, .T. ) ;
#5622 = CARTESIAN_POINT ( 'NONE',  ( 3.703553390593272265, 8.252142372482271782, 0.000000000000000000 ) ) ;
#5623 = DIRECTION ( 'NONE',  ( 7.228014483236698528E-16, 1.000000000000000000, 0.000000000000000000 ) ) ;
#5624 = LINE ( 'NONE', #2693, #5896 ) ;
#5625 = DIRECTION ( 'NONE',  ( 0.000000000000000000, -0.000000000000000000, -1.000000000000000000 ) ) ;
#5626 = EDGE_LOOP ( 'NONE', ( #674, #407, #1830, #2057 ) ) ;
#5627 = PLANE ( 'NONE',  #3650 ) ;
#5628 = ORIENTED_EDGE ( 'NONE', *, *, #5849, .F. ) ;
#5629 = FACE_OUTER_BOUND ( 'NONE', #4669, .T. ) ;
#5630 = ORIENTED_EDGE ( 'NONE', *, *, #2688, .F. ) ;
#5631 = ADVANCED_FACE ( 'NONE', ( #2620 ), #1141, .F. ) ;
#5632 = DIRECTION ( 'NONE',  ( 1.000000000000000000, 0.000000000000000000, 0.000000000000000000 ) ) ;
#5633 = DIRECTION ( 'NONE',  ( -1.000000000000000000, 1.561251128379125123E-14, 0.000000000000000000 ) ) ;
#5634 = ADVANCED_FACE ( 'NONE', ( #3571 ), #4045, .F. ) ;
#5635 = ORIENTED_EDGE ( 'NONE', *, *, #3967, .T. ) ;
#5636 = ORIENTED_EDGE ( 'NONE', *, *, #5885, .T. ) ;
#5637 = DIRECTION ( 'NONE',  ( -0.7071067811865484609, -0.7071067811865466846, 0.000000000000000000 ) ) ;
#5638 = ORIENTED_EDGE ( 'NONE', *, *, #4469, .T. ) ;
#5639 = DIRECTION ( 'NONE',  ( -1.000000000000000000, 0.000000000000000000, 0.000000000000000000 ) ) ;
#5640 = ORIENTED_EDGE ( 'NONE', *, *, #1968, .T. ) ;
#5641 = DIRECTION ( 'NONE',  ( -1.000000000000000000, 0.000000000000000000, 0.000000000000000000 ) ) ;
#5642 = CARTESIAN_POINT ( 'NONE',  ( 3.560660171779816086, -2.396446609406726935, 500.0000000000000000 ) ) ;
#5643 = ORIENTED_EDGE ( 'NONE', *, *, #544, .F. ) ;
#5644 = DIRECTION ( 'NONE',  ( -1.000000000000000000, 0.000000000000000000, 0.000000000000000000 ) ) ;
#5645 = LINE ( 'NONE', #5545, #1272 ) ;
#5646 = DIRECTION ( 'NONE',  ( 0.000000000000000000, 0.000000000000000000, -1.000000000000000000 ) ) ;
#5647 = CARTESIAN_POINT ( 'NONE',  ( 3.398953432037304268, 0.000000000000000000, 0.000000000000000000 ) ) ;
#5648 = EDGE_CURVE ( 'NONE', #14, #2281, #4192, .T. ) ;
#5649 = ORIENTED_EDGE ( 'NONE', *, *, #4218, .F. ) ;
#5650 = DIRECTION ( 'NONE',  ( 0.000000000000000000, 0.000000000000000000, -1.000000000000000000 ) ) ;
#5651 = ORIENTED_EDGE ( 'NONE', *, *, #5233, .F. ) ;
#5652 = CYLINDRICAL_SURFACE ( 'NONE', #2491, 0.5000000000000004441 ) ;
#5653 = DIRECTION ( 'NONE',  ( 0.000000000000000000, 0.000000000000000000, -1.000000000000000000 ) ) ;
#5654 = CARTESIAN_POINT ( 'NONE',  ( 0.2422809267016595158, -3.560660171779816974, 0.000000000000000000 ) ) ;
#5655 = AXIS2_PLACEMENT_3D ( 'NONE', #2779, #4700, #2215 ) ;
#5656 = CARTESIAN_POINT ( 'NONE',  ( -3.560660171779816086, 2.396446609406726491, 500.0000000000000000 ) ) ;
#5657 = EDGE_CURVE ( 'NONE', #2410, #1451, #1083, .T. ) ;
#5658 = VECTOR ( 'NONE', #4113, 1000.000000000000000 ) ;
#5659 = ORIENTED_EDGE ( 'NONE', *, *, #3244, .T. ) ;
#5660 = VECTOR ( 'NONE', #3693, 1000.000000000000000 ) ;
#5661 = DIRECTION ( 'NONE',  ( -1.000000000000000000, 0.000000000000000000, 0.000000000000000000 ) ) ;
#5662 = ORIENTED_EDGE ( 'NONE', *, *, #5130, .F. ) ;
#5663 = CARTESIAN_POINT ( 'NONE',  ( -5.249999999999999112, -26.66421356237309581, 500.0000000000000000 ) ) ;
#5664 = ORIENTED_EDGE ( 'NONE', *, *, #5657, .T. ) ;
#5665 = FACE_OUTER_BOUND ( 'NONE', #1867, .T. ) ;
#5666 = CARTESIAN_POINT ( 'NONE',  ( -2.292893218813459200, -3.560660171779815197, 0.000000000000000000 ) ) ;
#5667 = VECTOR ( 'NONE', #671, 1000.000000000000000 ) ;
#5668 = VECTOR ( 'NONE', #386, 1000.000000000000000 ) ;
#5669 = ORIENTED_EDGE ( 'NONE', *, *, #4969, .T. ) ;
#5670 = VERTEX_POINT ( 'NONE', #5910 ) ;
#5671 = DIRECTION ( 'NONE',  ( -0.7071067811865491270, 0.7071067811865459074, -0.000000000000000000 ) ) ;
#5672 = ORIENTED_EDGE ( 'NONE', *, *, #1929, .F. ) ;
#5673 = CARTESIAN_POINT ( 'NONE',  ( 6.560660171779821859, 5.500000000000003553, 0.000000000000000000 ) ) ;
#5674 = VERTEX_POINT ( 'NONE', #4980 ) ;
#5675 = DIRECTION ( 'NONE',  ( 0.000000000000000000, -0.000000000000000000, 1.000000000000000000 ) ) ;
#5676 = LINE ( 'NONE', #2902, #3643 ) ;
#5677 = ADVANCED_FACE ( 'NONE', ( #5425 ), #3006, .F. ) ;
#5678 = VECTOR ( 'NONE', #316, 1000.000000000000000 ) ;
#5679 = AXIS2_PLACEMENT_3D ( 'NONE', #5736, #2802, #3205 ) ;
#5680 = ORIENTED_EDGE ( 'NONE', *, *, #2380, .T. ) ;
#5681 = EDGE_CURVE ( 'NONE', #5052, #1835, #1262, .T. ) ;
#5682 = LINE ( 'NONE', #5716, #3947 ) ;
#5683 = LINE ( 'NONE', #2745, #3938 ) ;
#5684 = EDGE_CURVE ( 'NONE', #2990, #3475, #5805, .T. ) ;
#5685 = DIRECTION ( 'NONE',  ( -1.000000000000000000, 0.000000000000000000, 0.000000000000000000 ) ) ;
#5686 = VERTEX_POINT ( 'NONE', #1690 ) ;
#5687 = DIRECTION ( 'NONE',  ( -0.000000000000000000, -0.000000000000000000, 1.000000000000000000 ) ) ;
#5688 = CARTESIAN_POINT ( 'NONE',  ( -8.252142372482266452, -3.703553390593276706, 500.0000000000000000 ) ) ;
#5689 = LINE ( 'NONE', #5589, #562 ) ;
#5690 = CARTESIAN_POINT ( 'NONE',  ( 9.749999999999998224, -4.951411018111002704, 500.0000000000000000 ) ) ;
#5691 = ORIENTED_EDGE ( 'NONE', *, *, #310, .F. ) ;
#5692 = VECTOR ( 'NONE', #762, 1000.000000000000000 ) ;
#5693 = CARTESIAN_POINT ( 'NONE',  ( 9.926776695296634756, -24.77463432281436440, 0.000000000000000000 ) ) ;
#5694 = ORIENTED_EDGE ( 'NONE', *, *, #2433, .T. ) ;
#5695 = DIRECTION ( 'NONE',  ( -0.000000000000000000, -1.000000000000000000, -0.000000000000000000 ) ) ;
#5696 = ORIENTED_EDGE ( 'NONE', *, *, #4666, .F. ) ;
#5697 = EDGE_CURVE ( 'NONE', #1543, #5282, #4950, .T. ) ;
#5698 = DIRECTION ( 'NONE',  ( -1.000000000000000000, 3.469446951953614682E-16, 0.000000000000000000 ) ) ;
#5699 = CARTESIAN_POINT ( 'NONE',  ( 9.750000000000001776, 9.750000000000003553, 500.0000000000000000 ) ) ;
#5700 = VECTOR ( 'NONE', #675, 1000.000000000000000 ) ;
#5701 = FACE_OUTER_BOUND ( 'NONE', #771, .T. ) ;
#5702 = VECTOR ( 'NONE', #3469, 1000.000000000000000 ) ;
#5703 = ORIENTED_EDGE ( 'NONE', *, *, #73, .T. ) ;
#5704 = DIRECTION ( 'NONE',  ( 0.7071067811865465735, -0.7071067811865483499, 0.000000000000000000 ) ) ;
#5705 = EDGE_LOOP ( 'NONE', ( #872, #5138, #1285, #2803 ) ) ;
#5706 = LINE ( 'NONE', #2236, #5059 ) ;
#5707 = VERTEX_POINT ( 'NONE', #2560 ) ;
#5708 = EDGE_CURVE ( 'NONE', #4432, #2185, #4510, .T. ) ;
#5709 = CARTESIAN_POINT ( 'NONE',  ( -3.560660171779816086, 2.396446609406726491, 0.000000000000000000 ) ) ;
#5710 = CARTESIAN_POINT ( 'NONE',  ( 3.398953432037304268, -19.99999999999999645, 0.000000000000000000 ) ) ;
#5711 = CIRCLE ( 'NONE', #4692, 0.2500000000000002220 ) ;
#5712 = VECTOR ( 'NONE', #5600, 1000.000000000000000 ) ;
#5713 = VECTOR ( 'NONE', #633, 1000.000000000000000 ) ;
#5714 = AXIS2_PLACEMENT_3D ( 'NONE', #2119, #2497, #5004 ) ;
#5715 = ORIENTED_EDGE ( 'NONE', *, *, #1772, .F. ) ;
#5716 = CARTESIAN_POINT ( 'NONE',  ( 7.752142372482267341, -7.000000000000002665, 500.0000000000000000 ) ) ;
#5717 = DIRECTION ( 'NONE',  ( 0.000000000000000000, -1.000000000000000000, 0.000000000000000000 ) ) ;
#5718 = EDGE_CURVE ( 'NONE', #6229, #183, #200, .T. ) ;
#5719 = EDGE_CURVE ( 'NONE', #2996, #6130, #3129, .T. ) ;
#5720 = CARTESIAN_POINT ( 'NONE',  ( 8.252142372482266452, -16.89999999999999503, 500.0000000000000000 ) ) ;
#5721 = ORIENTED_EDGE ( 'NONE', *, *, #3451, .T. ) ;
#5722 = DIRECTION ( 'NONE',  ( -1.000000000000000000, 0.000000000000000000, 0.000000000000000000 ) ) ;
#5723 = DIRECTION ( 'NONE',  ( 1.000000000000000000, -6.733988894569410132E-16, 0.000000000000000000 ) ) ;
#5724 = DIRECTION ( 'NONE',  ( -0.000000000000000000, -0.000000000000000000, 1.000000000000000000 ) ) ;
#5725 = ORIENTED_EDGE ( 'NONE', *, *, #989, .T. ) ;
#5726 = DIRECTION ( 'NONE',  ( 0.000000000000000000, 0.000000000000000000, -1.000000000000000000 ) ) ;
#5727 = EDGE_LOOP ( 'NONE', ( #5262, #1891, #2134, #568 ) ) ;
#5728 = DIRECTION ( 'NONE',  ( 0.000000000000000000, 0.000000000000000000, 1.000000000000000000 ) ) ;
#5729 = VERTEX_POINT ( 'NONE', #2066 ) ;
#5730 = DIRECTION ( 'NONE',  ( 0.000000000000000000, -0.000000000000000000, -1.000000000000000000 ) ) ;
#5731 = DIRECTION ( 'NONE',  ( 0.000000000000000000, 0.000000000000000000, -1.000000000000000000 ) ) ;
#5732 = ADVANCED_FACE ( 'NONE', ( #2162 ), #6006, .F. ) ;
#5733 = ORIENTED_EDGE ( 'NONE', *, *, #3149, .F. ) ;
#5734 = CARTESIAN_POINT ( 'NONE',  ( -4.951411018110999152, -30.00000000000000711, 500.0000000000000000 ) ) ;
#5735 = ORIENTED_EDGE ( 'NONE', *, *, #1145, .T. ) ;
#5736 = CARTESIAN_POINT ( 'NONE',  ( -8.002142372482268229, 5.250000000000003553, 500.0000000000000000 ) ) ;
#5737 = EDGE_LOOP ( 'NONE', ( #5499, #2706, #3939, #540 ) ) ;
#5738 = DIRECTION ( 'NONE',  ( 0.000000000000000000, 0.000000000000000000, -1.000000000000000000 ) ) ;
#5739 = ORIENTED_EDGE ( 'NONE', *, *, #5576, .T. ) ;
#5740 = CARTESIAN_POINT ( 'NONE',  ( -8.678919067778902985, -23.52677669529663973, 500.0000000000000000 ) ) ;
#5741 = CARTESIAN_POINT ( 'NONE',  ( -5.249999999999999112, 8.252142372482271782, 500.0000000000000000 ) ) ;
#5742 = EDGE_CURVE ( 'NONE', #5763, #5538, #4096, .T. ) ;
#5743 = EDGE_CURVE ( 'NONE', #3739, #112, #2034, .T. ) ;
#5744 = ORIENTED_EDGE ( 'NONE', *, *, #1621, .F. ) ;
#5745 = CARTESIAN_POINT ( 'NONE',  ( -3.633883476483180441, -22.57322330470336169, 0.000000000000000000 ) ) ;
#5746 = SHAPE_DEFINITION_REPRESENTATION ( #4421, #856 ) ;
#5747 = CARTESIAN_POINT ( 'NONE',  ( 9.926776695296634756, -24.77463432281436440, 500.0000000000000000 ) ) ;
#5748 = PLANE ( 'NONE',  #838 ) ;
#5749 = VERTEX_POINT ( 'NONE', #1334 ) ;
#5750 = CYLINDRICAL_SURFACE ( 'NONE', #5399, 0.2500000000000002220 ) ;
#5751 = CARTESIAN_POINT ( 'NONE',  ( -4.951411018110999152, 10.00000000000000178, 0.000000000000000000 ) ) ;
#5752 = DIRECTION ( 'NONE',  ( 0.8317552719714342846, 0.5551424749987389218, 0.000000000000000000 ) ) ;
#5753 = ADVANCED_FACE ( 'NONE', ( #2219 ), #1266, .T. ) ;
#5754 = DIRECTION ( 'NONE',  ( 0.000000000000000000, 0.000000000000000000, -1.000000000000000000 ) ) ;
#5755 = EDGE_LOOP ( 'NONE', ( #2801, #1454, #621, #4196 ) ) ;
#5756 = LINE ( 'NONE', #1439, #868 ) ;
#5757 = CARTESIAN_POINT ( 'NONE',  ( -3.560660171779816086, -20.24228092670165680, 0.000000000000000000 ) ) ;
#5758 = EDGE_CURVE ( 'NONE', #4119, #477, #2691, .T. ) ;
#5759 = CYLINDRICAL_SURFACE ( 'NONE', #3281, 0.2500000000000002220 ) ;
#5760 = DIRECTION ( 'NONE',  ( -0.000000000000000000, -0.000000000000000000, -1.000000000000000000 ) ) ;
#5761 = ORIENTED_EDGE ( 'NONE', *, *, #2018, .F. ) ;
#5762 = DIRECTION ( 'NONE',  ( 0.000000000000000000, 0.000000000000000000, 1.000000000000000000 ) ) ;
#5763 = VERTEX_POINT ( 'NONE', #5622 ) ;
#5764 = PLANE ( 'NONE',  #2645 ) ;
#5765 = VERTEX_POINT ( 'NONE', #1297 ) ;
#5766 = CARTESIAN_POINT ( 'NONE',  ( 2.573223304703363024, 3.633883476483180885, 500.0000000000000000 ) ) ;
#5767 = EDGE_CURVE ( 'NONE', #5838, #1460, #2680, .T. ) ;
#5768 = EDGE_LOOP ( 'NONE', ( #6193, #4425, #905, #819 ) ) ;
#5769 = DIRECTION ( 'NONE',  ( -1.000000000000000000, 1.387778780781444413E-14, 0.000000000000000000 ) ) ;
#5770 = AXIS2_PLACEMENT_3D ( 'NONE', #5198, #4191, #885 ) ;
#5771 = VECTOR ( 'NONE', #493, 1000.000000000000000 ) ;
#5772 =( NAMED_UNIT ( * ) PLANE_ANGLE_UNIT ( ) SI_UNIT ( $, .RADIAN. ) );
#5773 = AXIS2_PLACEMENT_3D ( 'NONE', #3032, #2618, #2524 ) ;
#5774 = VECTOR ( 'NONE', #3894, 1000.000000000000000 ) ;
#5775 = CARTESIAN_POINT ( 'NONE',  ( 5.792893218813442324, -13.14644660940672694, 0.000000000000000000 ) ) ;
#5776 = EDGE_LOOP ( 'NONE', ( #3308, #5221, #448, #5636 ) ) ;
#5777 = EDGE_CURVE ( 'NONE', #266, #2628, #4606, .T. ) ;
#5778 = DIRECTION ( 'NONE',  ( -1.000000000000000000, 0.000000000000000000, 0.000000000000000000 ) ) ;
#5779 = CIRCLE ( 'NONE', #4062, 0.2500000000000002220 ) ;
#5780 = CIRCLE ( 'NONE', #2853, 0.2500000000000002220 ) ;
#5781 = CARTESIAN_POINT ( 'NONE',  ( 8.002142372482268229, -14.74999999999999645, 0.000000000000000000 ) ) ;
#5782 = VERTEX_POINT ( 'NONE', #1814 ) ;
#5783 = CARTESIAN_POINT ( 'NONE',  ( 6.664213562373095812, 5.250000000000002665, 0.000000000000000000 ) ) ;
#5784 = DIRECTION ( 'NONE',  ( -0.000000000000000000, -0.000000000000000000, 1.000000000000000000 ) ) ;
#5785 = CARTESIAN_POINT ( 'NONE',  ( -3.560660171779815197, 0.2422809267016608203, 500.0000000000000000 ) ) ;
#5786 = EDGE_CURVE ( 'NONE', #2502, #5962, #3767, .T. ) ;
#5787 = DIRECTION ( 'NONE',  ( -1.000000000000000000, 0.000000000000000000, 0.000000000000000000 ) ) ;
#5788 = ORIENTED_EDGE ( 'NONE', *, *, #5548, .F. ) ;
#5789 = CARTESIAN_POINT ( 'NONE',  ( 8.502142372482266452, -23.70355339059327449, 500.0000000000000000 ) ) ;
#5790 = LINE ( 'NONE', #963, #2861 ) ;
#5791 = CARTESIAN_POINT ( 'NONE',  ( 8.252142372482268229, -12.49999999999999645, 500.0000000000000000 ) ) ;
#5792 = LINE ( 'NONE', #1499, #1126 ) ;
#5793 = EDGE_CURVE ( 'NONE', #6173, #1149, #2785, .T. ) ;
#5794 = ORIENTED_EDGE ( 'NONE', *, *, #3283, .F. ) ;
#5795 = LINE ( 'NONE', #3902, #1035 ) ;
#5796 = ORIENTED_EDGE ( 'NONE', *, *, #3980, .F. ) ;
#5797 = EDGE_LOOP ( 'NONE', ( #2910, #299, #301, #3994 ) ) ;
#5798 = FACE_OUTER_BOUND ( 'NONE', #901, .T. ) ;
#5799 = VERTEX_POINT ( 'NONE', #5140 ) ;
#5800 = CYLINDRICAL_SURFACE ( 'NONE', #1669, 0.2500000000000002220 ) ;
#5801 = VECTOR ( 'NONE', #3747, 1000.000000000000000 ) ;
#5802 = EDGE_CURVE ( 'NONE', #610, #3417, #5206, .T. ) ;
#5803 = PLANE ( 'NONE',  #830 ) ;
#5804 = ORIENTED_EDGE ( 'NONE', *, *, #3692, .F. ) ;
#5805 = CIRCLE ( 'NONE', #1473, 0.5000000000000004441 ) ;
#5806 = VECTOR ( 'NONE', #3606, 1000.000000000000000 ) ;
#5807 = CARTESIAN_POINT ( 'NONE',  ( -2.646446609406734041, -3.707106781186542577, 500.0000000000000000 ) ) ;
#5808 = ADVANCED_FACE ( 'NONE', ( #3160 ), #4635, .F. ) ;
#5809 = CIRCLE ( 'NONE', #367, 0.2500000000000002220 ) ;
#5810 = CYLINDRICAL_SURFACE ( 'NONE', #2852, 0.2500000000000002220 ) ;
#5811 = ORIENTED_EDGE ( 'NONE', *, *, #1986, .F. ) ;
#5812 = DIRECTION ( 'NONE',  ( 0.000000000000000000, -1.000000000000000000, 0.000000000000000000 ) ) ;
#5813 = CARTESIAN_POINT ( 'NONE',  ( -4.847857627517726087, 10.00000000000000178, 500.0000000000000000 ) ) ;
#5814 = CARTESIAN_POINT ( 'NONE',  ( 8.252142372482268229, -14.74999999999999645, 0.000000000000000000 ) ) ;
#5815 = EDGE_CURVE ( 'NONE', #1555, #3983, #6098, .T. ) ;
#5816 = CARTESIAN_POINT ( 'NONE',  ( 4.336808689942017736E-16, -16.60104656796269040, 500.0000000000000000 ) ) ;
#5817 = VERTEX_POINT ( 'NONE', #5075 ) ;
#5818 = DIRECTION ( 'NONE',  ( 1.000000000000000000, 0.000000000000000000, 0.000000000000000000 ) ) ;
#5819 = VERTEX_POINT ( 'NONE', #4704 ) ;
#5820 = LINE ( 'NONE', #2013, #2085 ) ;
#5821 = PLANE ( 'NONE',  #2635 ) ;
#5822 = VERTEX_POINT ( 'NONE', #6133 ) ;
#5823 = CYLINDRICAL_SURFACE ( 'NONE', #5353, 0.2500000000000002220 ) ;
#5824 = ORIENTED_EDGE ( 'NONE', *, *, #5094, .F. ) ;
#5825 = CARTESIAN_POINT ( 'NONE',  ( -3.560660171779816086, -2.500000000000000444, 500.0000000000000000 ) ) ;
#5826 = EDGE_CURVE ( 'NONE', #4405, #5319, #3216, .T. ) ;
#5827 = ORIENTED_EDGE ( 'NONE', *, *, #6153, .F. ) ;
#5828 = CARTESIAN_POINT ( 'NONE',  ( -4.951411018110999152, -29.75000000000000711, 500.0000000000000000 ) ) ;
#5829 = ORIENTED_EDGE ( 'NONE', *, *, #1064, .F. ) ;
#5830 = FACE_OUTER_BOUND ( 'NONE', #4208, .T. ) ;
#5831 = PRODUCT_DEFINITION ( 'UNKNOWN', '', #5570, #3468 ) ;
#5832 = VECTOR ( 'NONE', #2804, 1000.000000000000000 ) ;
#5833 = DIRECTION ( 'NONE',  ( -1.000000000000000000, 0.000000000000000000, 0.000000000000000000 ) ) ;
#5834 = EDGE_LOOP ( 'NONE', ( #4387, #1278, #5235, #5997 ) ) ;
#5835 = DIRECTION ( 'NONE',  ( -1.000000000000000000, 0.000000000000000000, 0.000000000000000000 ) ) ;
#5836 = AXIS2_PLACEMENT_3D ( 'NONE', #1210, #278, #3641 ) ;
#5837 = VERTEX_POINT ( 'NONE', #293 ) ;
#5838 = VERTEX_POINT ( 'NONE', #3729 ) ;
#5839 = DIRECTION ( 'NONE',  ( -1.000000000000000000, 3.469446951953614682E-16, 0.000000000000000000 ) ) ;
#5840 = ADVANCED_FACE ( 'NONE', ( #1783 ), #2753, .F. ) ;
#5841 = CARTESIAN_POINT ( 'NONE',  ( 8.252142372482266452, -3.703553390593276706, 500.0000000000000000 ) ) ;
#5842 = FACE_OUTER_BOUND ( 'NONE', #2921, .T. ) ;
#5843 = LINE ( 'NONE', #5814, #1959 ) ;
#5844 = VERTEX_POINT ( 'NONE', #6160 ) ;
#5845 = CARTESIAN_POINT ( 'NONE',  ( 8.002142372482268229, -14.74999999999999645, 500.0000000000000000 ) ) ;
#5846 = CARTESIAN_POINT ( 'NONE',  ( -8.678919067778902985, 3.526776695296639286, 500.0000000000000000 ) ) ;
#5847 = DIRECTION ( 'NONE',  ( 7.228014483236698528E-16, 1.000000000000000000, 0.000000000000000000 ) ) ;
#5848 = DIRECTION ( 'NONE',  ( 0.000000000000000000, 0.000000000000000000, -1.000000000000000000 ) ) ;
#5849 = EDGE_CURVE ( 'NONE', #525, #223, #768, .T. ) ;
#5850 = EDGE_LOOP ( 'NONE', ( #622, #5515, #587, #2682 ) ) ;
#5851 = CYLINDRICAL_SURFACE ( 'NONE', #1841, 0.2500000000000002220 ) ;
#5852 = ORIENTED_EDGE ( 'NONE', *, *, #3139, .F. ) ;
#5853 = ORIENTED_EDGE ( 'NONE', *, *, #1840, .F. ) ;
#5854 = CARTESIAN_POINT ( 'NONE',  ( 8.252142372482268229, -14.49999999999999467, 0.000000000000000000 ) ) ;
#5855 = ORIENTED_EDGE ( 'NONE', *, *, #2549, .F. ) ;
#5856 = CARTESIAN_POINT ( 'NONE',  ( 4.336808689942017736E-16, -23.39895343203730249, 0.000000000000000000 ) ) ;
#5857 = AXIS2_PLACEMENT_3D ( 'NONE', #5952, #2606, #1248 ) ;
#5858 = CARTESIAN_POINT ( 'NONE',  ( -4.847857627517726087, 10.00000000000000178, 500.0000000000000000 ) ) ;
#5859 = VERTEX_POINT ( 'NONE', #1366 ) ;
#5860 = AXIS2_PLACEMENT_3D ( 'NONE', #2130, #3075, #3928 ) ;
#5861 = EDGE_CURVE ( 'NONE', #3014, #1124, #761, .T. ) ;
#5862 = CIRCLE ( 'NONE', #1222, 0.5000000000000004441 ) ;
#5863 = AXIS2_PLACEMENT_3D ( 'NONE', #5211, #5558, #2223 ) ;
#5864 = AXIS2_PLACEMENT_3D ( 'NONE', #832, #2291, #4209 ) ;
#5865 = ADVANCED_FACE ( 'NONE', ( #4138 ), #5652, .F. ) ;
#5866 = ORIENTED_EDGE ( 'NONE', *, *, #6028, .F. ) ;
#5867 = ORIENTED_EDGE ( 'NONE', *, *, #1640, .F. ) ;
#5868 = AXIS2_PLACEMENT_3D ( 'NONE', #986, #2846, #1458 ) ;
#5869 = CARTESIAN_POINT ( 'NONE',  ( -9.999999999999998224, -4.847857627517729640, 500.0000000000000000 ) ) ;
#5870 = CIRCLE ( 'NONE', #2959, 0.2500000000000002220 ) ;
#5871 = DIRECTION ( 'NONE',  ( 0.000000000000000000, 1.000000000000000000, 0.000000000000000000 ) ) ;
#5872 = CARTESIAN_POINT ( 'NONE',  ( 3.560660171779816086, -17.49999999999999645, 500.0000000000000000 ) ) ;
#5873 = AXIS2_PLACEMENT_3D ( 'NONE', #3785, #4751, #2368 ) ;
#5874 = EDGE_CURVE ( 'NONE', #1447, #2770, #1719, .T. ) ;
#5875 = VECTOR ( 'NONE', #668, 1000.000000000000000 ) ;
#5876 = CARTESIAN_POINT ( 'NONE',  ( -3.560660171779816086, 2.500000000000000444, 500.0000000000000000 ) ) ;
#5877 = ORIENTED_EDGE ( 'NONE', *, *, #5475, .T. ) ;
#5878 = DIRECTION ( 'NONE',  ( 0.000000000000000000, 0.000000000000000000, -1.000000000000000000 ) ) ;
#5879 = DIRECTION ( 'NONE',  ( -0.000000000000000000, -0.000000000000000000, 1.000000000000000000 ) ) ;
#5880 = CARTESIAN_POINT ( 'NONE',  ( -2.396446609406725603, 3.560660171779815197, 500.0000000000000000 ) ) ;
#5881 = DIRECTION ( 'NONE',  ( -1.000000000000000000, 3.469446951953614189E-15, 0.000000000000000000 ) ) ;
#5882 = EDGE_LOOP ( 'NONE', ( #4304, #5649, #3339, #5696 ) ) ;
#5883 = CARTESIAN_POINT ( 'NONE',  ( 3.810660171779816530, -22.39644660940672694, 500.0000000000000000 ) ) ;
#5884 = VERTEX_POINT ( 'NONE', #2411 ) ;
#5885 = EDGE_CURVE ( 'NONE', #2981, #951, #3405, .T. ) ;
#5886 = ORIENTED_EDGE ( 'NONE', *, *, #5718, .T. ) ;
#5887 = LINE ( 'NONE', #4907, #1256 ) ;
#5888 = EDGE_LOOP ( 'NONE', ( #2434, #1766, #2235, #2700 ) ) ;
#5889 = FACE_OUTER_BOUND ( 'NONE', #5507, .T. ) ;
#5890 = EDGE_CURVE ( 'NONE', #4280, #208, #923, .T. ) ;
#5891 = CARTESIAN_POINT ( 'NONE',  ( -3.703553390593272265, -28.25214237248227533, 0.000000000000000000 ) ) ;
#5892 = EDGE_CURVE ( 'NONE', #2117, #5817, #5236, .T. ) ;
#5893 = EDGE_LOOP ( 'NONE', ( #5990, #3329, #2466, #4493 ) ) ;
#5894 = VECTOR ( 'NONE', #4818, 1000.000000000000000 ) ;
#5895 = AXIS2_PLACEMENT_3D ( 'NONE', #2125, #1107, #632 ) ;
#5896 = VECTOR ( 'NONE', #2347, 1000.000000000000000 ) ;
#5897 = ORIENTED_EDGE ( 'NONE', *, *, #2952, .F. ) ;
#5898 = ADVANCED_FACE ( 'NONE', ( #3889 ), #955, .T. ) ;
#5899 = ORIENTED_EDGE ( 'NONE', *, *, #3073, .F. ) ;
#5900 = FACE_OUTER_BOUND ( 'NONE', #68, .T. ) ;
#5901 = FACE_OUTER_BOUND ( 'NONE', #27, .T. ) ;
#5902 = CARTESIAN_POINT ( 'NONE',  ( -8.002142372482268229, 5.500000000000004441, 0.000000000000000000 ) ) ;
#5903 = EDGE_CURVE ( 'NONE', #3074, #4991, #1268, .T. ) ;
#5904 = VECTOR ( 'NONE', #5175, 1000.000000000000000 ) ;
#5905 = AXIS2_PLACEMENT_3D ( 'NONE', #873, #2263, #4180 ) ;
#5906 = DIRECTION ( 'NONE',  ( -1.000000000000000000, 0.000000000000000000, 0.000000000000000000 ) ) ;
#5907 = DIRECTION ( 'NONE',  ( -1.000000000000000000, 0.000000000000000000, 0.000000000000000000 ) ) ;
#5908 = VECTOR ( 'NONE', #1647, 1000.000000000000000 ) ;
#5909 = ORIENTED_EDGE ( 'NONE', *, *, #1453, .F. ) ;
#5910 = CARTESIAN_POINT ( 'NONE',  ( 8.678919067778902985, -3.526776695296639286, 500.0000000000000000 ) ) ;
#5911 = DIRECTION ( 'NONE',  ( -0.7071067811865464625, -0.7071067811865486830, 0.000000000000000000 ) ) ;
#5912 = DIRECTION ( 'NONE',  ( 1.000000000000000000, -0.000000000000000000, -0.000000000000000000 ) ) ;
#5913 = CARTESIAN_POINT ( 'NONE',  ( -9.926776695296634756, -24.77463432281436440, 500.0000000000000000 ) ) ;
#5914 = ORIENTED_EDGE ( 'NONE', *, *, #5520, .T. ) ;
#5915 = CARTESIAN_POINT ( 'NONE',  ( 3.810660171779816530, -17.60355339059326951, 500.0000000000000000 ) ) ;
#5916 = ORIENTED_EDGE ( 'NONE', *, *, #1493, .F. ) ;
#5917 = ADVANCED_FACE ( 'NONE', ( #81 ), #2850, .F. ) ;
#5918 = ORIENTED_EDGE ( 'NONE', *, *, #6189, .F. ) ;
#5919 = FACE_OUTER_BOUND ( 'NONE', #2225, .T. ) ;
#5920 = ORIENTED_EDGE ( 'NONE', *, *, #6232, .F. ) ;
#5921 = CARTESIAN_POINT ( 'NONE',  ( 7.752142372482267341, -7.000000000000002665, 0.000000000000000000 ) ) ;
#5922 = EDGE_CURVE ( 'NONE', #3379, #3420, #1945, .T. ) ;
#5923 = EDGE_LOOP ( 'NONE', ( #3045, #292, #5561, #1093 ) ) ;
#5924 = PLANE ( 'NONE',  #4366 ) ;
#5925 = ORIENTED_EDGE ( 'NONE', *, *, #3464, .F. ) ;
#5926 = DIRECTION ( 'NONE',  ( 0.000000000000000000, 0.000000000000000000, 1.000000000000000000 ) ) ;
#5927 = EDGE_CURVE ( 'NONE', #5362, #4895, #2005, .T. ) ;
#5928 = ADVANCED_FACE ( 'NONE', ( #2345 ), #4828, .T. ) ;
#5929 = ORIENTED_EDGE ( 'NONE', *, *, #5567, .F. ) ;
#5930 = ORIENTED_EDGE ( 'NONE', *, *, #310, .T. ) ;
#5931 = DIRECTION ( 'NONE',  ( 0.000000000000000000, 0.000000000000000000, -1.000000000000000000 ) ) ;
#5932 = CARTESIAN_POINT ( 'NONE',  ( -8.002142372482268229, 5.500000000000004441, 0.000000000000000000 ) ) ;
#5933 = LINE ( 'NONE', #722, #2737 ) ;
#5934 = CARTESIAN_POINT ( 'NONE',  ( 8.002142372482268229, -5.500000000000004441, 0.000000000000000000 ) ) ;
#5935 = CARTESIAN_POINT ( 'NONE',  ( -8.002142372482268229, -14.74999999999999645, 500.0000000000000000 ) ) ;
#5936 = ORIENTED_EDGE ( 'NONE', *, *, #5154, .T. ) ;
#5937 = DIRECTION ( 'NONE',  ( 0.000000000000000000, 0.000000000000000000, -1.000000000000000000 ) ) ;
#5938 = EDGE_CURVE ( 'NONE', #3656, #2599, #3895, .T. ) ;
#5939 = CARTESIAN_POINT ( 'NONE',  ( 3.703553390593272265, -28.50214237248227533, 500.0000000000000000 ) ) ;
#5940 = DIRECTION ( 'NONE',  ( 0.000000000000000000, 0.000000000000000000, -1.000000000000000000 ) ) ;
#5941 = LINE ( 'NONE', #2694, #5041 ) ;
#5942 = ORIENTED_EDGE ( 'NONE', *, *, #1904, .F. ) ;
#5943 = DIRECTION ( 'NONE',  ( 1.000000000000000000, 0.000000000000000000, 0.000000000000000000 ) ) ;
#5944 = ORIENTED_EDGE ( 'NONE', *, *, #2395, .F. ) ;
#5945 = CARTESIAN_POINT ( 'NONE',  ( 2.573223304703363024, 3.633883476483180885, 0.000000000000000000 ) ) ;
#5946 = EDGE_CURVE ( 'NONE', #2449, #5416, #1786, .T. ) ;
#5947 = ORIENTED_EDGE ( 'NONE', *, *, #4880, .T. ) ;
#5948 = CARTESIAN_POINT ( 'NONE',  ( -6.146446609406722494, -12.99999999999999822, 500.0000000000000000 ) ) ;
#5949 = ORIENTED_EDGE ( 'NONE', *, *, #5986, .T. ) ;
#5950 = AXIS2_PLACEMENT_3D ( 'NONE', #6061, #1740, #6155 ) ;
#5951 = CARTESIAN_POINT ( 'NONE',  ( 9.750000000000007105, -15.04858898188899197, 500.0000000000000000 ) ) ;
#5952 = CARTESIAN_POINT ( 'NONE',  ( 5.249999999999999112, -26.66421356237309581, 500.0000000000000000 ) ) ;
#5953 = ORIENTED_EDGE ( 'NONE', *, *, #2308, .T. ) ;
#5954 = EDGE_CURVE ( 'NONE', #1659, #4034, #3801, .T. ) ;
#5955 = FACE_OUTER_BOUND ( 'NONE', #2330, .T. ) ;
#5956 = ORIENTED_EDGE ( 'NONE', *, *, #2318, .F. ) ;
#5957 = DIRECTION ( 'NONE',  ( 0.000000000000000000, 0.000000000000000000, -1.000000000000000000 ) ) ;
#5958 = CARTESIAN_POINT ( 'NONE',  ( -6.487436867076457503, -25.42677669529663831, 500.0000000000000000 ) ) ;
#5959 = CARTESIAN_POINT ( 'NONE',  ( 4.951411018110999152, -30.00000000000000711, 0.000000000000000000 ) ) ;
#5960 = AXIS2_PLACEMENT_3D ( 'NONE', #1702, #4618, #5569 ) ;
#5961 = AXIS2_PLACEMENT_3D ( 'NONE', #6237, #1920, #5394 ) ;
#5962 = VERTEX_POINT ( 'NONE', #2911 ) ;
#5963 = ADVANCED_FACE ( 'NONE', ( #449 ), #414, .F. ) ;
#5964 = ORIENTED_EDGE ( 'NONE', *, *, #1409, .T. ) ;
#5965 = CARTESIAN_POINT ( 'NONE',  ( 8.252142372482268229, 5.500000000000004441, 0.000000000000000000 ) ) ;
#5966 = CARTESIAN_POINT ( 'NONE',  ( 3.100000000000000089, 8.252142372482271782, 0.000000000000000000 ) ) ;
#5967 = DIRECTION ( 'NONE',  ( 1.000000000000000000, -5.127820663014968840E-16, -0.000000000000000000 ) ) ;
#5968 = AXIS2_PLACEMENT_3D ( 'NONE', #2180, #5100, #3683 ) ;
#5969 = VECTOR ( 'NONE', #488, 1000.000000000000114 ) ;
#5970 = AXIS2_PLACEMENT_3D ( 'NONE', #5009, #6004, #4077 ) ;
#5971 = CARTESIAN_POINT ( 'NONE',  ( 9.999999999999998224, 4.847857627517729640, 0.000000000000000000 ) ) ;
#5972 = VERTEX_POINT ( 'NONE', #4305 ) ;
#5973 = DIRECTION ( 'NONE',  ( 0.000000000000000000, 0.000000000000000000, -1.000000000000000000 ) ) ;
#5974 = CARTESIAN_POINT ( 'NONE',  ( -4.847857627517726087, -30.00000000000000711, 0.000000000000000000 ) ) ;
#5975 = PLANE ( 'NONE',  #1066 ) ;
#5976 = CARTESIAN_POINT ( 'NONE',  ( 3.100000000000000089, -28.25214237248227533, 0.000000000000000000 ) ) ;
#5977 = VECTOR ( 'NONE', #3378, 1000.000000000000000 ) ;
#5978 = CIRCLE ( 'NONE', #3252, 0.2500000000000002220 ) ;
#5979 = AXIS2_PLACEMENT_3D ( 'NONE', #5197, #15, #1872 ) ;
#5980 = ORIENTED_EDGE ( 'NONE', *, *, #1823, .T. ) ;
#5981 = DIRECTION ( 'NONE',  ( 1.000000000000000000, 3.366994447284705066E-16, 0.000000000000000000 ) ) ;
#5982 = ORIENTED_EDGE ( 'NONE', *, *, #5325, .F. ) ;
#5983 = ORIENTED_EDGE ( 'NONE', *, *, #1640, .T. ) ;
#5984 = CYLINDRICAL_SURFACE ( 'NONE', #1468, 0.2500000000000002220 ) ;
#5985 = VERTEX_POINT ( 'NONE', #1490 ) ;
#5986 = EDGE_CURVE ( 'NONE', #4619, #363, #5602, .T. ) ;
#5987 = DIRECTION ( 'NONE',  ( 0.7071067811865465735, -0.7071067811865484609, 0.000000000000000000 ) ) ;
#5988 = CARTESIAN_POINT ( 'NONE',  ( 8.502142372482266452, -3.703553390593276706, 0.000000000000000000 ) ) ;
#5989 = EDGE_CURVE ( 'NONE', #903, #710, #5363, .T. ) ;
#5990 = ORIENTED_EDGE ( 'NONE', *, *, #238, .F. ) ;
#5991 = DIRECTION ( 'NONE',  ( -1.000000000000000000, 0.000000000000000000, 0.000000000000000000 ) ) ;
#5992 = VERTEX_POINT ( 'NONE', #1918 ) ;
#5993 = DIRECTION ( 'NONE',  ( 1.000000000000000000, 0.000000000000000000, 0.000000000000000000 ) ) ;
#5994 = ADVANCED_FACE ( 'NONE', ( #3831 ), #5750, .F. ) ;
#5995 = AXIS2_PLACEMENT_3D ( 'NONE', #2195, #5911, #666 ) ;
#5996 = ORIENTED_EDGE ( 'NONE', *, *, #5826, .T. ) ;
#5997 = ORIENTED_EDGE ( 'NONE', *, *, #355, .T. ) ;
#5998 = LINE ( 'NONE', #3466, #3385 ) ;
#5999 = FACE_OUTER_BOUND ( 'NONE', #4689, .T. ) ;
#6000 = CARTESIAN_POINT ( 'NONE',  ( -8.252142372482266452, -23.10000000000000142, 500.0000000000000000 ) ) ;
#6001 = EDGE_CURVE ( 'NONE', #993, #2567, #3593, .T. ) ;
#6002 = AXIS2_PLACEMENT_3D ( 'NONE', #6140, #1304, #3226 ) ;
#6003 = AXIS2_PLACEMENT_3D ( 'NONE', #1401, #4608, #2221 ) ;
#6004 = DIRECTION ( 'NONE',  ( 0.000000000000000000, 0.000000000000000000, -1.000000000000000000 ) ) ;
#6005 = ORIENTED_EDGE ( 'NONE', *, *, #1826, .F. ) ;
#6006 = PLANE ( 'NONE',  #269 ) ;
#6007 = DIRECTION ( 'NONE',  ( -0.000000000000000000, -0.000000000000000000, 1.000000000000000000 ) ) ;
#6008 = AXIS2_PLACEMENT_3D ( 'NONE', #932, #5728, #962 ) ;
#6009 = LINE ( 'NONE', #1692, #5806 ) ;
#6010 = VECTOR ( 'NONE', #6047, 1000.000000000000000 ) ;
#6011 = LINE ( 'NONE', #1144, #3856 ) ;
#6012 = EDGE_CURVE ( 'NONE', #2986, #3165, #136, .T. ) ;
#6013 = ORIENTED_EDGE ( 'NONE', *, *, #4589, .F. ) ;
#6014 = VECTOR ( 'NONE', #2027, 1000.000000000000000 ) ;
#6015 = ORIENTED_EDGE ( 'NONE', *, *, #2688, .T. ) ;
#6016 = EDGE_LOOP ( 'NONE', ( #5243, #3234, #225, #2258 ) ) ;
#6017 = LINE ( 'NONE', #5948, #5085 ) ;
#6018 = VERTEX_POINT ( 'NONE', #3095 ) ;
#6019 = DIRECTION ( 'NONE',  ( 0.5551424749987389218, 0.8317552719714342846, -0.000000000000000000 ) ) ;
#6020 = CARTESIAN_POINT ( 'NONE',  ( 8.252142372482268229, -7.500000000000003553, 0.000000000000000000 ) ) ;
#6021 = EDGE_CURVE ( 'NONE', #458, #1598, #2520, .T. ) ;
#6022 = ORIENTED_EDGE ( 'NONE', *, *, #6012, .F. ) ;
#6023 = FACE_OUTER_BOUND ( 'NONE', #4871, .T. ) ;
#6024 = EDGE_LOOP ( 'NONE', ( #3366, #1244, #607, #3824 ) ) ;
#6025 = DIRECTION ( 'NONE',  ( -1.000000000000000000, 0.000000000000000000, 0.000000000000000000 ) ) ;
#6026 = ADVANCED_FACE ( 'NONE', ( #2967 ), #5516, .F. ) ;
#6027 = EDGE_CURVE ( 'NONE', #1242, #5381, #2583, .T. ) ;
#6028 = EDGE_CURVE ( 'NONE', #1567, #211, #4695, .T. ) ;
#6029 = EDGE_LOOP ( 'NONE', ( #2184, #1051, #3135, #104 ) ) ;
#6030 = LINE ( 'NONE', #4163, #2086 ) ;
#6031 = CARTESIAN_POINT ( 'NONE',  ( 3.398953432037304268, 0.000000000000000000, 500.0000000000000000 ) ) ;
#6032 = CARTESIAN_POINT ( 'NONE',  ( 8.502142372482266452, -16.29644660940672196, 0.000000000000000000 ) ) ;
#6033 = EDGE_CURVE ( 'NONE', #4100, #971, #4532, .T. ) ;
#6034 = VECTOR ( 'NONE', #5105, 1000.000000000000000 ) ;
#6035 = DIRECTION ( 'NONE',  ( -0.7071067811865479058, -0.7071067811865472397, 0.000000000000000000 ) ) ;
#6036 = ORIENTED_EDGE ( 'NONE', *, *, #2769, .T. ) ;
#6037 = DIRECTION ( 'NONE',  ( 0.000000000000000000, 0.000000000000000000, -1.000000000000000000 ) ) ;
#6038 = CARTESIAN_POINT ( 'NONE',  ( 2.499999999999999556, -16.43933982822018436, 500.0000000000000000 ) ) ;
#6039 = CARTESIAN_POINT ( 'NONE',  ( -6.560660171779821859, -14.49999999999999645, 0.000000000000000000 ) ) ;
#6040 = DIRECTION ( 'NONE',  ( 7.228014483236698528E-16, 1.000000000000000000, 0.000000000000000000 ) ) ;
#6041 = VERTEX_POINT ( 'NONE', #596 ) ;
#6042 = DIRECTION ( 'NONE',  ( -1.000000000000000000, 0.000000000000000000, 0.000000000000000000 ) ) ;
#6043 = ORIENTED_EDGE ( 'NONE', *, *, #4757, .F. ) ;
#6044 = CARTESIAN_POINT ( 'NONE',  ( 2.396446609406726047, 3.560660171779816974, 0.000000000000000000 ) ) ;
#6045 = ORIENTED_EDGE ( 'NONE', *, *, #814, .T. ) ;
#6046 = EDGE_CURVE ( 'NONE', #211, #648, #4416, .T. ) ;
#6047 = DIRECTION ( 'NONE',  ( 0.000000000000000000, 0.000000000000000000, -1.000000000000000000 ) ) ;
#6048 = LINE ( 'NONE', #5474, #4042 ) ;
#6049 = FACE_OUTER_BOUND ( 'NONE', #2752, .T. ) ;
#6050 = CARTESIAN_POINT ( 'NONE',  ( 2.292893218813488065, -16.43933982822018436, 0.000000000000000000 ) ) ;
#6051 = VERTEX_POINT ( 'NONE', #2552 ) ;
#6052 = DIRECTION ( 'NONE',  ( 1.000000000000000000, -1.025564132602993768E-15, -0.000000000000000000 ) ) ;
#6053 = AXIS2_PLACEMENT_3D ( 'NONE', #721, #4106, #2999 ) ;
#6054 = VERTEX_POINT ( 'NONE', #3062 ) ;
#6055 = CARTESIAN_POINT ( 'NONE',  ( -2.292893218813453426, -16.43933982822018436, 500.0000000000000000 ) ) ;
#6056 = FACE_OUTER_BOUND ( 'NONE', #4786, .T. ) ;
#6057 = VECTOR ( 'NONE', #124, 1000.000000000000000 ) ;
#6058 = EDGE_CURVE ( 'NONE', #5483, #211, #1551, .T. ) ;
#6059 = ORIENTED_EDGE ( 'NONE', *, *, #2247, .T. ) ;
#6060 = CARTESIAN_POINT ( 'NONE',  ( -9.750000000000001776, -30.00000000000000711, 500.0000000000000000 ) ) ;
#6061 = CARTESIAN_POINT ( 'NONE',  ( -3.560660171779816086, -17.50000000000000000, 500.0000000000000000 ) ) ;
#6062 = CARTESIAN_POINT ( 'NONE',  ( -5.249999999999999112, 8.002142372482271782, 500.0000000000000000 ) ) ;
#6063 = CIRCLE ( 'NONE', #3340, 0.2500000000000002220 ) ;
#6064 = EDGE_CURVE ( 'NONE', #3670, #2290, #3941, .T. ) ;
#6065 = LINE ( 'NONE', #5204, #5977 ) ;
#6066 = EDGE_LOOP ( 'NONE', ( #2274, #1689, #12, #1060 ) ) ;
#6067 = CIRCLE ( 'NONE', #4051, 0.2499999999999997780 ) ;
#6068 = DIRECTION ( 'NONE',  ( -1.000000000000000000, 0.000000000000000000, 0.000000000000000000 ) ) ;
#6069 = CARTESIAN_POINT ( 'NONE',  ( 6.560660171779821859, -25.50000000000000355, 500.0000000000000000 ) ) ;
#6070 = CARTESIAN_POINT ( 'NONE',  ( -2.396446609406726047, 3.560660171779815197, 500.0000000000000000 ) ) ;
#6071 = LINE ( 'NONE', #5976, #3763 ) ;
#6072 = EDGE_CURVE ( 'NONE', #1739, #1635, #2090, .T. ) ;
#6073 = CARTESIAN_POINT ( 'NONE',  ( 3.560660171779816086, 2.500000000000000444, 500.0000000000000000 ) ) ;
#6074 = VECTOR ( 'NONE', #3853, 1000.000000000000000 ) ;
#6075 = CIRCLE ( 'NONE', #937, 0.2500000000000002220 ) ;
#6076 = EDGE_LOOP ( 'NONE', ( #4252, #5407, #3041, #1590 ) ) ;
#6077 = CARTESIAN_POINT ( 'NONE',  ( -6.560660171779821859, 5.500000000000003553, 500.0000000000000000 ) ) ;
#6078 = ORIENTED_EDGE ( 'NONE', *, *, #3361, .F. ) ;
#6079 = FACE_OUTER_BOUND ( 'NONE', #156, .T. ) ;
#6080 = ORIENTED_EDGE ( 'NONE', *, *, #1017, .T. ) ;
#6081 = CARTESIAN_POINT ( 'NONE',  ( 3.560660171779816086, -2.500000000000000444, 0.000000000000000000 ) ) ;
#6082 = AXIS2_PLACEMENT_3D ( 'NONE', #5781, #6233, #5685 ) ;
#6083 = VECTOR ( 'NONE', #467, 1000.000000000000227 ) ;
#6084 = CARTESIAN_POINT ( 'NONE',  ( -6.664213562373094035, -25.50000000000000355, 500.0000000000000000 ) ) ;
#6085 = CARTESIAN_POINT ( 'NONE',  ( -3.100000000000000089, 8.252142372482271782, 0.000000000000000000 ) ) ;
#6086 = ORIENTED_EDGE ( 'NONE', *, *, #73, .F. ) ;
#6087 = DIRECTION ( 'NONE',  ( -0.000000000000000000, -0.000000000000000000, 1.000000000000000000 ) ) ;
#6088 = VERTEX_POINT ( 'NONE', #164 ) ;
#6089 = DIRECTION ( 'NONE',  ( 1.000000000000000000, 0.000000000000000000, 0.000000000000000000 ) ) ;
#6090 = EDGE_CURVE ( 'NONE', #392, #6018, #6228, .T. ) ;
#6091 = ORIENTED_EDGE ( 'NONE', *, *, #2062, .T. ) ;
#6092 = DIRECTION ( 'NONE',  ( 0.5551424749987333707, 0.8317552719714379483, 0.000000000000000000 ) ) ;
#6093 = CARTESIAN_POINT ( 'NONE',  ( 8.252142372482268229, 5.250000000000003553, 0.000000000000000000 ) ) ;
#6094 = CARTESIAN_POINT ( 'NONE',  ( -9.750000000000001776, 10.00000000000000355, 0.000000000000000000 ) ) ;
#6095 = EDGE_CURVE ( 'NONE', #6229, #3814, #5998, .T. ) ;
#6096 = LINE ( 'NONE', #5108, #532 ) ;
#6097 = ORIENTED_EDGE ( 'NONE', *, *, #280, .F. ) ;
#6098 = LINE ( 'NONE', #4203, #566 ) ;
#6099 = AXIS2_PLACEMENT_3D ( 'NONE', #4418, #2029, #2382 ) ;
#6100 = CARTESIAN_POINT ( 'NONE',  ( -3.633883476483179997, -2.573223304703363912, 500.0000000000000000 ) ) ;
#6101 = EDGE_CURVE ( 'NONE', #6220, #3781, #5392, .T. ) ;
#6102 = DIRECTION ( 'NONE',  ( -1.000000000000000000, 0.000000000000000000, 0.000000000000000000 ) ) ;
#6103 = CARTESIAN_POINT ( 'NONE',  ( -5.500000000000000000, 8.002142372482271782, 0.000000000000000000 ) ) ;
#6104 = AXIS2_PLACEMENT_3D ( 'NONE', #3334, #3272, #5639 ) ;
#6105 = EDGE_LOOP ( 'NONE', ( #1596, #3519, #3712, #2965 ) ) ;
#6106 = DIRECTION ( 'NONE',  ( -0.000000000000000000, -0.000000000000000000, -1.000000000000000000 ) ) ;
#6107 = VECTOR ( 'NONE', #1591, 1000.000000000000000 ) ;
#6108 = VERTEX_POINT ( 'NONE', #1165 ) ;
#6109 = VECTOR ( 'NONE', #5912, 1000.000000000000000 ) ;
#6110 = CARTESIAN_POINT ( 'NONE',  ( -9.926776695296634756, -15.22536567718563560, 500.0000000000000000 ) ) ;
#6111 = ORIENTED_EDGE ( 'NONE', *, *, #895, .T. ) ;
#6112 = CARTESIAN_POINT ( 'NONE',  ( -10.00000000000000178, -29.75000000000000711, 500.0000000000000000 ) ) ;
#6113 = LINE ( 'NONE', #4215, #3435 ) ;
#6114 = AXIS2_PLACEMENT_3D ( 'NONE', #4008, #5931, #2058 ) ;
#6115 = ORIENTED_EDGE ( 'NONE', *, *, #3652, .F. ) ;
#6116 = CARTESIAN_POINT ( 'NONE',  ( 5.500000000000000000, 8.002142372482271782, 500.0000000000000000 ) ) ;
#6117 = VERTEX_POINT ( 'NONE', #4915 ) ;
#6118 = CARTESIAN_POINT ( 'NONE',  ( -3.810660171779816530, 2.396446609406726491, 0.000000000000000000 ) ) ;
#6119 = DIRECTION ( 'NONE',  ( -0.7071067811865479058, -0.7071067811865472397, 0.000000000000000000 ) ) ;
#6120 = EDGE_CURVE ( 'NONE', #3697, #3079, #5809, .T. ) ;
#6121 = VERTEX_POINT ( 'NONE', #1134 ) ;
#6122 = CARTESIAN_POINT ( 'NONE',  ( 5.249999999999999112, -28.00214237248227533, 500.0000000000000000 ) ) ;
#6123 = CARTESIAN_POINT ( 'NONE',  ( 3.560660171779816086, -2.500000000000000444, 500.0000000000000000 ) ) ;
#6124 = ORIENTED_EDGE ( 'NONE', *, *, #2103, .T. ) ;
#6125 = LINE ( 'NONE', #720, #4307 ) ;
#6126 = CARTESIAN_POINT ( 'NONE',  ( -9.749999999999998224, 4.951411018111002704, 0.000000000000000000 ) ) ;
#6127 = ADVANCED_FACE ( 'NONE', ( #5900 ), #1583, .F. ) ;
#6128 = CARTESIAN_POINT ( 'NONE',  ( 2.292893218813451206, -3.560660171779816974, 500.0000000000000000 ) ) ;
#6129 = DIRECTION ( 'NONE',  ( 0.000000000000000000, 0.000000000000000000, -1.000000000000000000 ) ) ;
#6130 = VERTEX_POINT ( 'NONE', #3529 ) ;
#6131 = CARTESIAN_POINT ( 'NONE',  ( 3.560660171779816086, -2.396446609406726935, 0.000000000000000000 ) ) ;
#6132 = EDGE_LOOP ( 'NONE', ( #2866, #5929, #4086, #5194 ) ) ;
#6133 = CARTESIAN_POINT ( 'NONE',  ( 6.487436867076458391, 5.426776695296639197, 500.0000000000000000 ) ) ;
#6134 = CARTESIAN_POINT ( 'NONE',  ( 5.249999999999999112, -28.25214237248227533, 0.000000000000000000 ) ) ;
#6135 = PLANE ( 'NONE',  #6003 ) ;
#6136 = CARTESIAN_POINT ( 'NONE',  ( 8.678919067778904761, -16.47322330470335672, 0.000000000000000000 ) ) ;
#6137 = EDGE_LOOP ( 'NONE', ( #1393, #2926, #3213, #3294 ) ) ;
#6138 = CARTESIAN_POINT ( 'NONE',  ( -9.999999999999998224, 4.847857627517729640, 0.000000000000000000 ) ) ;
#6139 = ORIENTED_EDGE ( 'NONE', *, *, #2607, .F. ) ;
#6140 = CARTESIAN_POINT ( 'NONE',  ( 8.252142372482266452, -16.89999999999999503, 500.0000000000000000 ) ) ;
#6141 = ORIENTED_EDGE ( 'NONE', *, *, #2858, .F. ) ;
#6142 = PLANE ( 'NONE',  #3485 ) ;
#6143 = DIRECTION ( 'NONE',  ( 0.8317552719714332854, 0.5551424749987402540, 0.000000000000000000 ) ) ;
#6144 = ADVANCED_FACE ( 'NONE', ( #5418 ), #4072, .F. ) ;
#6145 = ORIENTED_EDGE ( 'NONE', *, *, #1999, .F. ) ;
#6146 = ORIENTED_EDGE ( 'NONE', *, *, #1762, .F. ) ;
#6147 = CARTESIAN_POINT ( 'NONE',  ( 8.252142372482266452, -3.100000000000004530, 0.000000000000000000 ) ) ;
#6148 = ORIENTED_EDGE ( 'NONE', *, *, #4913, .F. ) ;
#6149 = CARTESIAN_POINT ( 'NONE',  ( -5.249999999999999112, -28.25214237248227533, 500.0000000000000000 ) ) ;
#6150 = ORIENTED_EDGE ( 'NONE', *, *, #2994, .F. ) ;
#6151 = FACE_OUTER_BOUND ( 'NONE', #1179, .T. ) ;
#6152 = SURFACE_SIDE_STYLE ('',( #5228 ) ) ;
#6153 = EDGE_CURVE ( 'NONE', #6154, #1567, #6125, .T. ) ;
#6154 = VERTEX_POINT ( 'NONE', #1224 ) ;
#6155 = DIRECTION ( 'NONE',  ( -0.000000000000000000, 0.000000000000000000, -1.000000000000000000 ) ) ;
#6156 = PLANE ( 'NONE',  #1025 ) ;
#6157 = EDGE_CURVE ( 'NONE', #1802, #2613, #5169, .T. ) ;
#6158 = DIRECTION ( 'NONE',  ( 1.000000000000000000, 0.000000000000000000, 0.000000000000000000 ) ) ;
#6159 = ORIENTED_EDGE ( 'NONE', *, *, #5742, .F. ) ;
#6160 = CARTESIAN_POINT ( 'NONE',  ( -5.426776695296637421, -26.48743686707645750, 500.0000000000000000 ) ) ;
#6161 = CARTESIAN_POINT ( 'NONE',  ( -4.951411018110999152, 10.00000000000000178, 500.0000000000000000 ) ) ;
#6162 = PLANE ( 'NONE',  #4796 ) ;
#6163 = VECTOR ( 'NONE', #303, 1000.000000000000000 ) ;
#6164 = CARTESIAN_POINT ( 'NONE',  ( 6.664213562373094923, -5.500000000000003553, 500.0000000000000000 ) ) ;
#6165 = EDGE_CURVE ( 'NONE', #2117, #3739, #476, .T. ) ;
#6166 = VECTOR ( 'NONE', #3416, 1000.000000000000000 ) ;
#6167 = AXIS2_PLACEMENT_3D ( 'NONE', #4901, #579, #1023 ) ;
#6168 = VERTEX_POINT ( 'NONE', #4628 ) ;
#6169 = AXIS2_PLACEMENT_3D ( 'NONE', #4570, #4942, #2653 ) ;
#6170 = LINE ( 'NONE', #6077, #1743 ) ;
#6171 = EDGE_LOOP ( 'NONE', ( #1758, #5148, #4466, #585, #1006, #1497, #3108, #1158, #3888, #4640, #4882, #2724, #3490, #3578, #1963, #1152, #5185, #943, #6015, #700, #1031, #4817, #5226, #5324, #4752, #812, #779, #1115, #4175, #152 ) ) ;
#6172 = DIRECTION ( 'NONE',  ( -1.000000000000000000, 0.000000000000000000, 0.000000000000000000 ) ) ;
#6173 = VERTEX_POINT ( 'NONE', #1776 ) ;
#6174 = DIRECTION ( 'NONE',  ( 0.7071067811865465735, 0.7071067811865483499, 0.000000000000000000 ) ) ;
#6175 = CARTESIAN_POINT ( 'NONE',  ( 4.336808689942017736E-16, -3.398953432037304712, 0.000000000000000000 ) ) ;
#6176 = CIRCLE ( 'NONE', #3049, 0.2500000000000002220 ) ;
#6177 = AXIS2_PLACEMENT_3D ( 'NONE', #1255, #2711, #3688 ) ;
#6178 = EDGE_LOOP ( 'NONE', ( #4020, #5131, #1894, #3323 ) ) ;
#6179 = DIRECTION ( 'NONE',  ( -1.000000000000000000, 0.000000000000000000, 0.000000000000000000 ) ) ;
#6180 = VERTEX_POINT ( 'NONE', #2743 ) ;
#6181 = CARTESIAN_POINT ( 'NONE',  ( 8.252142372482268229, -12.99999999999999822, 0.000000000000000000 ) ) ;
#6182 = ADVANCED_FACE ( 'NONE', ( #4228 ), #2649, .F. ) ;
#6183 = VERTEX_POINT ( 'NONE', #1323 ) ;
#6184 = LINE ( 'NONE', #2835, #1545 ) ;
#6185 = VECTOR ( 'NONE', #3365, 1000.000000000000000 ) ;
#6186 = VERTEX_POINT ( 'NONE', #3722 ) ;
#6187 = DIRECTION ( 'NONE',  ( 0.000000000000000000, 0.000000000000000000, 1.000000000000000000 ) ) ;
#6188 = DIRECTION ( 'NONE',  ( -0.7071067811865479058, 0.7071067811865472397, -0.000000000000000000 ) ) ;
#6189 = EDGE_CURVE ( 'NONE', #273, #4189, #2242, .T. ) ;
#6190 = CIRCLE ( 'NONE', #437, 0.5000000000000004441 ) ;
#6191 = VECTOR ( 'NONE', #3038, 1000.000000000000000 ) ;
#6192 = CIRCLE ( 'NONE', #4068, 0.2500000000000002220 ) ;
#6193 = ORIENTED_EDGE ( 'NONE', *, *, #4897, .T. ) ;
#6194 = CARTESIAN_POINT ( 'NONE',  ( 9.999999999999998224, -4.951411018111002704, 0.000000000000000000 ) ) ;
#6195 = DIRECTION ( 'NONE',  ( 1.000000000000000000, 0.000000000000000000, 0.000000000000000000 ) ) ;
#6196 = PLANE ( 'NONE',  #4351 ) ;
#6197 = CARTESIAN_POINT ( 'NONE',  ( 3.560660171779816086, -2.500000000000000444, 0.000000000000000000 ) ) ;
#6198 = ORIENTED_EDGE ( 'NONE', *, *, #2190, .F. ) ;
#6199 = EDGE_CURVE ( 'NONE', #4895, #2795, #3992, .T. ) ;
#6200 = DIRECTION ( 'NONE',  ( 0.000000000000000000, 0.000000000000000000, -1.000000000000000000 ) ) ;
#6201 = DIRECTION ( 'NONE',  ( 0.000000000000000000, 0.000000000000000000, 1.000000000000000000 ) ) ;
#6202 = DIRECTION ( 'NONE',  ( -0.000000000000000000, -0.000000000000000000, 1.000000000000000000 ) ) ;
#6203 = CYLINDRICAL_SURFACE ( 'NONE', #1036, 0.2500000000000002220 ) ;
#6204 = DIRECTION ( 'NONE',  ( 1.000000000000000000, 0.000000000000000000, 0.000000000000000000 ) ) ;
#6205 = ORIENTED_EDGE ( 'NONE', *, *, #1155, .T. ) ;
#6206 = CIRCLE ( 'NONE', #4593, 0.2500000000000002220 ) ;
#6207 = DIRECTION ( 'NONE',  ( -1.000000000000000000, 5.127820663014968840E-16, -0.000000000000000000 ) ) ;
#6208 = ORIENTED_EDGE ( 'NONE', *, *, #4248, .T. ) ;
#6209 = DIRECTION ( 'NONE',  ( -0.000000000000000000, -1.000000000000000000, -0.000000000000000000 ) ) ;
#6210 = VERTEX_POINT ( 'NONE', #4104 ) ;
#6211 = CARTESIAN_POINT ( 'NONE',  ( -10.00000000000000178, -29.75000000000000711, 0.000000000000000000 ) ) ;
#6212 = EDGE_CURVE ( 'NONE', #5972, #2704, #1837, .T. ) ;
#6213 = DIRECTION ( 'NONE',  ( -1.000000000000000000, 0.000000000000000000, 0.000000000000000000 ) ) ;
#6214 = EDGE_CURVE ( 'NONE', #3983, #6180, #6030, .T. ) ;
#6215 = CIRCLE ( 'NONE', #459, 0.2500000000000002220 ) ;
#6216 = DIRECTION ( 'NONE',  ( -0.000000000000000000, -0.000000000000000000, 1.000000000000000000 ) ) ;
#6217 = VECTOR ( 'NONE', #4922, 1000.000000000000000 ) ;
#6218 = ORIENTED_EDGE ( 'NONE', *, *, #5548, .T. ) ;
#6219 = DIRECTION ( 'NONE',  ( -1.000000000000000000, 0.000000000000000000, 0.000000000000000000 ) ) ;
#6220 = VERTEX_POINT ( 'NONE', #6060 ) ;
#6221 = CARTESIAN_POINT ( 'NONE',  ( 2.499999999999999556, -3.560660171779816974, 500.0000000000000000 ) ) ;
#6222 = EDGE_LOOP ( 'NONE', ( #3112, #5431, #4471, #4434 ) ) ;
#6223 = CARTESIAN_POINT ( 'NONE',  ( 8.252142372482268229, -5.250000000000003553, 0.000000000000000000 ) ) ;
#6224 = DIRECTION ( 'NONE',  ( -0.8317552719714336185, -0.5551424749987398100, 0.000000000000000000 ) ) ;
#6225 = AXIS2_PLACEMENT_3D ( 'NONE', #2285, #2252, #5554 ) ;
#6226 = VECTOR ( 'NONE', #1279, 1000.000000000000000 ) ;
#6227 = ADVANCED_FACE ( 'NONE', ( #3756 ), #2276, .F. ) ;
#6228 = CIRCLE ( 'NONE', #6114, 0.2500000000000002220 ) ;
#6229 = VERTEX_POINT ( 'NONE', #849 ) ;
#6230 = EDGE_CURVE ( 'NONE', #1112, #4322, #2213, .T. ) ;
#6231 = CARTESIAN_POINT ( 'NONE',  ( -3.703553390593272265, 8.252142372482271782, 500.0000000000000000 ) ) ;
#6232 = EDGE_CURVE ( 'NONE', #2233, #4442, #5645, .T. ) ;
#6233 = DIRECTION ( 'NONE',  ( -0.000000000000000000, -0.000000000000000000, 1.000000000000000000 ) ) ;
#6234 = ORIENTED_EDGE ( 'NONE', *, *, #3010, .T. ) ;
#6235 = DIRECTION ( 'NONE',  ( 0.000000000000000000, 0.000000000000000000, -1.000000000000000000 ) ) ;
#6236 = DIRECTION ( 'NONE',  ( 0.000000000000000000, 0.000000000000000000, -1.000000000000000000 ) ) ;
#6237 = CARTESIAN_POINT ( 'NONE',  ( 0.000000000000000000, -20.00000000000000000, 500.0000000000000000 ) ) ;
ENDSEC;
END-ISO-10303-21;
