ISO-10303-21;
HEADER;
/* Generated by software containing ST-Developer
 * from STEP Tools, Inc. (www.steptools.com) 
 */

FILE_DESCRIPTION(
/* description */ (''),
/* implementation_level */ '2;1');

FILE_NAME(
/* name */ 'Hinge.step',
/* time_stamp */ '2026-05-18T22:52:12+01:00',
/* author */ (''),
/* organization */ (''),
/* preprocessor_version */ 'ST-DEVELOPER v20.1',
/* originating_system */ 'Autodesk Translation Framework v15.8.0.0',
/* authorisation */ '');

FILE_SCHEMA (('AUTOMOTIVE_DESIGN { 1 0 10303 214 3 1 1 }'));
ENDSEC;

DATA;
#10=MECHANICAL_DESIGN_GEOMETRIC_PRESENTATION_REPRESENTATION('',(#23,#24),
#4160);
#11=ITEM_DEFINED_TRANSFORMATION($,$,#2247,#2416);
#12=ITEM_DEFINED_TRANSFORMATION($,$,#2317,#2417);
#13=(
REPRESENTATION_RELATIONSHIP($,$,#4174,#4173)
REPRESENTATION_RELATIONSHIP_WITH_TRANSFORMATION(#11)
SHAPE_REPRESENTATION_RELATIONSHIP()
);
#14=(
REPRESENTATION_RELATIONSHIP($,$,#4175,#4173)
REPRESENTATION_RELATIONSHIP_WITH_TRANSFORMATION(#12)
SHAPE_REPRESENTATION_RELATIONSHIP()
);
#15=CONTEXT_DEPENDENT_SHAPE_REPRESENTATION(#13,#4171);
#16=CONTEXT_DEPENDENT_SHAPE_REPRESENTATION(#14,#4172);
#17=NEXT_ASSEMBLY_USAGE_OCCURRENCE('Hinge_Left_sleeve:1',
'Hinge_Left_sleeve:1','Hinge_Left_sleeve:1',#4177,#4178,
'Hinge_Left_sleeve:1');
#18=NEXT_ASSEMBLY_USAGE_OCCURRENCE('Hinge_Left_solid (1):1',
'Hinge_Left_solid (1):1','Hinge_Left_solid (1):1',#4177,#4179,
'Hinge_Left_solid (1):1');
#19=SHAPE_REPRESENTATION_RELATIONSHIP('SRR','None',#4174,#21);
#20=SHAPE_REPRESENTATION_RELATIONSHIP('SRR','None',#4175,#22);
#21=ADVANCED_BREP_SHAPE_REPRESENTATION('',(#25),#4158);
#22=ADVANCED_BREP_SHAPE_REPRESENTATION('',(#26),#4159);
#23=STYLED_ITEM('',(#4193),#25);
#24=STYLED_ITEM('',(#4193),#26);
#25=MANIFOLD_SOLID_BREP('Body1',#2221);
#26=MANIFOLD_SOLID_BREP('Body1',#2222);
#27=B_SPLINE_SURFACE_WITH_KNOTS('',3,3,((#3277,#3278,#3279,#3280,#3281,
#3282,#3283,#3284,#3285,#3286,#3287,#3288),(#3289,#3290,#3291,#3292,#3293,
#3294,#3295,#3296,#3297,#3298,#3299,#3300),(#3301,#3302,#3303,#3304,#3305,
#3306,#3307,#3308,#3309,#3310,#3311,#3312),(#3313,#3314,#3315,#3316,#3317,
#3318,#3319,#3320,#3321,#3322,#3323,#3324)),.UNSPECIFIED.,.F.,.F.,.F.,(4,
4),(4,1,1,1,1,1,1,1,1,4),(0.,1.),(0.673825290781357,1.37890168015519,2.08397806952903,
2.43651626421595,2.78905445890287,3.14159265358978,3.4941308482767,4.19920723765054,
4.90428362702438,5.60936001639821),.UNSPECIFIED.);
#28=B_SPLINE_SURFACE_WITH_KNOTS('',3,3,((#3360,#3361,#3362,#3363,#3364,
#3365,#3366,#3367,#3368,#3369,#3370,#3371),(#3372,#3373,#3374,#3375,#3376,
#3377,#3378,#3379,#3380,#3381,#3382,#3383),(#3384,#3385,#3386,#3387,#3388,
#3389,#3390,#3391,#3392,#3393,#3394,#3395),(#3396,#3397,#3398,#3399,#3400,
#3401,#3402,#3403,#3404,#3405,#3406,#3407)),.UNSPECIFIED.,.F.,.F.,.F.,(4,
4),(4,1,1,1,1,1,1,1,1,4),(0.,1.),(0.673825290781357,1.37890168015519,2.08397806952903,
2.43651626421595,2.78905445890287,3.14159265358978,3.4941308482767,4.19920723765054,
4.90428362702438,5.60936001639821),.UNSPECIFIED.);
#29=B_SPLINE_SURFACE_WITH_KNOTS('',3,3,((#3906,#3907,#3908,#3909,#3910,
#3911,#3912,#3913,#3914,#3915,#3916,#3917),(#3918,#3919,#3920,#3921,#3922,
#3923,#3924,#3925,#3926,#3927,#3928,#3929),(#3930,#3931,#3932,#3933,#3934,
#3935,#3936,#3937,#3938,#3939,#3940,#3941),(#3942,#3943,#3944,#3945,#3946,
#3947,#3948,#3949,#3950,#3951,#3952,#3953)),.UNSPECIFIED.,.F.,.F.,.F.,(4,
4),(4,1,1,1,1,1,1,1,1,4),(0.,1.),(0.673825290781357,1.37890168015519,2.08397806952903,
2.43651626421595,2.78905445890287,3.14159265358978,3.4941308482767,4.19920723765054,
4.90428362702438,5.60936001639821),.UNSPECIFIED.);
#30=B_SPLINE_SURFACE_WITH_KNOTS('',3,3,((#3989,#3990,#3991,#3992,#3993,
#3994,#3995,#3996,#3997,#3998,#3999,#4000),(#4001,#4002,#4003,#4004,#4005,
#4006,#4007,#4008,#4009,#4010,#4011,#4012),(#4013,#4014,#4015,#4016,#4017,
#4018,#4019,#4020,#4021,#4022,#4023,#4024),(#4025,#4026,#4027,#4028,#4029,
#4030,#4031,#4032,#4033,#4034,#4035,#4036)),.UNSPECIFIED.,.F.,.F.,.F.,(4,
4),(4,1,1,1,1,1,1,1,1,4),(0.,1.),(0.673825290781357,1.37890168015519,2.08397806952903,
2.43651626421595,2.78905445890287,3.14159265358978,3.4941308482767,4.19920723765054,
4.90428362702438,5.60936001639821),.UNSPECIFIED.);
#31=B_SPLINE_CURVE_WITH_KNOTS('',3,(#3163,#3164,#3165,#3166,#3167,#3168,
#3169,#3170,#3171,#3172,#3173,#3174,#3175,#3176,#3177,#3178,#3179,#3180,
#3181,#3182,#3183,#3184,#3185,#3186,#3187,#3188,#3189,#3190,#3191,#3192,
#3193,#3194,#3195,#3196,#3197,#3198,#3199,#3200,#3201,#3202,#3203,#3204,
#3205,#3206,#3207,#3208,#3209,#3210,#3211,#3212,#3213,#3214,#3215,#3216,
#3217),.UNSPECIFIED.,.F.,.F.,(4,3,3,3,3,3,3,3,3,3,3,3,3,3,3,3,3,3,4),(-5.60936001353191,
-5.11804318166507,-4.90422671696458,-4.33977543654058,-4.19905348602285,
-3.7698590352049,-3.49395117749769,-3.17263686597045,-3.14146123528079,
-2.84451772058685,-2.78903053388894,-2.63733693590995,-2.43663909080702,
-2.11242677486431,-2.08415486645044,-1.73475509941893,-1.37899498358292,
-1.00739124379151,-0.673825293647675),.UNSPECIFIED.);
#32=B_SPLINE_CURVE_WITH_KNOTS('',3,(#3221,#3222,#3223,#3224,#3225,#3226,
#3227,#3228,#3229,#3230,#3231,#3232,#3233,#3234,#3235,#3236,#3237,#3238,
#3239,#3240,#3241,#3242,#3243,#3244,#3245,#3246,#3247,#3248,#3249,#3250,
#3251,#3252,#3253,#3254,#3255,#3256,#3257,#3258,#3259,#3260,#3261,#3262,
#3263,#3264,#3265,#3266,#3267,#3268,#3269,#3270,#3271,#3272,#3273,#3274,
#3275),.UNSPECIFIED.,.F.,.F.,(4,3,3,3,3,3,3,3,3,3,3,3,3,3,3,3,3,3,4),(-5.60936001353191,
-5.11836955633821,-4.90422656778202,-4.34012823241921,-4.19905308635744,
-3.77013996072901,-3.49395072175203,-3.17284890725521,-3.14146091666357,
-2.844714217678,-2.78903051156531,-2.63734802653038,-2.43663946485137,-2.11264718792799,
-2.08415537842179,-1.73501022241033,-1.37899524792148,-1.00765097630172,
-0.673825293647675),.UNSPECIFIED.);
#33=B_SPLINE_CURVE_WITH_KNOTS('',3,(#3326,#3327,#3328,#3329,#3330,#3331),
 .UNSPECIFIED.,.F.,.F.,(4,2,4),(0.,0.0201888998126063,0.0964000122528487),
 .UNSPECIFIED.);
#34=B_SPLINE_CURVE_WITH_KNOTS('',3,(#3333,#3334,#3335,#3336,#3337,#3338,
#3339,#3340,#3341,#3342,#3343,#3344,#3345),.UNSPECIFIED.,.F.,.F.,(4,3,3,
3,4),(0.,0.0392716756725335,0.0489620925523555,0.0840641057451838,0.09643637147496),
 .UNSPECIFIED.);
#35=B_SPLINE_CURVE_WITH_KNOTS('',3,(#3346,#3347,#3348,#3349,#3350,#3351,
#3352,#3353,#3354,#3355,#3356,#3357),.UNSPECIFIED.,.F.,.F.,(4,1,1,1,1,1,
1,1,1,4),(0.815033072560457,1.37890168015519,2.08397806952903,2.43651626421595,
2.78905445890287,3.14159265358978,3.4941308482767,4.19920723765054,4.90428362702438,
5.46807519644912),.UNSPECIFIED.);
#36=B_SPLINE_CURVE_WITH_KNOTS('',3,(#3409,#3410,#3411,#3412,#3413,#3414),
 .UNSPECIFIED.,.F.,.F.,(4,2,4),(0.,0.0201888998126063,0.0964000122528487),
 .UNSPECIFIED.);
#37=B_SPLINE_CURVE_WITH_KNOTS('',3,(#3416,#3417,#3418,#3419,#3420,#3421,
#3422,#3423,#3424,#3425,#3426,#3427,#3428),.UNSPECIFIED.,.F.,.F.,(4,3,3,
3,4),(0.,0.0392694865858989,0.0489620925523555,0.0840626035984247,0.09643637147496),
 .UNSPECIFIED.);
#38=B_SPLINE_CURVE_WITH_KNOTS('',3,(#3429,#3430,#3431,#3432,#3433,#3434,
#3435,#3436,#3437,#3438,#3439,#3440),.UNSPECIFIED.,.F.,.F.,(4,1,1,1,1,1,
1,1,1,4),(0.815033221190727,1.37890168015519,2.08397806952903,2.43651626421595,
2.78905445890287,3.14159265358978,3.4941308482767,4.19920723765054,4.90428362702438,
5.46807516096075),.UNSPECIFIED.);
#39=B_SPLINE_CURVE_WITH_KNOTS('',3,(#3792,#3793,#3794,#3795,#3796,#3797,
#3798,#3799,#3800,#3801,#3802,#3803,#3804,#3805,#3806,#3807,#3808,#3809,
#3810,#3811,#3812,#3813,#3814,#3815,#3816,#3817,#3818,#3819,#3820,#3821,
#3822,#3823,#3824,#3825,#3826,#3827,#3828,#3829,#3830,#3831,#3832,#3833,
#3834,#3835,#3836,#3837,#3838,#3839,#3840,#3841,#3842,#3843,#3844,#3845,
#3846),.UNSPECIFIED.,.F.,.F.,(4,3,3,3,3,3,3,3,3,3,3,3,3,3,3,3,3,3,4),(-5.60936001353191,
-5.11804318166507,-4.90422671696458,-4.33977543654058,-4.19905348602285,
-3.7698590352049,-3.49395117749769,-3.17263686597045,-3.14146123528079,
-2.84451772058685,-2.78903053388894,-2.63733693590995,-2.43663909080702,
-2.11242677486431,-2.08415486645044,-1.73475509941893,-1.37899498358292,
-1.00739124379151,-0.673825293647675),.UNSPECIFIED.);
#40=B_SPLINE_CURVE_WITH_KNOTS('',3,(#3850,#3851,#3852,#3853,#3854,#3855,
#3856,#3857,#3858,#3859,#3860,#3861,#3862,#3863,#3864,#3865,#3866,#3867,
#3868,#3869,#3870,#3871,#3872,#3873,#3874,#3875,#3876,#3877,#3878,#3879,
#3880,#3881,#3882,#3883,#3884,#3885,#3886,#3887,#3888,#3889,#3890,#3891,
#3892,#3893,#3894,#3895,#3896,#3897,#3898,#3899,#3900,#3901,#3902,#3903,
#3904),.UNSPECIFIED.,.F.,.F.,(4,3,3,3,3,3,3,3,3,3,3,3,3,3,3,3,3,3,4),(-5.60936001353191,
-5.11836955633821,-4.90422656778202,-4.34012823241921,-4.19905308635744,
-3.77013996072901,-3.49395072175203,-3.17284890725521,-3.14146091666357,
-2.844714217678,-2.78903051156531,-2.63734802653038,-2.43663946485137,-2.11264718792799,
-2.08415537842179,-1.73501022241033,-1.37899524792148,-1.00765097630172,
-0.673825293647675),.UNSPECIFIED.);
#41=B_SPLINE_CURVE_WITH_KNOTS('',3,(#3955,#3956,#3957,#3958,#3959,#3960),
 .UNSPECIFIED.,.F.,.F.,(4,2,4),(0.,0.0201888998126063,0.0964000122528487),
 .UNSPECIFIED.);
#42=B_SPLINE_CURVE_WITH_KNOTS('',3,(#3962,#3963,#3964,#3965,#3966,#3967,
#3968,#3969,#3970,#3971,#3972,#3973,#3974),.UNSPECIFIED.,.F.,.F.,(4,3,3,
3,4),(0.,0.0392716756725335,0.0489620925523555,0.0840641057451838,0.09643637147496),
 .UNSPECIFIED.);
#43=B_SPLINE_CURVE_WITH_KNOTS('',3,(#3975,#3976,#3977,#3978,#3979,#3980,
#3981,#3982,#3983,#3984,#3985,#3986),.UNSPECIFIED.,.F.,.F.,(4,1,1,1,1,1,
1,1,1,4),(0.815033072560457,1.37890168015519,2.08397806952903,2.43651626421595,
2.78905445890287,3.14159265358978,3.4941308482767,4.19920723765054,4.90428362702438,
5.46807519644912),.UNSPECIFIED.);
#44=B_SPLINE_CURVE_WITH_KNOTS('',3,(#4038,#4039,#4040,#4041,#4042,#4043),
 .UNSPECIFIED.,.F.,.F.,(4,2,4),(0.,0.0201888998126063,0.0964000122528487),
 .UNSPECIFIED.);
#45=B_SPLINE_CURVE_WITH_KNOTS('',3,(#4045,#4046,#4047,#4048,#4049,#4050,
#4051,#4052,#4053,#4054,#4055,#4056,#4057),.UNSPECIFIED.,.F.,.F.,(4,3,3,
3,4),(0.,0.0392694865858989,0.0489620925523555,0.0840626035984247,0.09643637147496),
 .UNSPECIFIED.);
#46=B_SPLINE_CURVE_WITH_KNOTS('',3,(#4058,#4059,#4060,#4061,#4062,#4063,
#4064,#4065,#4066,#4067,#4068,#4069),.UNSPECIFIED.,.F.,.F.,(4,1,1,1,1,1,
1,1,1,4),(0.815033221190727,1.37890168015519,2.08397806952903,2.43651626421595,
2.78905445890287,3.14159265358978,3.4941308482767,4.19920723765054,4.90428362702438,
5.46807516096075),.UNSPECIFIED.);
#47=CYLINDRICAL_SURFACE('',#2269,3.50000000000001);
#48=CYLINDRICAL_SURFACE('',#2282,6.49999999999999);
#49=CYLINDRICAL_SURFACE('',#2284,3.25);
#50=CYLINDRICAL_SURFACE('',#2286,3.25);
#51=CYLINDRICAL_SURFACE('',#2307,1.7);
#52=CYLINDRICAL_SURFACE('',#2309,1.7);
#53=CYLINDRICAL_SURFACE('',#2312,2.6);
#54=CYLINDRICAL_SURFACE('',#2319,2.5);
#55=CYLINDRICAL_SURFACE('',#2324,2.5);
#56=CYLINDRICAL_SURFACE('',#2329,2.5);
#57=CYLINDRICAL_SURFACE('',#2333,0.662419915334867);
#58=CYLINDRICAL_SURFACE('',#2336,0.662419915334868);
#59=CYLINDRICAL_SURFACE('',#2340,2.5);
#60=CYLINDRICAL_SURFACE('',#2351,0.66241991533483);
#61=CYLINDRICAL_SURFACE('',#2353,0.662419915334883);
#62=CYLINDRICAL_SURFACE('',#2355,0.662419915334936);
#63=CYLINDRICAL_SURFACE('',#2357,2.5);
#64=CYLINDRICAL_SURFACE('',#2386,6.49999999999999);
#65=CYLINDRICAL_SURFACE('',#2388,3.25);
#66=CYLINDRICAL_SURFACE('',#2390,3.25);
#67=CYLINDRICAL_SURFACE('',#2406,1.7);
#68=CYLINDRICAL_SURFACE('',#2408,1.7);
#69=CONICAL_SURFACE('',#2254,5.99999999999999,0.785398163397433);
#70=CONICAL_SURFACE('',#2264,3.85000000000002,0.785398163397448);
#71=CONICAL_SURFACE('',#2275,6.14999999999999,0.78539816339744);
#72=CONICAL_SURFACE('',#2364,5.99999999999999,0.785398163397433);
#73=CONICAL_SURFACE('',#2379,6.14999999999999,0.78539816339744);
#74=LINE('',#3019,#321);
#75=LINE('',#3021,#322);
#76=LINE('',#3023,#323);
#77=LINE('',#3025,#324);
#78=LINE('',#3026,#325);
#79=LINE('',#3029,#326);
#80=LINE('',#3031,#327);
#81=LINE('',#3032,#328);
#82=LINE('',#3035,#329);
#83=LINE('',#3037,#330);
#84=LINE('',#3038,#331);
#85=LINE('',#3042,#332);
#86=LINE('',#3047,#333);
#87=LINE('',#3049,#334);
#88=LINE('',#3050,#335);
#89=LINE('',#3053,#336);
#90=LINE('',#3055,#337);
#91=LINE('',#3057,#338);
#92=LINE('',#3058,#339);
#93=LINE('',#3060,#340);
#94=LINE('',#3063,#341);
#95=LINE('',#3065,#342);
#96=LINE('',#3066,#343);
#97=LINE('',#3068,#344);
#98=LINE('',#3070,#345);
#99=LINE('',#3073,#346);
#100=LINE('',#3075,#347);
#101=LINE('',#3077,#348);
#102=LINE('',#3079,#349);
#103=LINE('',#3081,#350);
#104=LINE('',#3083,#351);
#105=LINE('',#3085,#352);
#106=LINE('',#3087,#353);
#107=LINE('',#3089,#354);
#108=LINE('',#3091,#355);
#109=LINE('',#3092,#356);
#110=LINE('',#3097,#357);
#111=LINE('',#3102,#358);
#112=LINE('',#3106,#359);
#113=LINE('',#3108,#360);
#114=LINE('',#3110,#361);
#115=LINE('',#3112,#362);
#116=LINE('',#3114,#363);
#117=LINE('',#3116,#364);
#118=LINE('',#3117,#365);
#119=LINE('',#3119,#366);
#120=LINE('',#3122,#367);
#121=LINE('',#3123,#368);
#122=LINE('',#3124,#369);
#123=LINE('',#3128,#370);
#124=LINE('',#3129,#371);
#125=LINE('',#3130,#372);
#126=LINE('',#3133,#373);
#127=LINE('',#3134,#374);
#128=LINE('',#3137,#375);
#129=LINE('',#3138,#376);
#130=LINE('',#3141,#377);
#131=LINE('',#3142,#378);
#132=LINE('',#3145,#379);
#133=LINE('',#3148,#380);
#134=LINE('',#3150,#381);
#135=LINE('',#3151,#382);
#136=LINE('',#3154,#383);
#137=LINE('',#3156,#384);
#138=LINE('',#3158,#385);
#139=LINE('',#3161,#386);
#140=LINE('',#3219,#387);
#141=LINE('',#3276,#388);
#142=LINE('',#3445,#389);
#143=LINE('',#3447,#390);
#144=LINE('',#3448,#391);
#145=LINE('',#3451,#392);
#146=LINE('',#3452,#393);
#147=LINE('',#3453,#394);
#148=LINE('',#3455,#395);
#149=LINE('',#3458,#396);
#150=LINE('',#3460,#397);
#151=LINE('',#3461,#398);
#152=LINE('',#3464,#399);
#153=LINE('',#3465,#400);
#154=LINE('',#3468,#401);
#155=LINE('',#3469,#402);
#156=LINE('',#3470,#403);
#157=LINE('',#3474,#404);
#158=LINE('',#3476,#405);
#159=LINE('',#3478,#406);
#160=LINE('',#3479,#407);
#161=LINE('',#3482,#408);
#162=LINE('',#3484,#409);
#163=LINE('',#3485,#410);
#164=LINE('',#3488,#411);
#165=LINE('',#3489,#412);
#166=LINE('',#3490,#413);
#167=LINE('',#3492,#414);
#168=LINE('',#3494,#415);
#169=LINE('',#3499,#416);
#170=LINE('',#3500,#417);
#171=LINE('',#3502,#418);
#172=LINE('',#3507,#419);
#173=LINE('',#3508,#420);
#174=LINE('',#3510,#421);
#175=LINE('',#3516,#422);
#176=LINE('',#3520,#423);
#177=LINE('',#3522,#424);
#178=LINE('',#3523,#425);
#179=LINE('',#3526,#426);
#180=LINE('',#3535,#427);
#181=LINE('',#3537,#428);
#182=LINE('',#3539,#429);
#183=LINE('',#3540,#430);
#184=LINE('',#3544,#431);
#185=LINE('',#3550,#432);
#186=LINE('',#3551,#433);
#187=LINE('',#3552,#434);
#188=LINE('',#3556,#435);
#189=LINE('',#3558,#436);
#190=LINE('',#3560,#437);
#191=LINE('',#3561,#438);
#192=LINE('',#3565,#439);
#193=LINE('',#3571,#440);
#194=LINE('',#3572,#441);
#195=LINE('',#3573,#442);
#196=LINE('',#3577,#443);
#197=LINE('',#3579,#444);
#198=LINE('',#3581,#445);
#199=LINE('',#3582,#446);
#200=LINE('',#3586,#447);
#201=LINE('',#3592,#448);
#202=LINE('',#3593,#449);
#203=LINE('',#3594,#450);
#204=LINE('',#3599,#451);
#205=LINE('',#3604,#452);
#206=LINE('',#3608,#453);
#207=LINE('',#3613,#454);
#208=LINE('',#3615,#455);
#209=LINE('',#3617,#456);
#210=LINE('',#3618,#457);
#211=LINE('',#3622,#458);
#212=LINE('',#3626,#459);
#213=LINE('',#3627,#460);
#214=LINE('',#3631,#461);
#215=LINE('',#3635,#462);
#216=LINE('',#3637,#463);
#217=LINE('',#3639,#464);
#218=LINE('',#3641,#465);
#219=LINE('',#3643,#466);
#220=LINE('',#3645,#467);
#221=LINE('',#3646,#468);
#222=LINE('',#3651,#469);
#223=LINE('',#3654,#470);
#224=LINE('',#3657,#471);
#225=LINE('',#3658,#472);
#226=LINE('',#3667,#473);
#227=LINE('',#3670,#474);
#228=LINE('',#3675,#475);
#229=LINE('',#3677,#476);
#230=LINE('',#3679,#477);
#231=LINE('',#3681,#478);
#232=LINE('',#3682,#479);
#233=LINE('',#3685,#480);
#234=LINE('',#3687,#481);
#235=LINE('',#3688,#482);
#236=LINE('',#3691,#483);
#237=LINE('',#3693,#484);
#238=LINE('',#3694,#485);
#239=LINE('',#3698,#486);
#240=LINE('',#3703,#487);
#241=LINE('',#3705,#488);
#242=LINE('',#3706,#489);
#243=LINE('',#3709,#490);
#244=LINE('',#3711,#491);
#245=LINE('',#3713,#492);
#246=LINE('',#3714,#493);
#247=LINE('',#3716,#494);
#248=LINE('',#3719,#495);
#249=LINE('',#3720,#496);
#250=LINE('',#3723,#497);
#251=LINE('',#3724,#498);
#252=LINE('',#3726,#499);
#253=LINE('',#3729,#500);
#254=LINE('',#3731,#501);
#255=LINE('',#3733,#502);
#256=LINE('',#3735,#503);
#257=LINE('',#3737,#504);
#258=LINE('',#3739,#505);
#259=LINE('',#3741,#506);
#260=LINE('',#3743,#507);
#261=LINE('',#3745,#508);
#262=LINE('',#3747,#509);
#263=LINE('',#3748,#510);
#264=LINE('',#3751,#511);
#265=LINE('',#3752,#512);
#266=LINE('',#3753,#513);
#267=LINE('',#3757,#514);
#268=LINE('',#3758,#515);
#269=LINE('',#3759,#516);
#270=LINE('',#3762,#517);
#271=LINE('',#3763,#518);
#272=LINE('',#3766,#519);
#273=LINE('',#3767,#520);
#274=LINE('',#3770,#521);
#275=LINE('',#3771,#522);
#276=LINE('',#3774,#523);
#277=LINE('',#3777,#524);
#278=LINE('',#3779,#525);
#279=LINE('',#3780,#526);
#280=LINE('',#3783,#527);
#281=LINE('',#3785,#528);
#282=LINE('',#3787,#529);
#283=LINE('',#3790,#530);
#284=LINE('',#3848,#531);
#285=LINE('',#3905,#532);
#286=LINE('',#4074,#533);
#287=LINE('',#4076,#534);
#288=LINE('',#4077,#535);
#289=LINE('',#4079,#536);
#290=LINE('',#4080,#537);
#291=LINE('',#4082,#538);
#292=LINE('',#4084,#539);
#293=LINE('',#4086,#540);
#294=LINE('',#4088,#541);
#295=LINE('',#4090,#542);
#296=LINE('',#4092,#543);
#297=LINE('',#4094,#544);
#298=LINE('',#4095,#545);
#299=LINE('',#4098,#546);
#300=LINE('',#4099,#547);
#301=LINE('',#4102,#548);
#302=LINE('',#4103,#549);
#303=LINE('',#4106,#550);
#304=LINE('',#4107,#551);
#305=LINE('',#4108,#552);
#306=LINE('',#4110,#553);
#307=LINE('',#4113,#554);
#308=LINE('',#4115,#555);
#309=LINE('',#4116,#556);
#310=LINE('',#4119,#557);
#311=LINE('',#4120,#558);
#312=LINE('',#4121,#559);
#313=LINE('',#4124,#560);
#314=LINE('',#4125,#561);
#315=LINE('',#4127,#562);
#316=LINE('',#4128,#563);
#317=LINE('',#4133,#564);
#318=LINE('',#4139,#565);
#319=LINE('',#4143,#566);
#320=LINE('',#4145,#567);
#321=VECTOR('',#2430,10.);
#322=VECTOR('',#2431,10.);
#323=VECTOR('',#2432,10.);
#324=VECTOR('',#2433,10.);
#325=VECTOR('',#2434,10.);
#326=VECTOR('',#2437,10.);
#327=VECTOR('',#2438,10.);
#328=VECTOR('',#2439,10.);
#329=VECTOR('',#2442,10.);
#330=VECTOR('',#2443,10.);
#331=VECTOR('',#2444,10.);
#332=VECTOR('',#2447,10.);
#333=VECTOR('',#2454,10.);
#334=VECTOR('',#2455,10.);
#335=VECTOR('',#2456,10.);
#336=VECTOR('',#2459,10.);
#337=VECTOR('',#2460,10.);
#338=VECTOR('',#2461,10.);
#339=VECTOR('',#2462,10.);
#340=VECTOR('',#2465,10.);
#341=VECTOR('',#2468,10.);
#342=VECTOR('',#2469,10.);
#343=VECTOR('',#2470,10.);
#344=VECTOR('',#2473,10.);
#345=VECTOR('',#2476,10.);
#346=VECTOR('',#2479,10.);
#347=VECTOR('',#2480,10.);
#348=VECTOR('',#2481,10.);
#349=VECTOR('',#2482,10.);
#350=VECTOR('',#2483,10.);
#351=VECTOR('',#2484,10.);
#352=VECTOR('',#2485,10.);
#353=VECTOR('',#2486,10.);
#354=VECTOR('',#2487,10.);
#355=VECTOR('',#2488,10.);
#356=VECTOR('',#2489,10.);
#357=VECTOR('',#2494,3.85000000000001);
#358=VECTOR('',#2499,10.);
#359=VECTOR('',#2502,10.);
#360=VECTOR('',#2503,10.);
#361=VECTOR('',#2504,10.);
#362=VECTOR('',#2505,10.);
#363=VECTOR('',#2506,10.);
#364=VECTOR('',#2507,10.);
#365=VECTOR('',#2508,10.);
#366=VECTOR('',#2511,3.50000000000001);
#367=VECTOR('',#2514,10.);
#368=VECTOR('',#2515,10.);
#369=VECTOR('',#2516,10.);
#370=VECTOR('',#2519,10.);
#371=VECTOR('',#2520,10.);
#372=VECTOR('',#2521,10.);
#373=VECTOR('',#2524,10.);
#374=VECTOR('',#2525,10.);
#375=VECTOR('',#2528,10.);
#376=VECTOR('',#2529,10.);
#377=VECTOR('',#2532,10.);
#378=VECTOR('',#2533,10.);
#379=VECTOR('',#2536,10.);
#380=VECTOR('',#2541,10.);
#381=VECTOR('',#2544,10.);
#382=VECTOR('',#2545,10.);
#383=VECTOR('',#2550,10.);
#384=VECTOR('',#2553,10.);
#385=VECTOR('',#2556,10.);
#386=VECTOR('',#2559,10.);
#387=VECTOR('',#2560,10.);
#388=VECTOR('',#2561,10.);
#389=VECTOR('',#2572,10.);
#390=VECTOR('',#2573,10.);
#391=VECTOR('',#2574,10.);
#392=VECTOR('',#2577,10.);
#393=VECTOR('',#2578,10.);
#394=VECTOR('',#2579,10.);
#395=VECTOR('',#2582,10.);
#396=VECTOR('',#2585,10.);
#397=VECTOR('',#2586,10.);
#398=VECTOR('',#2587,10.);
#399=VECTOR('',#2590,10.);
#400=VECTOR('',#2591,10.);
#401=VECTOR('',#2594,10.);
#402=VECTOR('',#2595,10.);
#403=VECTOR('',#2596,10.);
#404=VECTOR('',#2599,10.);
#405=VECTOR('',#2600,10.);
#406=VECTOR('',#2601,10.);
#407=VECTOR('',#2602,10.);
#408=VECTOR('',#2605,10.);
#409=VECTOR('',#2606,10.);
#410=VECTOR('',#2607,10.);
#411=VECTOR('',#2610,10.);
#412=VECTOR('',#2611,10.);
#413=VECTOR('',#2612,10.);
#414=VECTOR('',#2615,10.);
#415=VECTOR('',#2618,10.);
#416=VECTOR('',#2625,10.);
#417=VECTOR('',#2626,10.);
#418=VECTOR('',#2629,10.);
#419=VECTOR('',#2634,10.);
#420=VECTOR('',#2635,10.);
#421=VECTOR('',#2638,10.);
#422=VECTOR('',#2645,1.7);
#423=VECTOR('',#2650,1.7);
#424=VECTOR('',#2653,10.);
#425=VECTOR('',#2654,10.);
#426=VECTOR('',#2657,2.5);
#427=VECTOR('',#2670,10.);
#428=VECTOR('',#2671,10.);
#429=VECTOR('',#2672,10.);
#430=VECTOR('',#2673,10.);
#431=VECTOR('',#2676,10.);
#432=VECTOR('',#2683,10.);
#433=VECTOR('',#2684,10.);
#434=VECTOR('',#2685,10.);
#435=VECTOR('',#2688,10.);
#436=VECTOR('',#2689,10.);
#437=VECTOR('',#2690,10.);
#438=VECTOR('',#2691,10.);
#439=VECTOR('',#2694,10.);
#440=VECTOR('',#2701,10.);
#441=VECTOR('',#2702,10.);
#442=VECTOR('',#2703,10.);
#443=VECTOR('',#2706,10.);
#444=VECTOR('',#2707,10.);
#445=VECTOR('',#2708,10.);
#446=VECTOR('',#2709,10.);
#447=VECTOR('',#2712,10.);
#448=VECTOR('',#2719,10.);
#449=VECTOR('',#2720,10.);
#450=VECTOR('',#2721,10.);
#451=VECTOR('',#2726,10.);
#452=VECTOR('',#2731,10.);
#453=VECTOR('',#2734,10.);
#454=VECTOR('',#2739,10.);
#455=VECTOR('',#2740,10.);
#456=VECTOR('',#2741,10.);
#457=VECTOR('',#2742,10.);
#458=VECTOR('',#2745,10.);
#459=VECTOR('',#2752,10.);
#460=VECTOR('',#2753,10.);
#461=VECTOR('',#2756,10.);
#462=VECTOR('',#2759,10.);
#463=VECTOR('',#2760,10.);
#464=VECTOR('',#2761,10.);
#465=VECTOR('',#2762,10.);
#466=VECTOR('',#2763,10.);
#467=VECTOR('',#2764,10.);
#468=VECTOR('',#2765,10.);
#469=VECTOR('',#2772,10.);
#470=VECTOR('',#2775,10.);
#471=VECTOR('',#2778,10.);
#472=VECTOR('',#2779,10.);
#473=VECTOR('',#2794,10.);
#474=VECTOR('',#2799,10.);
#475=VECTOR('',#2804,10.);
#476=VECTOR('',#2805,10.);
#477=VECTOR('',#2806,10.);
#478=VECTOR('',#2807,10.);
#479=VECTOR('',#2808,10.);
#480=VECTOR('',#2811,10.);
#481=VECTOR('',#2812,10.);
#482=VECTOR('',#2813,10.);
#483=VECTOR('',#2816,10.);
#484=VECTOR('',#2817,10.);
#485=VECTOR('',#2818,10.);
#486=VECTOR('',#2821,10.);
#487=VECTOR('',#2828,10.);
#488=VECTOR('',#2829,10.);
#489=VECTOR('',#2830,10.);
#490=VECTOR('',#2833,10.);
#491=VECTOR('',#2834,10.);
#492=VECTOR('',#2835,10.);
#493=VECTOR('',#2836,10.);
#494=VECTOR('',#2839,10.);
#495=VECTOR('',#2842,10.);
#496=VECTOR('',#2843,10.);
#497=VECTOR('',#2846,10.);
#498=VECTOR('',#2847,10.);
#499=VECTOR('',#2850,10.);
#500=VECTOR('',#2853,10.);
#501=VECTOR('',#2854,10.);
#502=VECTOR('',#2855,10.);
#503=VECTOR('',#2856,10.);
#504=VECTOR('',#2857,10.);
#505=VECTOR('',#2858,10.);
#506=VECTOR('',#2859,10.);
#507=VECTOR('',#2860,10.);
#508=VECTOR('',#2861,10.);
#509=VECTOR('',#2862,10.);
#510=VECTOR('',#2863,10.);
#511=VECTOR('',#2866,10.);
#512=VECTOR('',#2867,10.);
#513=VECTOR('',#2868,10.);
#514=VECTOR('',#2871,10.);
#515=VECTOR('',#2872,10.);
#516=VECTOR('',#2873,10.);
#517=VECTOR('',#2876,10.);
#518=VECTOR('',#2877,10.);
#519=VECTOR('',#2880,10.);
#520=VECTOR('',#2881,10.);
#521=VECTOR('',#2884,10.);
#522=VECTOR('',#2885,10.);
#523=VECTOR('',#2888,10.);
#524=VECTOR('',#2893,10.);
#525=VECTOR('',#2896,10.);
#526=VECTOR('',#2897,10.);
#527=VECTOR('',#2902,10.);
#528=VECTOR('',#2905,10.);
#529=VECTOR('',#2908,10.);
#530=VECTOR('',#2911,10.);
#531=VECTOR('',#2912,10.);
#532=VECTOR('',#2913,10.);
#533=VECTOR('',#2924,10.);
#534=VECTOR('',#2925,10.);
#535=VECTOR('',#2926,10.);
#536=VECTOR('',#2929,10.);
#537=VECTOR('',#2930,10.);
#538=VECTOR('',#2931,10.);
#539=VECTOR('',#2932,10.);
#540=VECTOR('',#2933,10.);
#541=VECTOR('',#2934,10.);
#542=VECTOR('',#2935,10.);
#543=VECTOR('',#2936,10.);
#544=VECTOR('',#2937,10.);
#545=VECTOR('',#2938,10.);
#546=VECTOR('',#2941,10.);
#547=VECTOR('',#2942,10.);
#548=VECTOR('',#2945,10.);
#549=VECTOR('',#2946,10.);
#550=VECTOR('',#2949,10.);
#551=VECTOR('',#2950,10.);
#552=VECTOR('',#2951,10.);
#553=VECTOR('',#2954,10.);
#554=VECTOR('',#2957,10.);
#555=VECTOR('',#2958,10.);
#556=VECTOR('',#2959,10.);
#557=VECTOR('',#2962,10.);
#558=VECTOR('',#2963,10.);
#559=VECTOR('',#2964,10.);
#560=VECTOR('',#2967,10.);
#561=VECTOR('',#2968,10.);
#562=VECTOR('',#2971,10.);
#563=VECTOR('',#2972,10.);
#564=VECTOR('',#2979,10.);
#565=VECTOR('',#2986,1.7);
#566=VECTOR('',#2991,1.7);
#567=VECTOR('',#2994,10.);
#568=FACE_BOUND('',#706,.T.);
#569=FACE_BOUND('',#720,.T.);
#570=FACE_BOUND('',#754,.T.);
#571=FACE_BOUND('',#757,.T.);
#572=FACE_BOUND('',#764,.T.);
#573=FACE_BOUND('',#766,.T.);
#574=FACE_BOUND('',#782,.T.);
#575=FACE_BOUND('',#829,.T.);
#576=FACE_BOUND('',#831,.T.);
#577=FACE_BOUND('',#839,.T.);
#578=FACE_BOUND('',#841,.T.);
#579=FACE_OUTER_BOUND('',#705,.T.);
#580=FACE_OUTER_BOUND('',#707,.T.);
#581=FACE_OUTER_BOUND('',#708,.T.);
#582=FACE_OUTER_BOUND('',#709,.T.);
#583=FACE_OUTER_BOUND('',#710,.T.);
#584=FACE_OUTER_BOUND('',#711,.T.);
#585=FACE_OUTER_BOUND('',#712,.T.);
#586=FACE_OUTER_BOUND('',#713,.T.);
#587=FACE_OUTER_BOUND('',#714,.T.);
#588=FACE_OUTER_BOUND('',#715,.T.);
#589=FACE_OUTER_BOUND('',#716,.T.);
#590=FACE_OUTER_BOUND('',#717,.T.);
#591=FACE_OUTER_BOUND('',#718,.T.);
#592=FACE_OUTER_BOUND('',#719,.T.);
#593=FACE_OUTER_BOUND('',#721,.T.);
#594=FACE_OUTER_BOUND('',#722,.T.);
#595=FACE_OUTER_BOUND('',#723,.T.);
#596=FACE_OUTER_BOUND('',#724,.T.);
#597=FACE_OUTER_BOUND('',#725,.T.);
#598=FACE_OUTER_BOUND('',#726,.T.);
#599=FACE_OUTER_BOUND('',#727,.T.);
#600=FACE_OUTER_BOUND('',#728,.T.);
#601=FACE_OUTER_BOUND('',#729,.T.);
#602=FACE_OUTER_BOUND('',#730,.T.);
#603=FACE_OUTER_BOUND('',#731,.T.);
#604=FACE_OUTER_BOUND('',#732,.T.);
#605=FACE_OUTER_BOUND('',#733,.T.);
#606=FACE_OUTER_BOUND('',#734,.T.);
#607=FACE_OUTER_BOUND('',#735,.T.);
#608=FACE_OUTER_BOUND('',#736,.T.);
#609=FACE_OUTER_BOUND('',#737,.T.);
#610=FACE_OUTER_BOUND('',#738,.T.);
#611=FACE_OUTER_BOUND('',#739,.T.);
#612=FACE_OUTER_BOUND('',#740,.T.);
#613=FACE_OUTER_BOUND('',#741,.T.);
#614=FACE_OUTER_BOUND('',#742,.T.);
#615=FACE_OUTER_BOUND('',#743,.T.);
#616=FACE_OUTER_BOUND('',#744,.T.);
#617=FACE_OUTER_BOUND('',#745,.T.);
#618=FACE_OUTER_BOUND('',#746,.T.);
#619=FACE_OUTER_BOUND('',#747,.T.);
#620=FACE_OUTER_BOUND('',#748,.T.);
#621=FACE_OUTER_BOUND('',#749,.T.);
#622=FACE_OUTER_BOUND('',#750,.T.);
#623=FACE_OUTER_BOUND('',#751,.T.);
#624=FACE_OUTER_BOUND('',#752,.T.);
#625=FACE_OUTER_BOUND('',#753,.T.);
#626=FACE_OUTER_BOUND('',#755,.T.);
#627=FACE_OUTER_BOUND('',#756,.T.);
#628=FACE_OUTER_BOUND('',#758,.T.);
#629=FACE_OUTER_BOUND('',#759,.T.);
#630=FACE_OUTER_BOUND('',#760,.T.);
#631=FACE_OUTER_BOUND('',#761,.T.);
#632=FACE_OUTER_BOUND('',#762,.T.);
#633=FACE_OUTER_BOUND('',#763,.T.);
#634=FACE_OUTER_BOUND('',#765,.T.);
#635=FACE_OUTER_BOUND('',#767,.T.);
#636=FACE_OUTER_BOUND('',#768,.T.);
#637=FACE_OUTER_BOUND('',#769,.T.);
#638=FACE_OUTER_BOUND('',#770,.T.);
#639=FACE_OUTER_BOUND('',#771,.T.);
#640=FACE_OUTER_BOUND('',#772,.T.);
#641=FACE_OUTER_BOUND('',#773,.T.);
#642=FACE_OUTER_BOUND('',#774,.T.);
#643=FACE_OUTER_BOUND('',#775,.T.);
#644=FACE_OUTER_BOUND('',#776,.T.);
#645=FACE_OUTER_BOUND('',#777,.T.);
#646=FACE_OUTER_BOUND('',#778,.T.);
#647=FACE_OUTER_BOUND('',#779,.T.);
#648=FACE_OUTER_BOUND('',#780,.T.);
#649=FACE_OUTER_BOUND('',#781,.T.);
#650=FACE_OUTER_BOUND('',#783,.T.);
#651=FACE_OUTER_BOUND('',#784,.T.);
#652=FACE_OUTER_BOUND('',#785,.T.);
#653=FACE_OUTER_BOUND('',#786,.T.);
#654=FACE_OUTER_BOUND('',#787,.T.);
#655=FACE_OUTER_BOUND('',#788,.T.);
#656=FACE_OUTER_BOUND('',#789,.T.);
#657=FACE_OUTER_BOUND('',#790,.T.);
#658=FACE_OUTER_BOUND('',#791,.T.);
#659=FACE_OUTER_BOUND('',#792,.T.);
#660=FACE_OUTER_BOUND('',#793,.T.);
#661=FACE_OUTER_BOUND('',#794,.T.);
#662=FACE_OUTER_BOUND('',#795,.T.);
#663=FACE_OUTER_BOUND('',#796,.T.);
#664=FACE_OUTER_BOUND('',#797,.T.);
#665=FACE_OUTER_BOUND('',#798,.T.);
#666=FACE_OUTER_BOUND('',#799,.T.);
#667=FACE_OUTER_BOUND('',#800,.T.);
#668=FACE_OUTER_BOUND('',#801,.T.);
#669=FACE_OUTER_BOUND('',#802,.T.);
#670=FACE_OUTER_BOUND('',#803,.T.);
#671=FACE_OUTER_BOUND('',#804,.T.);
#672=FACE_OUTER_BOUND('',#805,.T.);
#673=FACE_OUTER_BOUND('',#806,.T.);
#674=FACE_OUTER_BOUND('',#807,.T.);
#675=FACE_OUTER_BOUND('',#808,.T.);
#676=FACE_OUTER_BOUND('',#809,.T.);
#677=FACE_OUTER_BOUND('',#810,.T.);
#678=FACE_OUTER_BOUND('',#811,.T.);
#679=FACE_OUTER_BOUND('',#812,.T.);
#680=FACE_OUTER_BOUND('',#813,.T.);
#681=FACE_OUTER_BOUND('',#814,.T.);
#682=FACE_OUTER_BOUND('',#815,.T.);
#683=FACE_OUTER_BOUND('',#816,.T.);
#684=FACE_OUTER_BOUND('',#817,.T.);
#685=FACE_OUTER_BOUND('',#818,.T.);
#686=FACE_OUTER_BOUND('',#819,.T.);
#687=FACE_OUTER_BOUND('',#820,.T.);
#688=FACE_OUTER_BOUND('',#821,.T.);
#689=FACE_OUTER_BOUND('',#822,.T.);
#690=FACE_OUTER_BOUND('',#823,.T.);
#691=FACE_OUTER_BOUND('',#824,.T.);
#692=FACE_OUTER_BOUND('',#825,.T.);
#693=FACE_OUTER_BOUND('',#826,.T.);
#694=FACE_OUTER_BOUND('',#827,.T.);
#695=FACE_OUTER_BOUND('',#828,.T.);
#696=FACE_OUTER_BOUND('',#830,.T.);
#697=FACE_OUTER_BOUND('',#832,.T.);
#698=FACE_OUTER_BOUND('',#833,.T.);
#699=FACE_OUTER_BOUND('',#834,.T.);
#700=FACE_OUTER_BOUND('',#835,.T.);
#701=FACE_OUTER_BOUND('',#836,.T.);
#702=FACE_OUTER_BOUND('',#837,.T.);
#703=FACE_OUTER_BOUND('',#838,.T.);
#704=FACE_OUTER_BOUND('',#840,.T.);
#705=EDGE_LOOP('',(#1384));
#706=EDGE_LOOP('',(#1385));
#707=EDGE_LOOP('',(#1386,#1387,#1388,#1389,#1390));
#708=EDGE_LOOP('',(#1391,#1392,#1393,#1394));
#709=EDGE_LOOP('',(#1395,#1396,#1397,#1398));
#710=EDGE_LOOP('',(#1399,#1400,#1401,#1402));
#711=EDGE_LOOP('',(#1403,#1404,#1405,#1406));
#712=EDGE_LOOP('',(#1407,#1408,#1409,#1410,#1411));
#713=EDGE_LOOP('',(#1412,#1413,#1414,#1415,#1416,#1417,#1418));
#714=EDGE_LOOP('',(#1419,#1420,#1421,#1422,#1423,#1424));
#715=EDGE_LOOP('',(#1425,#1426,#1427));
#716=EDGE_LOOP('',(#1428,#1429,#1430));
#717=EDGE_LOOP('',(#1431,#1432,#1433,#1434,#1435,#1436,#1437,#1438,#1439,
#1440,#1441,#1442));
#718=EDGE_LOOP('',(#1443,#1444,#1445,#1446));
#719=EDGE_LOOP('',(#1447,#1448,#1449,#1450,#1451,#1452,#1453,#1454,#1455));
#720=EDGE_LOOP('',(#1456));
#721=EDGE_LOOP('',(#1457,#1458,#1459,#1460));
#722=EDGE_LOOP('',(#1461,#1462,#1463,#1464));
#723=EDGE_LOOP('',(#1465,#1466,#1467,#1468));
#724=EDGE_LOOP('',(#1469,#1470,#1471,#1472));
#725=EDGE_LOOP('',(#1473,#1474,#1475,#1476));
#726=EDGE_LOOP('',(#1477,#1478,#1479,#1480));
#727=EDGE_LOOP('',(#1481,#1482,#1483,#1484));
#728=EDGE_LOOP('',(#1485,#1486,#1487,#1488));
#729=EDGE_LOOP('',(#1489,#1490,#1491,#1492));
#730=EDGE_LOOP('',(#1493,#1494,#1495,#1496));
#731=EDGE_LOOP('',(#1497,#1498,#1499,#1500));
#732=EDGE_LOOP('',(#1501,#1502,#1503,#1504));
#733=EDGE_LOOP('',(#1505,#1506,#1507,#1508));
#734=EDGE_LOOP('',(#1509,#1510,#1511,#1512,#1513,#1514,#1515,#1516));
#735=EDGE_LOOP('',(#1517,#1518,#1519,#1520));
#736=EDGE_LOOP('',(#1521,#1522));
#737=EDGE_LOOP('',(#1523,#1524,#1525,#1526));
#738=EDGE_LOOP('',(#1527,#1528));
#739=EDGE_LOOP('',(#1529,#1530,#1531,#1532));
#740=EDGE_LOOP('',(#1533,#1534,#1535,#1536));
#741=EDGE_LOOP('',(#1537,#1538,#1539,#1540));
#742=EDGE_LOOP('',(#1541,#1542,#1543,#1544));
#743=EDGE_LOOP('',(#1545,#1546,#1547,#1548));
#744=EDGE_LOOP('',(#1549,#1550,#1551,#1552,#1553,#1554));
#745=EDGE_LOOP('',(#1555,#1556,#1557,#1558));
#746=EDGE_LOOP('',(#1559,#1560,#1561,#1562));
#747=EDGE_LOOP('',(#1563,#1564,#1565,#1566,#1567,#1568));
#748=EDGE_LOOP('',(#1569,#1570,#1571,#1572));
#749=EDGE_LOOP('',(#1573,#1574,#1575,#1576));
#750=EDGE_LOOP('',(#1577,#1578,#1579,#1580));
#751=EDGE_LOOP('',(#1581,#1582,#1583,#1584));
#752=EDGE_LOOP('',(#1585,#1586,#1587,#1588));
#753=EDGE_LOOP('',(#1589,#1590,#1591,#1592));
#754=EDGE_LOOP('',(#1593));
#755=EDGE_LOOP('',(#1594,#1595,#1596,#1597));
#756=EDGE_LOOP('',(#1598,#1599,#1600,#1601));
#757=EDGE_LOOP('',(#1602));
#758=EDGE_LOOP('',(#1603,#1604,#1605,#1606));
#759=EDGE_LOOP('',(#1607,#1608,#1609,#1610));
#760=EDGE_LOOP('',(#1611,#1612,#1613,#1614,#1615,#1616,#1617,#1618,#1619,
#1620,#1621,#1622,#1623,#1624,#1625,#1626));
#761=EDGE_LOOP('',(#1627,#1628,#1629,#1630));
#762=EDGE_LOOP('',(#1631));
#763=EDGE_LOOP('',(#1632,#1633,#1634,#1635));
#764=EDGE_LOOP('',(#1636));
#765=EDGE_LOOP('',(#1637,#1638,#1639,#1640));
#766=EDGE_LOOP('',(#1641));
#767=EDGE_LOOP('',(#1642,#1643,#1644,#1645));
#768=EDGE_LOOP('',(#1646,#1647,#1648,#1649));
#769=EDGE_LOOP('',(#1650,#1651,#1652,#1653));
#770=EDGE_LOOP('',(#1654,#1655,#1656,#1657));
#771=EDGE_LOOP('',(#1658,#1659,#1660,#1661));
#772=EDGE_LOOP('',(#1662,#1663,#1664,#1665));
#773=EDGE_LOOP('',(#1666,#1667,#1668,#1669));
#774=EDGE_LOOP('',(#1670,#1671,#1672,#1673));
#775=EDGE_LOOP('',(#1674,#1675,#1676,#1677));
#776=EDGE_LOOP('',(#1678,#1679,#1680,#1681));
#777=EDGE_LOOP('',(#1682,#1683,#1684,#1685));
#778=EDGE_LOOP('',(#1686,#1687,#1688,#1689));
#779=EDGE_LOOP('',(#1690,#1691,#1692,#1693));
#780=EDGE_LOOP('',(#1694,#1695,#1696,#1697));
#781=EDGE_LOOP('',(#1698,#1699,#1700,#1701,#1702,#1703,#1704,#1705,#1706));
#782=EDGE_LOOP('',(#1707,#1708,#1709,#1710,#1711,#1712,#1713,#1714,#1715,
#1716,#1717,#1718,#1719,#1720,#1721,#1722,#1723,#1724,#1725,#1726));
#783=EDGE_LOOP('',(#1727,#1728,#1729,#1730));
#784=EDGE_LOOP('',(#1731,#1732,#1733,#1734));
#785=EDGE_LOOP('',(#1735,#1736,#1737,#1738));
#786=EDGE_LOOP('',(#1739,#1740,#1741,#1742));
#787=EDGE_LOOP('',(#1743,#1744,#1745,#1746));
#788=EDGE_LOOP('',(#1747,#1748,#1749,#1750));
#789=EDGE_LOOP('',(#1751,#1752,#1753,#1754,#1755,#1756,#1757,#1758,#1759,
#1760,#1761,#1762,#1763,#1764,#1765,#1766,#1767,#1768,#1769,#1770));
#790=EDGE_LOOP('',(#1771,#1772,#1773,#1774,#1775));
#791=EDGE_LOOP('',(#1776,#1777,#1778,#1779));
#792=EDGE_LOOP('',(#1780,#1781,#1782,#1783));
#793=EDGE_LOOP('',(#1784,#1785,#1786,#1787));
#794=EDGE_LOOP('',(#1788,#1789,#1790,#1791));
#795=EDGE_LOOP('',(#1792,#1793,#1794,#1795,#1796));
#796=EDGE_LOOP('',(#1797,#1798,#1799,#1800,#1801,#1802,#1803));
#797=EDGE_LOOP('',(#1804,#1805,#1806));
#798=EDGE_LOOP('',(#1807,#1808,#1809,#1810,#1811,#1812));
#799=EDGE_LOOP('',(#1813,#1814,#1815));
#800=EDGE_LOOP('',(#1816,#1817,#1818,#1819,#1820,#1821,#1822,#1823,#1824,
#1825,#1826,#1827));
#801=EDGE_LOOP('',(#1828,#1829,#1830,#1831));
#802=EDGE_LOOP('',(#1832,#1833,#1834,#1835));
#803=EDGE_LOOP('',(#1836,#1837,#1838,#1839));
#804=EDGE_LOOP('',(#1840,#1841,#1842,#1843));
#805=EDGE_LOOP('',(#1844,#1845,#1846,#1847));
#806=EDGE_LOOP('',(#1848,#1849,#1850,#1851));
#807=EDGE_LOOP('',(#1852,#1853,#1854,#1855));
#808=EDGE_LOOP('',(#1856,#1857,#1858,#1859));
#809=EDGE_LOOP('',(#1860,#1861,#1862,#1863));
#810=EDGE_LOOP('',(#1864,#1865,#1866,#1867));
#811=EDGE_LOOP('',(#1868,#1869,#1870,#1871));
#812=EDGE_LOOP('',(#1872,#1873,#1874,#1875));
#813=EDGE_LOOP('',(#1876,#1877,#1878,#1879,#1880,#1881,#1882,#1883));
#814=EDGE_LOOP('',(#1884,#1885,#1886,#1887));
#815=EDGE_LOOP('',(#1888,#1889));
#816=EDGE_LOOP('',(#1890,#1891,#1892,#1893));
#817=EDGE_LOOP('',(#1894,#1895));
#818=EDGE_LOOP('',(#1896,#1897,#1898,#1899));
#819=EDGE_LOOP('',(#1900,#1901,#1902,#1903,#1904,#1905,#1906,#1907,#1908,
#1909,#1910,#1911,#1912,#1913,#1914,#1915));
#820=EDGE_LOOP('',(#1916,#1917,#1918,#1919));
#821=EDGE_LOOP('',(#1920,#1921,#1922,#1923));
#822=EDGE_LOOP('',(#1924,#1925,#1926,#1927,#1928,#1929));
#823=EDGE_LOOP('',(#1930,#1931,#1932,#1933));
#824=EDGE_LOOP('',(#1934,#1935,#1936,#1937));
#825=EDGE_LOOP('',(#1938,#1939,#1940,#1941,#1942,#1943));
#826=EDGE_LOOP('',(#1944,#1945,#1946,#1947));
#827=EDGE_LOOP('',(#1948,#1949,#1950,#1951,#1952,#1953));
#828=EDGE_LOOP('',(#1954,#1955,#1956,#1957));
#829=EDGE_LOOP('',(#1958));
#830=EDGE_LOOP('',(#1959,#1960,#1961,#1962));
#831=EDGE_LOOP('',(#1963));
#832=EDGE_LOOP('',(#1964,#1965,#1966,#1967));
#833=EDGE_LOOP('',(#1968,#1969,#1970,#1971));
#834=EDGE_LOOP('',(#1972,#1973,#1974,#1975,#1976,#1977));
#835=EDGE_LOOP('',(#1978,#1979,#1980,#1981));
#836=EDGE_LOOP('',(#1982,#1983,#1984,#1985));
#837=EDGE_LOOP('',(#1986,#1987,#1988,#1989));
#838=EDGE_LOOP('',(#1990,#1991,#1992,#1993));
#839=EDGE_LOOP('',(#1994));
#840=EDGE_LOOP('',(#1995,#1996,#1997,#1998));
#841=EDGE_LOOP('',(#1999));
#842=CIRCLE('',#2249,3.50000000000001);
#843=CIRCLE('',#2250,2.6);
#844=CIRCLE('',#2255,5.5);
#845=CIRCLE('',#2256,6.49999999999999);
#846=CIRCLE('',#2265,4.20000000000002);
#847=CIRCLE('',#2266,3.50000000000001);
#848=CIRCLE('',#2268,5.79999999999999);
#849=CIRCLE('',#2276,6.49999999999999);
#850=CIRCLE('',#2285,3.25);
#851=CIRCLE('',#2287,3.25);
#852=CIRCLE('',#2303,1.7);
#853=CIRCLE('',#2306,1.7);
#854=CIRCLE('',#2308,1.7);
#855=CIRCLE('',#2310,1.7);
#856=CIRCLE('',#2313,2.6);
#857=CIRCLE('',#2320,2.5);
#858=CIRCLE('',#2321,2.5);
#859=CIRCLE('',#2325,2.5);
#860=CIRCLE('',#2326,2.5);
#861=CIRCLE('',#2330,2.5);
#862=CIRCLE('',#2331,2.5);
#863=CIRCLE('',#2334,0.662419915334867);
#864=CIRCLE('',#2335,0.662419915334867);
#865=CIRCLE('',#2337,0.662419915334868);
#866=CIRCLE('',#2338,0.662419915334868);
#867=CIRCLE('',#2341,2.5);
#868=CIRCLE('',#2342,2.5);
#869=CIRCLE('',#2345,5.79999999999999);
#870=CIRCLE('',#2346,0.662419915334936);
#871=CIRCLE('',#2347,0.662419915334883);
#872=CIRCLE('',#2348,0.66241991533483);
#873=CIRCLE('',#2349,2.5);
#874=CIRCLE('',#2352,0.66241991533483);
#875=CIRCLE('',#2354,0.662419915334883);
#876=CIRCLE('',#2356,0.662419915334936);
#877=CIRCLE('',#2358,2.5);
#878=CIRCLE('',#2365,5.5);
#879=CIRCLE('',#2366,6.49999999999999);
#880=CIRCLE('',#2380,6.49999999999999);
#881=CIRCLE('',#2389,3.25);
#882=CIRCLE('',#2391,3.25);
#883=CIRCLE('',#2403,1.7);
#884=CIRCLE('',#2405,1.7);
#885=CIRCLE('',#2407,1.7);
#886=CIRCLE('',#2409,1.7);
#887=VERTEX_POINT('',#3012);
#888=VERTEX_POINT('',#3014);
#889=VERTEX_POINT('',#3017);
#890=VERTEX_POINT('',#3018);
#891=VERTEX_POINT('',#3020);
#892=VERTEX_POINT('',#3022);
#893=VERTEX_POINT('',#3024);
#894=VERTEX_POINT('',#3028);
#895=VERTEX_POINT('',#3030);
#896=VERTEX_POINT('',#3034);
#897=VERTEX_POINT('',#3036);
#898=VERTEX_POINT('',#3040);
#899=VERTEX_POINT('',#3041);
#900=VERTEX_POINT('',#3046);
#901=VERTEX_POINT('',#3048);
#902=VERTEX_POINT('',#3052);
#903=VERTEX_POINT('',#3054);
#904=VERTEX_POINT('',#3056);
#905=VERTEX_POINT('',#3062);
#906=VERTEX_POINT('',#3064);
#907=VERTEX_POINT('',#3072);
#908=VERTEX_POINT('',#3074);
#909=VERTEX_POINT('',#3076);
#910=VERTEX_POINT('',#3078);
#911=VERTEX_POINT('',#3080);
#912=VERTEX_POINT('',#3082);
#913=VERTEX_POINT('',#3084);
#914=VERTEX_POINT('',#3086);
#915=VERTEX_POINT('',#3088);
#916=VERTEX_POINT('',#3090);
#917=VERTEX_POINT('',#3094);
#918=VERTEX_POINT('',#3096);
#919=VERTEX_POINT('',#3100);
#920=VERTEX_POINT('',#3101);
#921=VERTEX_POINT('',#3103);
#922=VERTEX_POINT('',#3105);
#923=VERTEX_POINT('',#3107);
#924=VERTEX_POINT('',#3109);
#925=VERTEX_POINT('',#3111);
#926=VERTEX_POINT('',#3113);
#927=VERTEX_POINT('',#3115);
#928=VERTEX_POINT('',#3121);
#929=VERTEX_POINT('',#3126);
#930=VERTEX_POINT('',#3127);
#931=VERTEX_POINT('',#3132);
#932=VERTEX_POINT('',#3136);
#933=VERTEX_POINT('',#3140);
#934=VERTEX_POINT('',#3144);
#935=VERTEX_POINT('',#3160);
#936=VERTEX_POINT('',#3162);
#937=VERTEX_POINT('',#3218);
#938=VERTEX_POINT('',#3220);
#939=VERTEX_POINT('',#3325);
#940=VERTEX_POINT('',#3332);
#941=VERTEX_POINT('',#3408);
#942=VERTEX_POINT('',#3415);
#943=VERTEX_POINT('',#3444);
#944=VERTEX_POINT('',#3446);
#945=VERTEX_POINT('',#3450);
#946=VERTEX_POINT('',#3457);
#947=VERTEX_POINT('',#3459);
#948=VERTEX_POINT('',#3463);
#949=VERTEX_POINT('',#3467);
#950=VERTEX_POINT('',#3472);
#951=VERTEX_POINT('',#3473);
#952=VERTEX_POINT('',#3475);
#953=VERTEX_POINT('',#3477);
#954=VERTEX_POINT('',#3481);
#955=VERTEX_POINT('',#3483);
#956=VERTEX_POINT('',#3487);
#957=VERTEX_POINT('',#3498);
#958=VERTEX_POINT('',#3503);
#959=VERTEX_POINT('',#3506);
#960=VERTEX_POINT('',#3511);
#961=VERTEX_POINT('',#3514);
#962=VERTEX_POINT('',#3518);
#963=VERTEX_POINT('',#3525);
#964=VERTEX_POINT('',#3533);
#965=VERTEX_POINT('',#3534);
#966=VERTEX_POINT('',#3536);
#967=VERTEX_POINT('',#3538);
#968=VERTEX_POINT('',#3542);
#969=VERTEX_POINT('',#3543);
#970=VERTEX_POINT('',#3548);
#971=VERTEX_POINT('',#3549);
#972=VERTEX_POINT('',#3554);
#973=VERTEX_POINT('',#3555);
#974=VERTEX_POINT('',#3557);
#975=VERTEX_POINT('',#3559);
#976=VERTEX_POINT('',#3563);
#977=VERTEX_POINT('',#3564);
#978=VERTEX_POINT('',#3569);
#979=VERTEX_POINT('',#3570);
#980=VERTEX_POINT('',#3575);
#981=VERTEX_POINT('',#3576);
#982=VERTEX_POINT('',#3578);
#983=VERTEX_POINT('',#3580);
#984=VERTEX_POINT('',#3584);
#985=VERTEX_POINT('',#3585);
#986=VERTEX_POINT('',#3590);
#987=VERTEX_POINT('',#3591);
#988=VERTEX_POINT('',#3596);
#989=VERTEX_POINT('',#3598);
#990=VERTEX_POINT('',#3602);
#991=VERTEX_POINT('',#3603);
#992=VERTEX_POINT('',#3605);
#993=VERTEX_POINT('',#3607);
#994=VERTEX_POINT('',#3611);
#995=VERTEX_POINT('',#3612);
#996=VERTEX_POINT('',#3614);
#997=VERTEX_POINT('',#3616);
#998=VERTEX_POINT('',#3620);
#999=VERTEX_POINT('',#3621);
#1000=VERTEX_POINT('',#3629);
#1001=VERTEX_POINT('',#3630);
#1002=VERTEX_POINT('',#3632);
#1003=VERTEX_POINT('',#3634);
#1004=VERTEX_POINT('',#3636);
#1005=VERTEX_POINT('',#3638);
#1006=VERTEX_POINT('',#3640);
#1007=VERTEX_POINT('',#3642);
#1008=VERTEX_POINT('',#3644);
#1009=VERTEX_POINT('',#3650);
#1010=VERTEX_POINT('',#3652);
#1011=VERTEX_POINT('',#3656);
#1012=VERTEX_POINT('',#3666);
#1013=VERTEX_POINT('',#3673);
#1014=VERTEX_POINT('',#3674);
#1015=VERTEX_POINT('',#3676);
#1016=VERTEX_POINT('',#3678);
#1017=VERTEX_POINT('',#3680);
#1018=VERTEX_POINT('',#3684);
#1019=VERTEX_POINT('',#3686);
#1020=VERTEX_POINT('',#3690);
#1021=VERTEX_POINT('',#3692);
#1022=VERTEX_POINT('',#3696);
#1023=VERTEX_POINT('',#3697);
#1024=VERTEX_POINT('',#3702);
#1025=VERTEX_POINT('',#3704);
#1026=VERTEX_POINT('',#3708);
#1027=VERTEX_POINT('',#3710);
#1028=VERTEX_POINT('',#3712);
#1029=VERTEX_POINT('',#3718);
#1030=VERTEX_POINT('',#3722);
#1031=VERTEX_POINT('',#3728);
#1032=VERTEX_POINT('',#3730);
#1033=VERTEX_POINT('',#3732);
#1034=VERTEX_POINT('',#3734);
#1035=VERTEX_POINT('',#3736);
#1036=VERTEX_POINT('',#3738);
#1037=VERTEX_POINT('',#3740);
#1038=VERTEX_POINT('',#3742);
#1039=VERTEX_POINT('',#3744);
#1040=VERTEX_POINT('',#3746);
#1041=VERTEX_POINT('',#3750);
#1042=VERTEX_POINT('',#3755);
#1043=VERTEX_POINT('',#3756);
#1044=VERTEX_POINT('',#3761);
#1045=VERTEX_POINT('',#3765);
#1046=VERTEX_POINT('',#3769);
#1047=VERTEX_POINT('',#3773);
#1048=VERTEX_POINT('',#3789);
#1049=VERTEX_POINT('',#3791);
#1050=VERTEX_POINT('',#3847);
#1051=VERTEX_POINT('',#3849);
#1052=VERTEX_POINT('',#3954);
#1053=VERTEX_POINT('',#3961);
#1054=VERTEX_POINT('',#4037);
#1055=VERTEX_POINT('',#4044);
#1056=VERTEX_POINT('',#4073);
#1057=VERTEX_POINT('',#4075);
#1058=VERTEX_POINT('',#4081);
#1059=VERTEX_POINT('',#4083);
#1060=VERTEX_POINT('',#4085);
#1061=VERTEX_POINT('',#4087);
#1062=VERTEX_POINT('',#4089);
#1063=VERTEX_POINT('',#4091);
#1064=VERTEX_POINT('',#4093);
#1065=VERTEX_POINT('',#4097);
#1066=VERTEX_POINT('',#4101);
#1067=VERTEX_POINT('',#4105);
#1068=VERTEX_POINT('',#4112);
#1069=VERTEX_POINT('',#4114);
#1070=VERTEX_POINT('',#4118);
#1071=VERTEX_POINT('',#4123);
#1072=VERTEX_POINT('',#4130);
#1073=VERTEX_POINT('',#4134);
#1074=VERTEX_POINT('',#4137);
#1075=VERTEX_POINT('',#4141);
#1076=EDGE_CURVE('',#887,#887,#842,.T.);
#1077=EDGE_CURVE('',#888,#888,#843,.T.);
#1078=EDGE_CURVE('',#889,#890,#74,.T.);
#1079=EDGE_CURVE('',#890,#891,#75,.T.);
#1080=EDGE_CURVE('',#891,#892,#76,.T.);
#1081=EDGE_CURVE('',#892,#893,#77,.T.);
#1082=EDGE_CURVE('',#893,#889,#78,.T.);
#1083=EDGE_CURVE('',#894,#889,#79,.T.);
#1084=EDGE_CURVE('',#893,#895,#80,.T.);
#1085=EDGE_CURVE('',#895,#894,#81,.T.);
#1086=EDGE_CURVE('',#895,#896,#82,.T.);
#1087=EDGE_CURVE('',#896,#897,#83,.T.);
#1088=EDGE_CURVE('',#897,#894,#84,.T.);
#1089=EDGE_CURVE('',#898,#899,#85,.T.);
#1090=EDGE_CURVE('',#899,#897,#844,.T.);
#1091=EDGE_CURVE('',#896,#898,#845,.T.);
#1092=EDGE_CURVE('',#900,#899,#86,.T.);
#1093=EDGE_CURVE('',#898,#901,#87,.T.);
#1094=EDGE_CURVE('',#901,#900,#88,.T.);
#1095=EDGE_CURVE('',#901,#902,#89,.T.);
#1096=EDGE_CURVE('',#902,#903,#90,.T.);
#1097=EDGE_CURVE('',#903,#904,#91,.T.);
#1098=EDGE_CURVE('',#904,#900,#92,.T.);
#1099=EDGE_CURVE('',#890,#904,#93,.T.);
#1100=EDGE_CURVE('',#903,#905,#94,.T.);
#1101=EDGE_CURVE('',#905,#906,#95,.T.);
#1102=EDGE_CURVE('',#906,#891,#96,.T.);
#1103=EDGE_CURVE('',#902,#905,#97,.T.);
#1104=EDGE_CURVE('',#906,#892,#98,.T.);
#1105=EDGE_CURVE('',#907,#892,#99,.T.);
#1106=EDGE_CURVE('',#907,#908,#100,.T.);
#1107=EDGE_CURVE('',#908,#909,#101,.T.);
#1108=EDGE_CURVE('',#910,#909,#102,.T.);
#1109=EDGE_CURVE('',#911,#910,#103,.T.);
#1110=EDGE_CURVE('',#911,#912,#104,.T.);
#1111=EDGE_CURVE('',#912,#913,#105,.T.);
#1112=EDGE_CURVE('',#914,#913,#106,.T.);
#1113=EDGE_CURVE('',#915,#914,#107,.T.);
#1114=EDGE_CURVE('',#916,#915,#108,.T.);
#1115=EDGE_CURVE('',#893,#916,#109,.T.);
#1116=EDGE_CURVE('',#917,#917,#846,.T.);
#1117=EDGE_CURVE('',#917,#918,#110,.T.);
#1118=EDGE_CURVE('',#918,#918,#847,.T.);
#1119=EDGE_CURVE('',#919,#920,#111,.T.);
#1120=EDGE_CURVE('',#921,#919,#848,.T.);
#1121=EDGE_CURVE('',#922,#921,#112,.T.);
#1122=EDGE_CURVE('',#923,#922,#113,.T.);
#1123=EDGE_CURVE('',#924,#923,#114,.T.);
#1124=EDGE_CURVE('',#925,#924,#115,.T.);
#1125=EDGE_CURVE('',#926,#925,#116,.T.);
#1126=EDGE_CURVE('',#927,#926,#117,.T.);
#1127=EDGE_CURVE('',#920,#927,#118,.T.);
#1128=EDGE_CURVE('',#918,#887,#119,.T.);
#1129=EDGE_CURVE('',#922,#928,#120,.T.);
#1130=EDGE_CURVE('',#928,#916,#121,.T.);
#1131=EDGE_CURVE('',#916,#923,#122,.T.);
#1132=EDGE_CURVE('',#929,#930,#123,.T.);
#1133=EDGE_CURVE('',#930,#919,#124,.T.);
#1134=EDGE_CURVE('',#920,#929,#125,.T.);
#1135=EDGE_CURVE('',#927,#931,#126,.T.);
#1136=EDGE_CURVE('',#931,#929,#127,.T.);
#1137=EDGE_CURVE('',#932,#931,#128,.T.);
#1138=EDGE_CURVE('',#926,#932,#129,.T.);
#1139=EDGE_CURVE('',#933,#932,#130,.T.);
#1140=EDGE_CURVE('',#925,#933,#131,.T.);
#1141=EDGE_CURVE('',#934,#921,#132,.T.);
#1142=EDGE_CURVE('',#930,#934,#849,.T.);
#1143=EDGE_CURVE('',#934,#928,#133,.T.);
#1144=EDGE_CURVE('',#915,#933,#134,.T.);
#1145=EDGE_CURVE('',#924,#915,#135,.T.);
#1146=EDGE_CURVE('',#895,#928,#136,.T.);
#1147=EDGE_CURVE('',#896,#934,#137,.T.);
#1148=EDGE_CURVE('',#898,#930,#138,.T.);
#1149=EDGE_CURVE('',#935,#929,#139,.T.);
#1150=EDGE_CURVE('',#936,#935,#31,.T.);
#1151=EDGE_CURVE('',#937,#936,#140,.T.);
#1152=EDGE_CURVE('',#938,#937,#32,.T.);
#1153=EDGE_CURVE('',#901,#938,#141,.T.);
#1154=EDGE_CURVE('',#936,#939,#33,.T.);
#1155=EDGE_CURVE('',#935,#940,#34,.F.);
#1156=EDGE_CURVE('',#940,#939,#35,.T.);
#1157=EDGE_CURVE('',#940,#939,#850,.T.);
#1158=EDGE_CURVE('',#938,#941,#36,.T.);
#1159=EDGE_CURVE('',#937,#942,#37,.F.);
#1160=EDGE_CURVE('',#942,#941,#38,.T.);
#1161=EDGE_CURVE('',#942,#941,#851,.T.);
#1162=EDGE_CURVE('',#932,#943,#142,.T.);
#1163=EDGE_CURVE('',#943,#944,#143,.T.);
#1164=EDGE_CURVE('',#944,#931,#144,.T.);
#1165=EDGE_CURVE('',#945,#943,#145,.T.);
#1166=EDGE_CURVE('',#914,#945,#146,.T.);
#1167=EDGE_CURVE('',#944,#914,#147,.T.);
#1168=EDGE_CURVE('',#945,#933,#148,.T.);
#1169=EDGE_CURVE('',#902,#946,#149,.T.);
#1170=EDGE_CURVE('',#946,#947,#150,.T.);
#1171=EDGE_CURVE('',#947,#905,#151,.T.);
#1172=EDGE_CURVE('',#947,#948,#152,.T.);
#1173=EDGE_CURVE('',#906,#948,#153,.T.);
#1174=EDGE_CURVE('',#949,#946,#154,.T.);
#1175=EDGE_CURVE('',#949,#908,#155,.T.);
#1176=EDGE_CURVE('',#948,#907,#156,.T.);
#1177=EDGE_CURVE('',#950,#951,#157,.T.);
#1178=EDGE_CURVE('',#951,#952,#158,.T.);
#1179=EDGE_CURVE('',#952,#953,#159,.T.);
#1180=EDGE_CURVE('',#953,#950,#160,.T.);
#1181=EDGE_CURVE('',#951,#954,#161,.T.);
#1182=EDGE_CURVE('',#955,#954,#162,.T.);
#1183=EDGE_CURVE('',#955,#952,#163,.T.);
#1184=EDGE_CURVE('',#956,#950,#164,.T.);
#1185=EDGE_CURVE('',#956,#912,#165,.T.);
#1186=EDGE_CURVE('',#954,#911,#166,.T.);
#1187=EDGE_CURVE('',#910,#955,#167,.T.);
#1188=EDGE_CURVE('',#953,#910,#168,.T.);
#1189=EDGE_CURVE('',#913,#957,#169,.T.);
#1190=EDGE_CURVE('',#957,#944,#170,.T.);
#1191=EDGE_CURVE('',#957,#956,#171,.T.);
#1192=EDGE_CURVE('',#958,#958,#852,.T.);
#1193=EDGE_CURVE('',#909,#959,#172,.T.);
#1194=EDGE_CURVE('',#959,#953,#173,.T.);
#1195=EDGE_CURVE('',#959,#949,#174,.T.);
#1196=EDGE_CURVE('',#960,#960,#853,.T.);
#1197=EDGE_CURVE('',#961,#961,#854,.T.);
#1198=EDGE_CURVE('',#961,#960,#175,.T.);
#1199=EDGE_CURVE('',#962,#962,#855,.T.);
#1200=EDGE_CURVE('',#962,#958,#176,.T.);
#1201=EDGE_CURVE('',#938,#937,#177,.T.);
#1202=EDGE_CURVE('',#936,#935,#178,.T.);
#1203=EDGE_CURVE('',#888,#963,#179,.T.);
#1204=EDGE_CURVE('',#963,#963,#856,.F.);
#1205=EDGE_CURVE('',#964,#965,#180,.T.);
#1206=EDGE_CURVE('',#965,#966,#181,.T.);
#1207=EDGE_CURVE('',#967,#966,#182,.T.);
#1208=EDGE_CURVE('',#967,#964,#183,.T.);
#1209=EDGE_CURVE('',#968,#969,#184,.T.);
#1210=EDGE_CURVE('',#969,#965,#857,.T.);
#1211=EDGE_CURVE('',#964,#968,#858,.T.);
#1212=EDGE_CURVE('',#970,#971,#185,.T.);
#1213=EDGE_CURVE('',#971,#969,#186,.T.);
#1214=EDGE_CURVE('',#968,#970,#187,.T.);
#1215=EDGE_CURVE('',#972,#973,#188,.T.);
#1216=EDGE_CURVE('',#973,#974,#189,.T.);
#1217=EDGE_CURVE('',#975,#974,#190,.T.);
#1218=EDGE_CURVE('',#975,#972,#191,.T.);
#1219=EDGE_CURVE('',#976,#977,#192,.T.);
#1220=EDGE_CURVE('',#977,#973,#859,.T.);
#1221=EDGE_CURVE('',#972,#976,#860,.T.);
#1222=EDGE_CURVE('',#978,#979,#193,.T.);
#1223=EDGE_CURVE('',#979,#977,#194,.T.);
#1224=EDGE_CURVE('',#976,#978,#195,.T.);
#1225=EDGE_CURVE('',#980,#981,#196,.T.);
#1226=EDGE_CURVE('',#981,#982,#197,.T.);
#1227=EDGE_CURVE('',#983,#982,#198,.T.);
#1228=EDGE_CURVE('',#983,#980,#199,.T.);
#1229=EDGE_CURVE('',#984,#985,#200,.T.);
#1230=EDGE_CURVE('',#985,#981,#861,.T.);
#1231=EDGE_CURVE('',#980,#984,#862,.T.);
#1232=EDGE_CURVE('',#986,#987,#201,.T.);
#1233=EDGE_CURVE('',#987,#985,#202,.T.);
#1234=EDGE_CURVE('',#984,#986,#203,.T.);
#1235=EDGE_CURVE('',#982,#988,#863,.T.);
#1236=EDGE_CURVE('',#989,#988,#204,.T.);
#1237=EDGE_CURVE('',#989,#983,#864,.T.);
#1238=EDGE_CURVE('',#990,#991,#205,.T.);
#1239=EDGE_CURVE('',#991,#992,#865,.T.);
#1240=EDGE_CURVE('',#993,#992,#206,.T.);
#1241=EDGE_CURVE('',#993,#990,#866,.T.);
#1242=EDGE_CURVE('',#994,#995,#207,.T.);
#1243=EDGE_CURVE('',#995,#996,#208,.T.);
#1244=EDGE_CURVE('',#997,#996,#209,.T.);
#1245=EDGE_CURVE('',#997,#994,#210,.T.);
#1246=EDGE_CURVE('',#998,#999,#211,.T.);
#1247=EDGE_CURVE('',#999,#995,#867,.T.);
#1248=EDGE_CURVE('',#994,#998,#868,.T.);
#1249=EDGE_CURVE('',#992,#999,#212,.T.);
#1250=EDGE_CURVE('',#998,#993,#213,.T.);
#1251=EDGE_CURVE('',#1000,#1001,#214,.T.);
#1252=EDGE_CURVE('',#1002,#1000,#869,.T.);
#1253=EDGE_CURVE('',#1003,#1002,#215,.T.);
#1254=EDGE_CURVE('',#1004,#1003,#216,.T.);
#1255=EDGE_CURVE('',#1005,#1004,#217,.T.);
#1256=EDGE_CURVE('',#1006,#1005,#218,.T.);
#1257=EDGE_CURVE('',#1007,#1006,#219,.T.);
#1258=EDGE_CURVE('',#1008,#1007,#220,.T.);
#1259=EDGE_CURVE('',#1001,#1008,#221,.T.);
#1260=EDGE_CURVE('',#970,#997,#870,.T.);
#1261=EDGE_CURVE('',#978,#967,#871,.T.);
#1262=EDGE_CURVE('',#986,#975,#872,.T.);
#1263=EDGE_CURVE('',#1009,#989,#222,.T.);
#1264=EDGE_CURVE('',#1010,#1009,#873,.T.);
#1265=EDGE_CURVE('',#990,#1010,#223,.T.);
#1266=EDGE_CURVE('',#1010,#1011,#224,.T.);
#1267=EDGE_CURVE('',#1011,#991,#225,.T.);
#1268=EDGE_CURVE('',#974,#987,#874,.T.);
#1269=EDGE_CURVE('',#966,#979,#875,.T.);
#1270=EDGE_CURVE('',#996,#971,#876,.T.);
#1271=EDGE_CURVE('',#1009,#1012,#226,.T.);
#1272=EDGE_CURVE('',#1012,#1011,#877,.T.);
#1273=EDGE_CURVE('',#988,#1012,#227,.T.);
#1274=EDGE_CURVE('',#1013,#1014,#228,.T.);
#1275=EDGE_CURVE('',#1014,#1015,#229,.T.);
#1276=EDGE_CURVE('',#1015,#1016,#230,.T.);
#1277=EDGE_CURVE('',#1016,#1017,#231,.T.);
#1278=EDGE_CURVE('',#1017,#1013,#232,.T.);
#1279=EDGE_CURVE('',#1018,#1013,#233,.T.);
#1280=EDGE_CURVE('',#1017,#1019,#234,.T.);
#1281=EDGE_CURVE('',#1019,#1018,#235,.T.);
#1282=EDGE_CURVE('',#1019,#1020,#236,.T.);
#1283=EDGE_CURVE('',#1020,#1021,#237,.T.);
#1284=EDGE_CURVE('',#1021,#1018,#238,.T.);
#1285=EDGE_CURVE('',#1022,#1023,#239,.T.);
#1286=EDGE_CURVE('',#1023,#1021,#878,.T.);
#1287=EDGE_CURVE('',#1020,#1022,#879,.T.);
#1288=EDGE_CURVE('',#1024,#1023,#240,.T.);
#1289=EDGE_CURVE('',#1022,#1025,#241,.T.);
#1290=EDGE_CURVE('',#1025,#1024,#242,.T.);
#1291=EDGE_CURVE('',#1025,#1026,#243,.T.);
#1292=EDGE_CURVE('',#1026,#1027,#244,.T.);
#1293=EDGE_CURVE('',#1027,#1028,#245,.T.);
#1294=EDGE_CURVE('',#1028,#1024,#246,.T.);
#1295=EDGE_CURVE('',#1014,#1028,#247,.T.);
#1296=EDGE_CURVE('',#1026,#1029,#248,.T.);
#1297=EDGE_CURVE('',#1029,#1027,#249,.T.);
#1298=EDGE_CURVE('',#1029,#1030,#250,.T.);
#1299=EDGE_CURVE('',#1030,#1015,#251,.T.);
#1300=EDGE_CURVE('',#1030,#1016,#252,.T.);
#1301=EDGE_CURVE('',#1031,#1016,#253,.T.);
#1302=EDGE_CURVE('',#1031,#1032,#254,.T.);
#1303=EDGE_CURVE('',#1032,#1033,#255,.T.);
#1304=EDGE_CURVE('',#1034,#1033,#256,.T.);
#1305=EDGE_CURVE('',#1035,#1034,#257,.T.);
#1306=EDGE_CURVE('',#1035,#1036,#258,.T.);
#1307=EDGE_CURVE('',#1036,#1037,#259,.T.);
#1308=EDGE_CURVE('',#1038,#1037,#260,.T.);
#1309=EDGE_CURVE('',#1039,#1038,#261,.T.);
#1310=EDGE_CURVE('',#1040,#1039,#262,.T.);
#1311=EDGE_CURVE('',#1017,#1040,#263,.T.);
#1312=EDGE_CURVE('',#1003,#1041,#264,.T.);
#1313=EDGE_CURVE('',#1041,#1040,#265,.T.);
#1314=EDGE_CURVE('',#1040,#1004,#266,.T.);
#1315=EDGE_CURVE('',#1042,#1043,#267,.T.);
#1316=EDGE_CURVE('',#1043,#1000,#268,.T.);
#1317=EDGE_CURVE('',#1001,#1042,#269,.T.);
#1318=EDGE_CURVE('',#1008,#1044,#270,.T.);
#1319=EDGE_CURVE('',#1044,#1042,#271,.T.);
#1320=EDGE_CURVE('',#1045,#1044,#272,.T.);
#1321=EDGE_CURVE('',#1007,#1045,#273,.T.);
#1322=EDGE_CURVE('',#1046,#1045,#274,.T.);
#1323=EDGE_CURVE('',#1006,#1046,#275,.T.);
#1324=EDGE_CURVE('',#1047,#1002,#276,.T.);
#1325=EDGE_CURVE('',#1043,#1047,#880,.T.);
#1326=EDGE_CURVE('',#1047,#1041,#277,.T.);
#1327=EDGE_CURVE('',#1039,#1046,#278,.T.);
#1328=EDGE_CURVE('',#1005,#1039,#279,.T.);
#1329=EDGE_CURVE('',#1019,#1041,#280,.T.);
#1330=EDGE_CURVE('',#1020,#1047,#281,.T.);
#1331=EDGE_CURVE('',#1022,#1043,#282,.T.);
#1332=EDGE_CURVE('',#1048,#1042,#283,.T.);
#1333=EDGE_CURVE('',#1049,#1048,#39,.T.);
#1334=EDGE_CURVE('',#1050,#1049,#284,.T.);
#1335=EDGE_CURVE('',#1051,#1050,#40,.T.);
#1336=EDGE_CURVE('',#1025,#1051,#285,.T.);
#1337=EDGE_CURVE('',#1049,#1052,#41,.T.);
#1338=EDGE_CURVE('',#1048,#1053,#42,.F.);
#1339=EDGE_CURVE('',#1053,#1052,#43,.T.);
#1340=EDGE_CURVE('',#1053,#1052,#881,.T.);
#1341=EDGE_CURVE('',#1051,#1054,#44,.T.);
#1342=EDGE_CURVE('',#1050,#1055,#45,.F.);
#1343=EDGE_CURVE('',#1055,#1054,#46,.T.);
#1344=EDGE_CURVE('',#1055,#1054,#882,.T.);
#1345=EDGE_CURVE('',#1026,#1056,#286,.T.);
#1346=EDGE_CURVE('',#1056,#1057,#287,.T.);
#1347=EDGE_CURVE('',#1057,#1029,#288,.T.);
#1348=EDGE_CURVE('',#1051,#1050,#289,.T.);
#1349=EDGE_CURVE('',#1049,#1048,#290,.T.);
#1350=EDGE_CURVE('',#1058,#1044,#291,.T.);
#1351=EDGE_CURVE('',#1059,#1058,#292,.T.);
#1352=EDGE_CURVE('',#1059,#1060,#293,.T.);
#1353=EDGE_CURVE('',#1060,#1061,#294,.T.);
#1354=EDGE_CURVE('',#1062,#1061,#295,.T.);
#1355=EDGE_CURVE('',#1063,#1062,#296,.T.);
#1356=EDGE_CURVE('',#1063,#1064,#297,.T.);
#1357=EDGE_CURVE('',#1064,#1056,#298,.T.);
#1358=EDGE_CURVE('',#1030,#1065,#299,.T.);
#1359=EDGE_CURVE('',#1065,#1031,#300,.T.);
#1360=EDGE_CURVE('',#1045,#1066,#301,.T.);
#1361=EDGE_CURVE('',#1066,#1058,#302,.T.);
#1362=EDGE_CURVE('',#1067,#1066,#303,.T.);
#1363=EDGE_CURVE('',#1038,#1067,#304,.T.);
#1364=EDGE_CURVE('',#1037,#1059,#305,.F.);
#1365=EDGE_CURVE('',#1067,#1046,#306,.T.);
#1366=EDGE_CURVE('',#1061,#1068,#307,.T.);
#1367=EDGE_CURVE('',#1068,#1069,#308,.T.);
#1368=EDGE_CURVE('',#1069,#1062,#309,.T.);
#1369=EDGE_CURVE('',#1070,#1069,#310,.T.);
#1370=EDGE_CURVE('',#1034,#1070,#311,.T.);
#1371=EDGE_CURVE('',#1033,#1063,#312,.F.);
#1372=EDGE_CURVE('',#1071,#1035,#313,.T.);
#1373=EDGE_CURVE('',#1070,#1071,#314,.T.);
#1374=EDGE_CURVE('',#1060,#1036,#315,.T.);
#1375=EDGE_CURVE('',#1068,#1071,#316,.T.);
#1376=EDGE_CURVE('',#1072,#1072,#883,.T.);
#1377=EDGE_CURVE('',#1064,#1032,#317,.T.);
#1378=EDGE_CURVE('',#1073,#1073,#884,.T.);
#1379=EDGE_CURVE('',#1074,#1074,#885,.T.);
#1380=EDGE_CURVE('',#1074,#1073,#318,.T.);
#1381=EDGE_CURVE('',#1075,#1075,#886,.T.);
#1382=EDGE_CURVE('',#1075,#1072,#319,.T.);
#1383=EDGE_CURVE('',#1057,#1065,#320,.T.);
#1384=ORIENTED_EDGE('',*,*,#1076,.F.);
#1385=ORIENTED_EDGE('',*,*,#1077,.F.);
#1386=ORIENTED_EDGE('',*,*,#1078,.T.);
#1387=ORIENTED_EDGE('',*,*,#1079,.T.);
#1388=ORIENTED_EDGE('',*,*,#1080,.T.);
#1389=ORIENTED_EDGE('',*,*,#1081,.T.);
#1390=ORIENTED_EDGE('',*,*,#1082,.T.);
#1391=ORIENTED_EDGE('',*,*,#1083,.T.);
#1392=ORIENTED_EDGE('',*,*,#1082,.F.);
#1393=ORIENTED_EDGE('',*,*,#1084,.T.);
#1394=ORIENTED_EDGE('',*,*,#1085,.T.);
#1395=ORIENTED_EDGE('',*,*,#1086,.T.);
#1396=ORIENTED_EDGE('',*,*,#1087,.T.);
#1397=ORIENTED_EDGE('',*,*,#1088,.T.);
#1398=ORIENTED_EDGE('',*,*,#1085,.F.);
#1399=ORIENTED_EDGE('',*,*,#1089,.T.);
#1400=ORIENTED_EDGE('',*,*,#1090,.T.);
#1401=ORIENTED_EDGE('',*,*,#1087,.F.);
#1402=ORIENTED_EDGE('',*,*,#1091,.T.);
#1403=ORIENTED_EDGE('',*,*,#1092,.T.);
#1404=ORIENTED_EDGE('',*,*,#1089,.F.);
#1405=ORIENTED_EDGE('',*,*,#1093,.T.);
#1406=ORIENTED_EDGE('',*,*,#1094,.T.);
#1407=ORIENTED_EDGE('',*,*,#1095,.T.);
#1408=ORIENTED_EDGE('',*,*,#1096,.T.);
#1409=ORIENTED_EDGE('',*,*,#1097,.T.);
#1410=ORIENTED_EDGE('',*,*,#1098,.T.);
#1411=ORIENTED_EDGE('',*,*,#1094,.F.);
#1412=ORIENTED_EDGE('',*,*,#1078,.F.);
#1413=ORIENTED_EDGE('',*,*,#1083,.F.);
#1414=ORIENTED_EDGE('',*,*,#1088,.F.);
#1415=ORIENTED_EDGE('',*,*,#1090,.F.);
#1416=ORIENTED_EDGE('',*,*,#1092,.F.);
#1417=ORIENTED_EDGE('',*,*,#1098,.F.);
#1418=ORIENTED_EDGE('',*,*,#1099,.F.);
#1419=ORIENTED_EDGE('',*,*,#1079,.F.);
#1420=ORIENTED_EDGE('',*,*,#1099,.T.);
#1421=ORIENTED_EDGE('',*,*,#1097,.F.);
#1422=ORIENTED_EDGE('',*,*,#1100,.T.);
#1423=ORIENTED_EDGE('',*,*,#1101,.T.);
#1424=ORIENTED_EDGE('',*,*,#1102,.T.);
#1425=ORIENTED_EDGE('',*,*,#1096,.F.);
#1426=ORIENTED_EDGE('',*,*,#1103,.T.);
#1427=ORIENTED_EDGE('',*,*,#1100,.F.);
#1428=ORIENTED_EDGE('',*,*,#1080,.F.);
#1429=ORIENTED_EDGE('',*,*,#1102,.F.);
#1430=ORIENTED_EDGE('',*,*,#1104,.T.);
#1431=ORIENTED_EDGE('',*,*,#1081,.F.);
#1432=ORIENTED_EDGE('',*,*,#1105,.F.);
#1433=ORIENTED_EDGE('',*,*,#1106,.T.);
#1434=ORIENTED_EDGE('',*,*,#1107,.T.);
#1435=ORIENTED_EDGE('',*,*,#1108,.F.);
#1436=ORIENTED_EDGE('',*,*,#1109,.F.);
#1437=ORIENTED_EDGE('',*,*,#1110,.T.);
#1438=ORIENTED_EDGE('',*,*,#1111,.T.);
#1439=ORIENTED_EDGE('',*,*,#1112,.F.);
#1440=ORIENTED_EDGE('',*,*,#1113,.F.);
#1441=ORIENTED_EDGE('',*,*,#1114,.F.);
#1442=ORIENTED_EDGE('',*,*,#1115,.F.);
#1443=ORIENTED_EDGE('',*,*,#1116,.T.);
#1444=ORIENTED_EDGE('',*,*,#1117,.T.);
#1445=ORIENTED_EDGE('',*,*,#1118,.T.);
#1446=ORIENTED_EDGE('',*,*,#1117,.F.);
#1447=ORIENTED_EDGE('',*,*,#1119,.F.);
#1448=ORIENTED_EDGE('',*,*,#1120,.F.);
#1449=ORIENTED_EDGE('',*,*,#1121,.F.);
#1450=ORIENTED_EDGE('',*,*,#1122,.F.);
#1451=ORIENTED_EDGE('',*,*,#1123,.F.);
#1452=ORIENTED_EDGE('',*,*,#1124,.F.);
#1453=ORIENTED_EDGE('',*,*,#1125,.F.);
#1454=ORIENTED_EDGE('',*,*,#1126,.F.);
#1455=ORIENTED_EDGE('',*,*,#1127,.F.);
#1456=ORIENTED_EDGE('',*,*,#1116,.F.);
#1457=ORIENTED_EDGE('',*,*,#1118,.F.);
#1458=ORIENTED_EDGE('',*,*,#1128,.T.);
#1459=ORIENTED_EDGE('',*,*,#1076,.T.);
#1460=ORIENTED_EDGE('',*,*,#1128,.F.);
#1461=ORIENTED_EDGE('',*,*,#1122,.T.);
#1462=ORIENTED_EDGE('',*,*,#1129,.T.);
#1463=ORIENTED_EDGE('',*,*,#1130,.T.);
#1464=ORIENTED_EDGE('',*,*,#1131,.T.);
#1465=ORIENTED_EDGE('',*,*,#1132,.T.);
#1466=ORIENTED_EDGE('',*,*,#1133,.T.);
#1467=ORIENTED_EDGE('',*,*,#1119,.T.);
#1468=ORIENTED_EDGE('',*,*,#1134,.T.);
#1469=ORIENTED_EDGE('',*,*,#1127,.T.);
#1470=ORIENTED_EDGE('',*,*,#1135,.T.);
#1471=ORIENTED_EDGE('',*,*,#1136,.T.);
#1472=ORIENTED_EDGE('',*,*,#1134,.F.);
#1473=ORIENTED_EDGE('',*,*,#1137,.T.);
#1474=ORIENTED_EDGE('',*,*,#1135,.F.);
#1475=ORIENTED_EDGE('',*,*,#1126,.T.);
#1476=ORIENTED_EDGE('',*,*,#1138,.T.);
#1477=ORIENTED_EDGE('',*,*,#1139,.T.);
#1478=ORIENTED_EDGE('',*,*,#1138,.F.);
#1479=ORIENTED_EDGE('',*,*,#1125,.T.);
#1480=ORIENTED_EDGE('',*,*,#1140,.T.);
#1481=ORIENTED_EDGE('',*,*,#1141,.T.);
#1482=ORIENTED_EDGE('',*,*,#1120,.T.);
#1483=ORIENTED_EDGE('',*,*,#1133,.F.);
#1484=ORIENTED_EDGE('',*,*,#1142,.T.);
#1485=ORIENTED_EDGE('',*,*,#1121,.T.);
#1486=ORIENTED_EDGE('',*,*,#1141,.F.);
#1487=ORIENTED_EDGE('',*,*,#1143,.T.);
#1488=ORIENTED_EDGE('',*,*,#1129,.F.);
#1489=ORIENTED_EDGE('',*,*,#1144,.T.);
#1490=ORIENTED_EDGE('',*,*,#1140,.F.);
#1491=ORIENTED_EDGE('',*,*,#1124,.T.);
#1492=ORIENTED_EDGE('',*,*,#1145,.T.);
#1493=ORIENTED_EDGE('',*,*,#1123,.T.);
#1494=ORIENTED_EDGE('',*,*,#1131,.F.);
#1495=ORIENTED_EDGE('',*,*,#1114,.T.);
#1496=ORIENTED_EDGE('',*,*,#1145,.F.);
#1497=ORIENTED_EDGE('',*,*,#1084,.F.);
#1498=ORIENTED_EDGE('',*,*,#1115,.T.);
#1499=ORIENTED_EDGE('',*,*,#1130,.F.);
#1500=ORIENTED_EDGE('',*,*,#1146,.F.);
#1501=ORIENTED_EDGE('',*,*,#1086,.F.);
#1502=ORIENTED_EDGE('',*,*,#1146,.T.);
#1503=ORIENTED_EDGE('',*,*,#1143,.F.);
#1504=ORIENTED_EDGE('',*,*,#1147,.F.);
#1505=ORIENTED_EDGE('',*,*,#1091,.F.);
#1506=ORIENTED_EDGE('',*,*,#1147,.T.);
#1507=ORIENTED_EDGE('',*,*,#1142,.F.);
#1508=ORIENTED_EDGE('',*,*,#1148,.F.);
#1509=ORIENTED_EDGE('',*,*,#1093,.F.);
#1510=ORIENTED_EDGE('',*,*,#1148,.T.);
#1511=ORIENTED_EDGE('',*,*,#1132,.F.);
#1512=ORIENTED_EDGE('',*,*,#1149,.F.);
#1513=ORIENTED_EDGE('',*,*,#1150,.F.);
#1514=ORIENTED_EDGE('',*,*,#1151,.F.);
#1515=ORIENTED_EDGE('',*,*,#1152,.F.);
#1516=ORIENTED_EDGE('',*,*,#1153,.F.);
#1517=ORIENTED_EDGE('',*,*,#1154,.F.);
#1518=ORIENTED_EDGE('',*,*,#1150,.T.);
#1519=ORIENTED_EDGE('',*,*,#1155,.T.);
#1520=ORIENTED_EDGE('',*,*,#1156,.T.);
#1521=ORIENTED_EDGE('',*,*,#1156,.F.);
#1522=ORIENTED_EDGE('',*,*,#1157,.T.);
#1523=ORIENTED_EDGE('',*,*,#1158,.F.);
#1524=ORIENTED_EDGE('',*,*,#1152,.T.);
#1525=ORIENTED_EDGE('',*,*,#1159,.T.);
#1526=ORIENTED_EDGE('',*,*,#1160,.T.);
#1527=ORIENTED_EDGE('',*,*,#1160,.F.);
#1528=ORIENTED_EDGE('',*,*,#1161,.T.);
#1529=ORIENTED_EDGE('',*,*,#1137,.F.);
#1530=ORIENTED_EDGE('',*,*,#1162,.T.);
#1531=ORIENTED_EDGE('',*,*,#1163,.T.);
#1532=ORIENTED_EDGE('',*,*,#1164,.T.);
#1533=ORIENTED_EDGE('',*,*,#1163,.F.);
#1534=ORIENTED_EDGE('',*,*,#1165,.F.);
#1535=ORIENTED_EDGE('',*,*,#1166,.F.);
#1536=ORIENTED_EDGE('',*,*,#1167,.F.);
#1537=ORIENTED_EDGE('',*,*,#1139,.F.);
#1538=ORIENTED_EDGE('',*,*,#1168,.F.);
#1539=ORIENTED_EDGE('',*,*,#1165,.T.);
#1540=ORIENTED_EDGE('',*,*,#1162,.F.);
#1541=ORIENTED_EDGE('',*,*,#1103,.F.);
#1542=ORIENTED_EDGE('',*,*,#1169,.T.);
#1543=ORIENTED_EDGE('',*,*,#1170,.T.);
#1544=ORIENTED_EDGE('',*,*,#1171,.T.);
#1545=ORIENTED_EDGE('',*,*,#1101,.F.);
#1546=ORIENTED_EDGE('',*,*,#1171,.F.);
#1547=ORIENTED_EDGE('',*,*,#1172,.T.);
#1548=ORIENTED_EDGE('',*,*,#1173,.F.);
#1549=ORIENTED_EDGE('',*,*,#1170,.F.);
#1550=ORIENTED_EDGE('',*,*,#1174,.F.);
#1551=ORIENTED_EDGE('',*,*,#1175,.T.);
#1552=ORIENTED_EDGE('',*,*,#1106,.F.);
#1553=ORIENTED_EDGE('',*,*,#1176,.F.);
#1554=ORIENTED_EDGE('',*,*,#1172,.F.);
#1555=ORIENTED_EDGE('',*,*,#1177,.T.);
#1556=ORIENTED_EDGE('',*,*,#1178,.T.);
#1557=ORIENTED_EDGE('',*,*,#1179,.T.);
#1558=ORIENTED_EDGE('',*,*,#1180,.T.);
#1559=ORIENTED_EDGE('',*,*,#1178,.F.);
#1560=ORIENTED_EDGE('',*,*,#1181,.T.);
#1561=ORIENTED_EDGE('',*,*,#1182,.F.);
#1562=ORIENTED_EDGE('',*,*,#1183,.T.);
#1563=ORIENTED_EDGE('',*,*,#1177,.F.);
#1564=ORIENTED_EDGE('',*,*,#1184,.F.);
#1565=ORIENTED_EDGE('',*,*,#1185,.T.);
#1566=ORIENTED_EDGE('',*,*,#1110,.F.);
#1567=ORIENTED_EDGE('',*,*,#1186,.F.);
#1568=ORIENTED_EDGE('',*,*,#1181,.F.);
#1569=ORIENTED_EDGE('',*,*,#1186,.T.);
#1570=ORIENTED_EDGE('',*,*,#1109,.T.);
#1571=ORIENTED_EDGE('',*,*,#1187,.T.);
#1572=ORIENTED_EDGE('',*,*,#1182,.T.);
#1573=ORIENTED_EDGE('',*,*,#1179,.F.);
#1574=ORIENTED_EDGE('',*,*,#1183,.F.);
#1575=ORIENTED_EDGE('',*,*,#1187,.F.);
#1576=ORIENTED_EDGE('',*,*,#1188,.F.);
#1577=ORIENTED_EDGE('',*,*,#1104,.F.);
#1578=ORIENTED_EDGE('',*,*,#1173,.T.);
#1579=ORIENTED_EDGE('',*,*,#1176,.T.);
#1580=ORIENTED_EDGE('',*,*,#1105,.T.);
#1581=ORIENTED_EDGE('',*,*,#1144,.F.);
#1582=ORIENTED_EDGE('',*,*,#1113,.T.);
#1583=ORIENTED_EDGE('',*,*,#1166,.T.);
#1584=ORIENTED_EDGE('',*,*,#1168,.T.);
#1585=ORIENTED_EDGE('',*,*,#1112,.T.);
#1586=ORIENTED_EDGE('',*,*,#1189,.T.);
#1587=ORIENTED_EDGE('',*,*,#1190,.T.);
#1588=ORIENTED_EDGE('',*,*,#1167,.T.);
#1589=ORIENTED_EDGE('',*,*,#1189,.F.);
#1590=ORIENTED_EDGE('',*,*,#1111,.F.);
#1591=ORIENTED_EDGE('',*,*,#1185,.F.);
#1592=ORIENTED_EDGE('',*,*,#1191,.F.);
#1593=ORIENTED_EDGE('',*,*,#1192,.T.);
#1594=ORIENTED_EDGE('',*,*,#1108,.T.);
#1595=ORIENTED_EDGE('',*,*,#1193,.T.);
#1596=ORIENTED_EDGE('',*,*,#1194,.T.);
#1597=ORIENTED_EDGE('',*,*,#1188,.T.);
#1598=ORIENTED_EDGE('',*,*,#1193,.F.);
#1599=ORIENTED_EDGE('',*,*,#1107,.F.);
#1600=ORIENTED_EDGE('',*,*,#1175,.F.);
#1601=ORIENTED_EDGE('',*,*,#1195,.F.);
#1602=ORIENTED_EDGE('',*,*,#1196,.T.);
#1603=ORIENTED_EDGE('',*,*,#1197,.F.);
#1604=ORIENTED_EDGE('',*,*,#1198,.T.);
#1605=ORIENTED_EDGE('',*,*,#1196,.F.);
#1606=ORIENTED_EDGE('',*,*,#1198,.F.);
#1607=ORIENTED_EDGE('',*,*,#1199,.F.);
#1608=ORIENTED_EDGE('',*,*,#1200,.T.);
#1609=ORIENTED_EDGE('',*,*,#1192,.F.);
#1610=ORIENTED_EDGE('',*,*,#1200,.F.);
#1611=ORIENTED_EDGE('',*,*,#1095,.F.);
#1612=ORIENTED_EDGE('',*,*,#1153,.T.);
#1613=ORIENTED_EDGE('',*,*,#1201,.T.);
#1614=ORIENTED_EDGE('',*,*,#1151,.T.);
#1615=ORIENTED_EDGE('',*,*,#1202,.T.);
#1616=ORIENTED_EDGE('',*,*,#1149,.T.);
#1617=ORIENTED_EDGE('',*,*,#1136,.F.);
#1618=ORIENTED_EDGE('',*,*,#1164,.F.);
#1619=ORIENTED_EDGE('',*,*,#1190,.F.);
#1620=ORIENTED_EDGE('',*,*,#1191,.T.);
#1621=ORIENTED_EDGE('',*,*,#1184,.T.);
#1622=ORIENTED_EDGE('',*,*,#1180,.F.);
#1623=ORIENTED_EDGE('',*,*,#1194,.F.);
#1624=ORIENTED_EDGE('',*,*,#1195,.T.);
#1625=ORIENTED_EDGE('',*,*,#1174,.T.);
#1626=ORIENTED_EDGE('',*,*,#1169,.F.);
#1627=ORIENTED_EDGE('',*,*,#1077,.T.);
#1628=ORIENTED_EDGE('',*,*,#1203,.T.);
#1629=ORIENTED_EDGE('',*,*,#1204,.T.);
#1630=ORIENTED_EDGE('',*,*,#1203,.F.);
#1631=ORIENTED_EDGE('',*,*,#1204,.F.);
#1632=ORIENTED_EDGE('',*,*,#1202,.F.);
#1633=ORIENTED_EDGE('',*,*,#1154,.T.);
#1634=ORIENTED_EDGE('',*,*,#1157,.F.);
#1635=ORIENTED_EDGE('',*,*,#1155,.F.);
#1636=ORIENTED_EDGE('',*,*,#1199,.T.);
#1637=ORIENTED_EDGE('',*,*,#1201,.F.);
#1638=ORIENTED_EDGE('',*,*,#1158,.T.);
#1639=ORIENTED_EDGE('',*,*,#1161,.F.);
#1640=ORIENTED_EDGE('',*,*,#1159,.F.);
#1641=ORIENTED_EDGE('',*,*,#1197,.T.);
#1642=ORIENTED_EDGE('',*,*,#1205,.T.);
#1643=ORIENTED_EDGE('',*,*,#1206,.T.);
#1644=ORIENTED_EDGE('',*,*,#1207,.F.);
#1645=ORIENTED_EDGE('',*,*,#1208,.T.);
#1646=ORIENTED_EDGE('',*,*,#1209,.T.);
#1647=ORIENTED_EDGE('',*,*,#1210,.T.);
#1648=ORIENTED_EDGE('',*,*,#1205,.F.);
#1649=ORIENTED_EDGE('',*,*,#1211,.T.);
#1650=ORIENTED_EDGE('',*,*,#1212,.T.);
#1651=ORIENTED_EDGE('',*,*,#1213,.T.);
#1652=ORIENTED_EDGE('',*,*,#1209,.F.);
#1653=ORIENTED_EDGE('',*,*,#1214,.T.);
#1654=ORIENTED_EDGE('',*,*,#1215,.T.);
#1655=ORIENTED_EDGE('',*,*,#1216,.T.);
#1656=ORIENTED_EDGE('',*,*,#1217,.F.);
#1657=ORIENTED_EDGE('',*,*,#1218,.T.);
#1658=ORIENTED_EDGE('',*,*,#1219,.T.);
#1659=ORIENTED_EDGE('',*,*,#1220,.T.);
#1660=ORIENTED_EDGE('',*,*,#1215,.F.);
#1661=ORIENTED_EDGE('',*,*,#1221,.T.);
#1662=ORIENTED_EDGE('',*,*,#1222,.T.);
#1663=ORIENTED_EDGE('',*,*,#1223,.T.);
#1664=ORIENTED_EDGE('',*,*,#1219,.F.);
#1665=ORIENTED_EDGE('',*,*,#1224,.T.);
#1666=ORIENTED_EDGE('',*,*,#1225,.T.);
#1667=ORIENTED_EDGE('',*,*,#1226,.T.);
#1668=ORIENTED_EDGE('',*,*,#1227,.F.);
#1669=ORIENTED_EDGE('',*,*,#1228,.T.);
#1670=ORIENTED_EDGE('',*,*,#1229,.T.);
#1671=ORIENTED_EDGE('',*,*,#1230,.T.);
#1672=ORIENTED_EDGE('',*,*,#1225,.F.);
#1673=ORIENTED_EDGE('',*,*,#1231,.T.);
#1674=ORIENTED_EDGE('',*,*,#1232,.T.);
#1675=ORIENTED_EDGE('',*,*,#1233,.T.);
#1676=ORIENTED_EDGE('',*,*,#1229,.F.);
#1677=ORIENTED_EDGE('',*,*,#1234,.T.);
#1678=ORIENTED_EDGE('',*,*,#1227,.T.);
#1679=ORIENTED_EDGE('',*,*,#1235,.T.);
#1680=ORIENTED_EDGE('',*,*,#1236,.F.);
#1681=ORIENTED_EDGE('',*,*,#1237,.T.);
#1682=ORIENTED_EDGE('',*,*,#1238,.T.);
#1683=ORIENTED_EDGE('',*,*,#1239,.T.);
#1684=ORIENTED_EDGE('',*,*,#1240,.F.);
#1685=ORIENTED_EDGE('',*,*,#1241,.T.);
#1686=ORIENTED_EDGE('',*,*,#1242,.T.);
#1687=ORIENTED_EDGE('',*,*,#1243,.T.);
#1688=ORIENTED_EDGE('',*,*,#1244,.F.);
#1689=ORIENTED_EDGE('',*,*,#1245,.T.);
#1690=ORIENTED_EDGE('',*,*,#1246,.T.);
#1691=ORIENTED_EDGE('',*,*,#1247,.T.);
#1692=ORIENTED_EDGE('',*,*,#1242,.F.);
#1693=ORIENTED_EDGE('',*,*,#1248,.T.);
#1694=ORIENTED_EDGE('',*,*,#1240,.T.);
#1695=ORIENTED_EDGE('',*,*,#1249,.T.);
#1696=ORIENTED_EDGE('',*,*,#1246,.F.);
#1697=ORIENTED_EDGE('',*,*,#1250,.T.);
#1698=ORIENTED_EDGE('',*,*,#1251,.F.);
#1699=ORIENTED_EDGE('',*,*,#1252,.F.);
#1700=ORIENTED_EDGE('',*,*,#1253,.F.);
#1701=ORIENTED_EDGE('',*,*,#1254,.F.);
#1702=ORIENTED_EDGE('',*,*,#1255,.F.);
#1703=ORIENTED_EDGE('',*,*,#1256,.F.);
#1704=ORIENTED_EDGE('',*,*,#1257,.F.);
#1705=ORIENTED_EDGE('',*,*,#1258,.F.);
#1706=ORIENTED_EDGE('',*,*,#1259,.F.);
#1707=ORIENTED_EDGE('',*,*,#1260,.F.);
#1708=ORIENTED_EDGE('',*,*,#1214,.F.);
#1709=ORIENTED_EDGE('',*,*,#1211,.F.);
#1710=ORIENTED_EDGE('',*,*,#1208,.F.);
#1711=ORIENTED_EDGE('',*,*,#1261,.F.);
#1712=ORIENTED_EDGE('',*,*,#1224,.F.);
#1713=ORIENTED_EDGE('',*,*,#1221,.F.);
#1714=ORIENTED_EDGE('',*,*,#1218,.F.);
#1715=ORIENTED_EDGE('',*,*,#1262,.F.);
#1716=ORIENTED_EDGE('',*,*,#1234,.F.);
#1717=ORIENTED_EDGE('',*,*,#1231,.F.);
#1718=ORIENTED_EDGE('',*,*,#1228,.F.);
#1719=ORIENTED_EDGE('',*,*,#1237,.F.);
#1720=ORIENTED_EDGE('',*,*,#1263,.F.);
#1721=ORIENTED_EDGE('',*,*,#1264,.F.);
#1722=ORIENTED_EDGE('',*,*,#1265,.F.);
#1723=ORIENTED_EDGE('',*,*,#1241,.F.);
#1724=ORIENTED_EDGE('',*,*,#1250,.F.);
#1725=ORIENTED_EDGE('',*,*,#1248,.F.);
#1726=ORIENTED_EDGE('',*,*,#1245,.F.);
#1727=ORIENTED_EDGE('',*,*,#1266,.T.);
#1728=ORIENTED_EDGE('',*,*,#1267,.T.);
#1729=ORIENTED_EDGE('',*,*,#1238,.F.);
#1730=ORIENTED_EDGE('',*,*,#1265,.T.);
#1731=ORIENTED_EDGE('',*,*,#1217,.T.);
#1732=ORIENTED_EDGE('',*,*,#1268,.T.);
#1733=ORIENTED_EDGE('',*,*,#1232,.F.);
#1734=ORIENTED_EDGE('',*,*,#1262,.T.);
#1735=ORIENTED_EDGE('',*,*,#1207,.T.);
#1736=ORIENTED_EDGE('',*,*,#1269,.T.);
#1737=ORIENTED_EDGE('',*,*,#1222,.F.);
#1738=ORIENTED_EDGE('',*,*,#1261,.T.);
#1739=ORIENTED_EDGE('',*,*,#1212,.F.);
#1740=ORIENTED_EDGE('',*,*,#1260,.T.);
#1741=ORIENTED_EDGE('',*,*,#1244,.T.);
#1742=ORIENTED_EDGE('',*,*,#1270,.T.);
#1743=ORIENTED_EDGE('',*,*,#1271,.T.);
#1744=ORIENTED_EDGE('',*,*,#1272,.T.);
#1745=ORIENTED_EDGE('',*,*,#1266,.F.);
#1746=ORIENTED_EDGE('',*,*,#1264,.T.);
#1747=ORIENTED_EDGE('',*,*,#1236,.T.);
#1748=ORIENTED_EDGE('',*,*,#1273,.T.);
#1749=ORIENTED_EDGE('',*,*,#1271,.F.);
#1750=ORIENTED_EDGE('',*,*,#1263,.T.);
#1751=ORIENTED_EDGE('',*,*,#1239,.F.);
#1752=ORIENTED_EDGE('',*,*,#1267,.F.);
#1753=ORIENTED_EDGE('',*,*,#1272,.F.);
#1754=ORIENTED_EDGE('',*,*,#1273,.F.);
#1755=ORIENTED_EDGE('',*,*,#1235,.F.);
#1756=ORIENTED_EDGE('',*,*,#1226,.F.);
#1757=ORIENTED_EDGE('',*,*,#1230,.F.);
#1758=ORIENTED_EDGE('',*,*,#1233,.F.);
#1759=ORIENTED_EDGE('',*,*,#1268,.F.);
#1760=ORIENTED_EDGE('',*,*,#1216,.F.);
#1761=ORIENTED_EDGE('',*,*,#1220,.F.);
#1762=ORIENTED_EDGE('',*,*,#1223,.F.);
#1763=ORIENTED_EDGE('',*,*,#1269,.F.);
#1764=ORIENTED_EDGE('',*,*,#1206,.F.);
#1765=ORIENTED_EDGE('',*,*,#1210,.F.);
#1766=ORIENTED_EDGE('',*,*,#1213,.F.);
#1767=ORIENTED_EDGE('',*,*,#1270,.F.);
#1768=ORIENTED_EDGE('',*,*,#1243,.F.);
#1769=ORIENTED_EDGE('',*,*,#1247,.F.);
#1770=ORIENTED_EDGE('',*,*,#1249,.F.);
#1771=ORIENTED_EDGE('',*,*,#1274,.T.);
#1772=ORIENTED_EDGE('',*,*,#1275,.T.);
#1773=ORIENTED_EDGE('',*,*,#1276,.T.);
#1774=ORIENTED_EDGE('',*,*,#1277,.T.);
#1775=ORIENTED_EDGE('',*,*,#1278,.T.);
#1776=ORIENTED_EDGE('',*,*,#1279,.T.);
#1777=ORIENTED_EDGE('',*,*,#1278,.F.);
#1778=ORIENTED_EDGE('',*,*,#1280,.T.);
#1779=ORIENTED_EDGE('',*,*,#1281,.T.);
#1780=ORIENTED_EDGE('',*,*,#1282,.T.);
#1781=ORIENTED_EDGE('',*,*,#1283,.T.);
#1782=ORIENTED_EDGE('',*,*,#1284,.T.);
#1783=ORIENTED_EDGE('',*,*,#1281,.F.);
#1784=ORIENTED_EDGE('',*,*,#1285,.T.);
#1785=ORIENTED_EDGE('',*,*,#1286,.T.);
#1786=ORIENTED_EDGE('',*,*,#1283,.F.);
#1787=ORIENTED_EDGE('',*,*,#1287,.T.);
#1788=ORIENTED_EDGE('',*,*,#1288,.T.);
#1789=ORIENTED_EDGE('',*,*,#1285,.F.);
#1790=ORIENTED_EDGE('',*,*,#1289,.T.);
#1791=ORIENTED_EDGE('',*,*,#1290,.T.);
#1792=ORIENTED_EDGE('',*,*,#1291,.T.);
#1793=ORIENTED_EDGE('',*,*,#1292,.T.);
#1794=ORIENTED_EDGE('',*,*,#1293,.T.);
#1795=ORIENTED_EDGE('',*,*,#1294,.T.);
#1796=ORIENTED_EDGE('',*,*,#1290,.F.);
#1797=ORIENTED_EDGE('',*,*,#1274,.F.);
#1798=ORIENTED_EDGE('',*,*,#1279,.F.);
#1799=ORIENTED_EDGE('',*,*,#1284,.F.);
#1800=ORIENTED_EDGE('',*,*,#1286,.F.);
#1801=ORIENTED_EDGE('',*,*,#1288,.F.);
#1802=ORIENTED_EDGE('',*,*,#1294,.F.);
#1803=ORIENTED_EDGE('',*,*,#1295,.F.);
#1804=ORIENTED_EDGE('',*,*,#1292,.F.);
#1805=ORIENTED_EDGE('',*,*,#1296,.T.);
#1806=ORIENTED_EDGE('',*,*,#1297,.T.);
#1807=ORIENTED_EDGE('',*,*,#1275,.F.);
#1808=ORIENTED_EDGE('',*,*,#1295,.T.);
#1809=ORIENTED_EDGE('',*,*,#1293,.F.);
#1810=ORIENTED_EDGE('',*,*,#1297,.F.);
#1811=ORIENTED_EDGE('',*,*,#1298,.T.);
#1812=ORIENTED_EDGE('',*,*,#1299,.T.);
#1813=ORIENTED_EDGE('',*,*,#1276,.F.);
#1814=ORIENTED_EDGE('',*,*,#1299,.F.);
#1815=ORIENTED_EDGE('',*,*,#1300,.T.);
#1816=ORIENTED_EDGE('',*,*,#1277,.F.);
#1817=ORIENTED_EDGE('',*,*,#1301,.F.);
#1818=ORIENTED_EDGE('',*,*,#1302,.T.);
#1819=ORIENTED_EDGE('',*,*,#1303,.T.);
#1820=ORIENTED_EDGE('',*,*,#1304,.F.);
#1821=ORIENTED_EDGE('',*,*,#1305,.F.);
#1822=ORIENTED_EDGE('',*,*,#1306,.T.);
#1823=ORIENTED_EDGE('',*,*,#1307,.T.);
#1824=ORIENTED_EDGE('',*,*,#1308,.F.);
#1825=ORIENTED_EDGE('',*,*,#1309,.F.);
#1826=ORIENTED_EDGE('',*,*,#1310,.F.);
#1827=ORIENTED_EDGE('',*,*,#1311,.F.);
#1828=ORIENTED_EDGE('',*,*,#1254,.T.);
#1829=ORIENTED_EDGE('',*,*,#1312,.T.);
#1830=ORIENTED_EDGE('',*,*,#1313,.T.);
#1831=ORIENTED_EDGE('',*,*,#1314,.T.);
#1832=ORIENTED_EDGE('',*,*,#1315,.T.);
#1833=ORIENTED_EDGE('',*,*,#1316,.T.);
#1834=ORIENTED_EDGE('',*,*,#1251,.T.);
#1835=ORIENTED_EDGE('',*,*,#1317,.T.);
#1836=ORIENTED_EDGE('',*,*,#1259,.T.);
#1837=ORIENTED_EDGE('',*,*,#1318,.T.);
#1838=ORIENTED_EDGE('',*,*,#1319,.T.);
#1839=ORIENTED_EDGE('',*,*,#1317,.F.);
#1840=ORIENTED_EDGE('',*,*,#1320,.T.);
#1841=ORIENTED_EDGE('',*,*,#1318,.F.);
#1842=ORIENTED_EDGE('',*,*,#1258,.T.);
#1843=ORIENTED_EDGE('',*,*,#1321,.T.);
#1844=ORIENTED_EDGE('',*,*,#1322,.T.);
#1845=ORIENTED_EDGE('',*,*,#1321,.F.);
#1846=ORIENTED_EDGE('',*,*,#1257,.T.);
#1847=ORIENTED_EDGE('',*,*,#1323,.T.);
#1848=ORIENTED_EDGE('',*,*,#1324,.T.);
#1849=ORIENTED_EDGE('',*,*,#1252,.T.);
#1850=ORIENTED_EDGE('',*,*,#1316,.F.);
#1851=ORIENTED_EDGE('',*,*,#1325,.T.);
#1852=ORIENTED_EDGE('',*,*,#1253,.T.);
#1853=ORIENTED_EDGE('',*,*,#1324,.F.);
#1854=ORIENTED_EDGE('',*,*,#1326,.T.);
#1855=ORIENTED_EDGE('',*,*,#1312,.F.);
#1856=ORIENTED_EDGE('',*,*,#1327,.T.);
#1857=ORIENTED_EDGE('',*,*,#1323,.F.);
#1858=ORIENTED_EDGE('',*,*,#1256,.T.);
#1859=ORIENTED_EDGE('',*,*,#1328,.T.);
#1860=ORIENTED_EDGE('',*,*,#1255,.T.);
#1861=ORIENTED_EDGE('',*,*,#1314,.F.);
#1862=ORIENTED_EDGE('',*,*,#1310,.T.);
#1863=ORIENTED_EDGE('',*,*,#1328,.F.);
#1864=ORIENTED_EDGE('',*,*,#1280,.F.);
#1865=ORIENTED_EDGE('',*,*,#1311,.T.);
#1866=ORIENTED_EDGE('',*,*,#1313,.F.);
#1867=ORIENTED_EDGE('',*,*,#1329,.F.);
#1868=ORIENTED_EDGE('',*,*,#1282,.F.);
#1869=ORIENTED_EDGE('',*,*,#1329,.T.);
#1870=ORIENTED_EDGE('',*,*,#1326,.F.);
#1871=ORIENTED_EDGE('',*,*,#1330,.F.);
#1872=ORIENTED_EDGE('',*,*,#1287,.F.);
#1873=ORIENTED_EDGE('',*,*,#1330,.T.);
#1874=ORIENTED_EDGE('',*,*,#1325,.F.);
#1875=ORIENTED_EDGE('',*,*,#1331,.F.);
#1876=ORIENTED_EDGE('',*,*,#1289,.F.);
#1877=ORIENTED_EDGE('',*,*,#1331,.T.);
#1878=ORIENTED_EDGE('',*,*,#1315,.F.);
#1879=ORIENTED_EDGE('',*,*,#1332,.F.);
#1880=ORIENTED_EDGE('',*,*,#1333,.F.);
#1881=ORIENTED_EDGE('',*,*,#1334,.F.);
#1882=ORIENTED_EDGE('',*,*,#1335,.F.);
#1883=ORIENTED_EDGE('',*,*,#1336,.F.);
#1884=ORIENTED_EDGE('',*,*,#1337,.F.);
#1885=ORIENTED_EDGE('',*,*,#1333,.T.);
#1886=ORIENTED_EDGE('',*,*,#1338,.T.);
#1887=ORIENTED_EDGE('',*,*,#1339,.T.);
#1888=ORIENTED_EDGE('',*,*,#1339,.F.);
#1889=ORIENTED_EDGE('',*,*,#1340,.T.);
#1890=ORIENTED_EDGE('',*,*,#1341,.F.);
#1891=ORIENTED_EDGE('',*,*,#1335,.T.);
#1892=ORIENTED_EDGE('',*,*,#1342,.T.);
#1893=ORIENTED_EDGE('',*,*,#1343,.T.);
#1894=ORIENTED_EDGE('',*,*,#1343,.F.);
#1895=ORIENTED_EDGE('',*,*,#1344,.T.);
#1896=ORIENTED_EDGE('',*,*,#1296,.F.);
#1897=ORIENTED_EDGE('',*,*,#1345,.T.);
#1898=ORIENTED_EDGE('',*,*,#1346,.T.);
#1899=ORIENTED_EDGE('',*,*,#1347,.T.);
#1900=ORIENTED_EDGE('',*,*,#1291,.F.);
#1901=ORIENTED_EDGE('',*,*,#1336,.T.);
#1902=ORIENTED_EDGE('',*,*,#1348,.T.);
#1903=ORIENTED_EDGE('',*,*,#1334,.T.);
#1904=ORIENTED_EDGE('',*,*,#1349,.T.);
#1905=ORIENTED_EDGE('',*,*,#1332,.T.);
#1906=ORIENTED_EDGE('',*,*,#1319,.F.);
#1907=ORIENTED_EDGE('',*,*,#1350,.F.);
#1908=ORIENTED_EDGE('',*,*,#1351,.F.);
#1909=ORIENTED_EDGE('',*,*,#1352,.T.);
#1910=ORIENTED_EDGE('',*,*,#1353,.T.);
#1911=ORIENTED_EDGE('',*,*,#1354,.F.);
#1912=ORIENTED_EDGE('',*,*,#1355,.F.);
#1913=ORIENTED_EDGE('',*,*,#1356,.T.);
#1914=ORIENTED_EDGE('',*,*,#1357,.T.);
#1915=ORIENTED_EDGE('',*,*,#1345,.F.);
#1916=ORIENTED_EDGE('',*,*,#1300,.F.);
#1917=ORIENTED_EDGE('',*,*,#1358,.T.);
#1918=ORIENTED_EDGE('',*,*,#1359,.T.);
#1919=ORIENTED_EDGE('',*,*,#1301,.T.);
#1920=ORIENTED_EDGE('',*,*,#1320,.F.);
#1921=ORIENTED_EDGE('',*,*,#1360,.T.);
#1922=ORIENTED_EDGE('',*,*,#1361,.T.);
#1923=ORIENTED_EDGE('',*,*,#1350,.T.);
#1924=ORIENTED_EDGE('',*,*,#1361,.F.);
#1925=ORIENTED_EDGE('',*,*,#1362,.F.);
#1926=ORIENTED_EDGE('',*,*,#1363,.F.);
#1927=ORIENTED_EDGE('',*,*,#1308,.T.);
#1928=ORIENTED_EDGE('',*,*,#1364,.T.);
#1929=ORIENTED_EDGE('',*,*,#1351,.T.);
#1930=ORIENTED_EDGE('',*,*,#1327,.F.);
#1931=ORIENTED_EDGE('',*,*,#1309,.T.);
#1932=ORIENTED_EDGE('',*,*,#1363,.T.);
#1933=ORIENTED_EDGE('',*,*,#1365,.T.);
#1934=ORIENTED_EDGE('',*,*,#1366,.T.);
#1935=ORIENTED_EDGE('',*,*,#1367,.T.);
#1936=ORIENTED_EDGE('',*,*,#1368,.T.);
#1937=ORIENTED_EDGE('',*,*,#1354,.T.);
#1938=ORIENTED_EDGE('',*,*,#1368,.F.);
#1939=ORIENTED_EDGE('',*,*,#1369,.F.);
#1940=ORIENTED_EDGE('',*,*,#1370,.F.);
#1941=ORIENTED_EDGE('',*,*,#1304,.T.);
#1942=ORIENTED_EDGE('',*,*,#1371,.T.);
#1943=ORIENTED_EDGE('',*,*,#1355,.T.);
#1944=ORIENTED_EDGE('',*,*,#1372,.T.);
#1945=ORIENTED_EDGE('',*,*,#1305,.T.);
#1946=ORIENTED_EDGE('',*,*,#1370,.T.);
#1947=ORIENTED_EDGE('',*,*,#1373,.T.);
#1948=ORIENTED_EDGE('',*,*,#1366,.F.);
#1949=ORIENTED_EDGE('',*,*,#1353,.F.);
#1950=ORIENTED_EDGE('',*,*,#1374,.T.);
#1951=ORIENTED_EDGE('',*,*,#1306,.F.);
#1952=ORIENTED_EDGE('',*,*,#1372,.F.);
#1953=ORIENTED_EDGE('',*,*,#1375,.F.);
#1954=ORIENTED_EDGE('',*,*,#1364,.F.);
#1955=ORIENTED_EDGE('',*,*,#1307,.F.);
#1956=ORIENTED_EDGE('',*,*,#1374,.F.);
#1957=ORIENTED_EDGE('',*,*,#1352,.F.);
#1958=ORIENTED_EDGE('',*,*,#1376,.T.);
#1959=ORIENTED_EDGE('',*,*,#1371,.F.);
#1960=ORIENTED_EDGE('',*,*,#1303,.F.);
#1961=ORIENTED_EDGE('',*,*,#1377,.F.);
#1962=ORIENTED_EDGE('',*,*,#1356,.F.);
#1963=ORIENTED_EDGE('',*,*,#1378,.T.);
#1964=ORIENTED_EDGE('',*,*,#1379,.F.);
#1965=ORIENTED_EDGE('',*,*,#1380,.T.);
#1966=ORIENTED_EDGE('',*,*,#1378,.F.);
#1967=ORIENTED_EDGE('',*,*,#1380,.F.);
#1968=ORIENTED_EDGE('',*,*,#1381,.F.);
#1969=ORIENTED_EDGE('',*,*,#1382,.T.);
#1970=ORIENTED_EDGE('',*,*,#1376,.F.);
#1971=ORIENTED_EDGE('',*,*,#1382,.F.);
#1972=ORIENTED_EDGE('',*,*,#1346,.F.);
#1973=ORIENTED_EDGE('',*,*,#1357,.F.);
#1974=ORIENTED_EDGE('',*,*,#1377,.T.);
#1975=ORIENTED_EDGE('',*,*,#1302,.F.);
#1976=ORIENTED_EDGE('',*,*,#1359,.F.);
#1977=ORIENTED_EDGE('',*,*,#1383,.F.);
#1978=ORIENTED_EDGE('',*,*,#1322,.F.);
#1979=ORIENTED_EDGE('',*,*,#1365,.F.);
#1980=ORIENTED_EDGE('',*,*,#1362,.T.);
#1981=ORIENTED_EDGE('',*,*,#1360,.F.);
#1982=ORIENTED_EDGE('',*,*,#1298,.F.);
#1983=ORIENTED_EDGE('',*,*,#1347,.F.);
#1984=ORIENTED_EDGE('',*,*,#1383,.T.);
#1985=ORIENTED_EDGE('',*,*,#1358,.F.);
#1986=ORIENTED_EDGE('',*,*,#1367,.F.);
#1987=ORIENTED_EDGE('',*,*,#1375,.T.);
#1988=ORIENTED_EDGE('',*,*,#1373,.F.);
#1989=ORIENTED_EDGE('',*,*,#1369,.T.);
#1990=ORIENTED_EDGE('',*,*,#1349,.F.);
#1991=ORIENTED_EDGE('',*,*,#1337,.T.);
#1992=ORIENTED_EDGE('',*,*,#1340,.F.);
#1993=ORIENTED_EDGE('',*,*,#1338,.F.);
#1994=ORIENTED_EDGE('',*,*,#1381,.T.);
#1995=ORIENTED_EDGE('',*,*,#1348,.F.);
#1996=ORIENTED_EDGE('',*,*,#1341,.T.);
#1997=ORIENTED_EDGE('',*,*,#1344,.F.);
#1998=ORIENTED_EDGE('',*,*,#1342,.F.);
#1999=ORIENTED_EDGE('',*,*,#1379,.T.);
#2000=PLANE('',#2248);
#2001=PLANE('',#2251);
#2002=PLANE('',#2252);
#2003=PLANE('',#2253);
#2004=PLANE('',#2257);
#2005=PLANE('',#2258);
#2006=PLANE('',#2259);
#2007=PLANE('',#2260);
#2008=PLANE('',#2261);
#2009=PLANE('',#2262);
#2010=PLANE('',#2263);
#2011=PLANE('',#2267);
#2012=PLANE('',#2270);
#2013=PLANE('',#2271);
#2014=PLANE('',#2272);
#2015=PLANE('',#2273);
#2016=PLANE('',#2274);
#2017=PLANE('',#2277);
#2018=PLANE('',#2278);
#2019=PLANE('',#2279);
#2020=PLANE('',#2280);
#2021=PLANE('',#2281);
#2022=PLANE('',#2283);
#2023=PLANE('',#2288);
#2024=PLANE('',#2289);
#2025=PLANE('',#2290);
#2026=PLANE('',#2291);
#2027=PLANE('',#2292);
#2028=PLANE('',#2293);
#2029=PLANE('',#2294);
#2030=PLANE('',#2295);
#2031=PLANE('',#2296);
#2032=PLANE('',#2297);
#2033=PLANE('',#2298);
#2034=PLANE('',#2299);
#2035=PLANE('',#2300);
#2036=PLANE('',#2301);
#2037=PLANE('',#2302);
#2038=PLANE('',#2304);
#2039=PLANE('',#2305);
#2040=PLANE('',#2311);
#2041=PLANE('',#2314);
#2042=PLANE('',#2315);
#2043=PLANE('',#2316);
#2044=PLANE('',#2318);
#2045=PLANE('',#2322);
#2046=PLANE('',#2323);
#2047=PLANE('',#2327);
#2048=PLANE('',#2328);
#2049=PLANE('',#2332);
#2050=PLANE('',#2339);
#2051=PLANE('',#2343);
#2052=PLANE('',#2344);
#2053=PLANE('',#2350);
#2054=PLANE('',#2359);
#2055=PLANE('',#2360);
#2056=PLANE('',#2361);
#2057=PLANE('',#2362);
#2058=PLANE('',#2363);
#2059=PLANE('',#2367);
#2060=PLANE('',#2368);
#2061=PLANE('',#2369);
#2062=PLANE('',#2370);
#2063=PLANE('',#2371);
#2064=PLANE('',#2372);
#2065=PLANE('',#2373);
#2066=PLANE('',#2374);
#2067=PLANE('',#2375);
#2068=PLANE('',#2376);
#2069=PLANE('',#2377);
#2070=PLANE('',#2378);
#2071=PLANE('',#2381);
#2072=PLANE('',#2382);
#2073=PLANE('',#2383);
#2074=PLANE('',#2384);
#2075=PLANE('',#2385);
#2076=PLANE('',#2387);
#2077=PLANE('',#2392);
#2078=PLANE('',#2393);
#2079=PLANE('',#2394);
#2080=PLANE('',#2395);
#2081=PLANE('',#2396);
#2082=PLANE('',#2397);
#2083=PLANE('',#2398);
#2084=PLANE('',#2399);
#2085=PLANE('',#2400);
#2086=PLANE('',#2401);
#2087=PLANE('',#2402);
#2088=PLANE('',#2404);
#2089=PLANE('',#2410);
#2090=PLANE('',#2411);
#2091=PLANE('',#2412);
#2092=PLANE('',#2413);
#2093=PLANE('',#2414);
#2094=PLANE('',#2415);
#2095=ADVANCED_FACE('',(#579,#568),#2000,.F.);
#2096=ADVANCED_FACE('',(#580),#2001,.T.);
#2097=ADVANCED_FACE('',(#581),#2002,.T.);
#2098=ADVANCED_FACE('',(#582),#2003,.T.);
#2099=ADVANCED_FACE('',(#583),#69,.T.);
#2100=ADVANCED_FACE('',(#584),#2004,.T.);
#2101=ADVANCED_FACE('',(#585),#2005,.T.);
#2102=ADVANCED_FACE('',(#586),#2006,.T.);
#2103=ADVANCED_FACE('',(#587),#2007,.T.);
#2104=ADVANCED_FACE('',(#588),#2008,.T.);
#2105=ADVANCED_FACE('',(#589),#2009,.T.);
#2106=ADVANCED_FACE('',(#590),#2010,.T.);
#2107=ADVANCED_FACE('',(#591),#70,.F.);
#2108=ADVANCED_FACE('',(#592,#569),#2011,.F.);
#2109=ADVANCED_FACE('',(#593),#47,.F.);
#2110=ADVANCED_FACE('',(#594),#2012,.T.);
#2111=ADVANCED_FACE('',(#595),#2013,.T.);
#2112=ADVANCED_FACE('',(#596),#2014,.T.);
#2113=ADVANCED_FACE('',(#597),#2015,.T.);
#2114=ADVANCED_FACE('',(#598),#2016,.T.);
#2115=ADVANCED_FACE('',(#599),#71,.T.);
#2116=ADVANCED_FACE('',(#600),#2017,.T.);
#2117=ADVANCED_FACE('',(#601),#2018,.T.);
#2118=ADVANCED_FACE('',(#602),#2019,.T.);
#2119=ADVANCED_FACE('',(#603),#2020,.T.);
#2120=ADVANCED_FACE('',(#604),#2021,.T.);
#2121=ADVANCED_FACE('',(#605),#48,.T.);
#2122=ADVANCED_FACE('',(#606),#2022,.T.);
#2123=ADVANCED_FACE('',(#607),#27,.T.);
#2124=ADVANCED_FACE('',(#608),#49,.F.);
#2125=ADVANCED_FACE('',(#609),#28,.T.);
#2126=ADVANCED_FACE('',(#610),#50,.F.);
#2127=ADVANCED_FACE('',(#611),#2023,.T.);
#2128=ADVANCED_FACE('',(#612),#2024,.F.);
#2129=ADVANCED_FACE('',(#613),#2025,.T.);
#2130=ADVANCED_FACE('',(#614),#2026,.T.);
#2131=ADVANCED_FACE('',(#615),#2027,.T.);
#2132=ADVANCED_FACE('',(#616),#2028,.F.);
#2133=ADVANCED_FACE('',(#617),#2029,.T.);
#2134=ADVANCED_FACE('',(#618),#2030,.T.);
#2135=ADVANCED_FACE('',(#619),#2031,.F.);
#2136=ADVANCED_FACE('',(#620),#2032,.T.);
#2137=ADVANCED_FACE('',(#621),#2033,.F.);
#2138=ADVANCED_FACE('',(#622),#2034,.T.);
#2139=ADVANCED_FACE('',(#623),#2035,.T.);
#2140=ADVANCED_FACE('',(#624),#2036,.T.);
#2141=ADVANCED_FACE('',(#625,#570),#2037,.F.);
#2142=ADVANCED_FACE('',(#626),#2038,.T.);
#2143=ADVANCED_FACE('',(#627,#571),#2039,.F.);
#2144=ADVANCED_FACE('',(#628),#51,.F.);
#2145=ADVANCED_FACE('',(#629),#52,.F.);
#2146=ADVANCED_FACE('',(#630),#2040,.T.);
#2147=ADVANCED_FACE('',(#631),#53,.F.);
#2148=ADVANCED_FACE('',(#632),#2041,.F.);
#2149=ADVANCED_FACE('',(#633,#572),#2042,.F.);
#2150=ADVANCED_FACE('',(#634,#573),#2043,.F.);
#2151=ADVANCED_FACE('',(#635),#2044,.F.);
#2152=ADVANCED_FACE('',(#636),#54,.F.);
#2153=ADVANCED_FACE('',(#637),#2045,.F.);
#2154=ADVANCED_FACE('',(#638),#2046,.F.);
#2155=ADVANCED_FACE('',(#639),#55,.F.);
#2156=ADVANCED_FACE('',(#640),#2047,.F.);
#2157=ADVANCED_FACE('',(#641),#2048,.F.);
#2158=ADVANCED_FACE('',(#642),#56,.F.);
#2159=ADVANCED_FACE('',(#643),#2049,.F.);
#2160=ADVANCED_FACE('',(#644),#57,.F.);
#2161=ADVANCED_FACE('',(#645),#58,.F.);
#2162=ADVANCED_FACE('',(#646),#2050,.F.);
#2163=ADVANCED_FACE('',(#647),#59,.F.);
#2164=ADVANCED_FACE('',(#648),#2051,.F.);
#2165=ADVANCED_FACE('',(#649,#574),#2052,.F.);
#2166=ADVANCED_FACE('',(#650),#2053,.F.);
#2167=ADVANCED_FACE('',(#651),#60,.F.);
#2168=ADVANCED_FACE('',(#652),#61,.F.);
#2169=ADVANCED_FACE('',(#653),#62,.F.);
#2170=ADVANCED_FACE('',(#654),#63,.F.);
#2171=ADVANCED_FACE('',(#655),#2054,.F.);
#2172=ADVANCED_FACE('',(#656),#2055,.F.);
#2173=ADVANCED_FACE('',(#657),#2056,.T.);
#2174=ADVANCED_FACE('',(#658),#2057,.T.);
#2175=ADVANCED_FACE('',(#659),#2058,.T.);
#2176=ADVANCED_FACE('',(#660),#72,.T.);
#2177=ADVANCED_FACE('',(#661),#2059,.T.);
#2178=ADVANCED_FACE('',(#662),#2060,.T.);
#2179=ADVANCED_FACE('',(#663),#2061,.T.);
#2180=ADVANCED_FACE('',(#664),#2062,.T.);
#2181=ADVANCED_FACE('',(#665),#2063,.T.);
#2182=ADVANCED_FACE('',(#666),#2064,.T.);
#2183=ADVANCED_FACE('',(#667),#2065,.T.);
#2184=ADVANCED_FACE('',(#668),#2066,.T.);
#2185=ADVANCED_FACE('',(#669),#2067,.T.);
#2186=ADVANCED_FACE('',(#670),#2068,.T.);
#2187=ADVANCED_FACE('',(#671),#2069,.T.);
#2188=ADVANCED_FACE('',(#672),#2070,.T.);
#2189=ADVANCED_FACE('',(#673),#73,.T.);
#2190=ADVANCED_FACE('',(#674),#2071,.T.);
#2191=ADVANCED_FACE('',(#675),#2072,.T.);
#2192=ADVANCED_FACE('',(#676),#2073,.T.);
#2193=ADVANCED_FACE('',(#677),#2074,.T.);
#2194=ADVANCED_FACE('',(#678),#2075,.T.);
#2195=ADVANCED_FACE('',(#679),#64,.T.);
#2196=ADVANCED_FACE('',(#680),#2076,.T.);
#2197=ADVANCED_FACE('',(#681),#29,.T.);
#2198=ADVANCED_FACE('',(#682),#65,.F.);
#2199=ADVANCED_FACE('',(#683),#30,.T.);
#2200=ADVANCED_FACE('',(#684),#66,.F.);
#2201=ADVANCED_FACE('',(#685),#2077,.T.);
#2202=ADVANCED_FACE('',(#686),#2078,.T.);
#2203=ADVANCED_FACE('',(#687),#2079,.T.);
#2204=ADVANCED_FACE('',(#688),#2080,.T.);
#2205=ADVANCED_FACE('',(#689),#2081,.T.);
#2206=ADVANCED_FACE('',(#690),#2082,.T.);
#2207=ADVANCED_FACE('',(#691),#2083,.T.);
#2208=ADVANCED_FACE('',(#692),#2084,.T.);
#2209=ADVANCED_FACE('',(#693),#2085,.T.);
#2210=ADVANCED_FACE('',(#694),#2086,.F.);
#2211=ADVANCED_FACE('',(#695,#575),#2087,.F.);
#2212=ADVANCED_FACE('',(#696,#576),#2088,.F.);
#2213=ADVANCED_FACE('',(#697),#67,.F.);
#2214=ADVANCED_FACE('',(#698),#68,.F.);
#2215=ADVANCED_FACE('',(#699),#2089,.F.);
#2216=ADVANCED_FACE('',(#700),#2090,.T.);
#2217=ADVANCED_FACE('',(#701),#2091,.T.);
#2218=ADVANCED_FACE('',(#702),#2092,.T.);
#2219=ADVANCED_FACE('',(#703,#577),#2093,.F.);
#2220=ADVANCED_FACE('',(#704,#578),#2094,.F.);
#2221=CLOSED_SHELL('',(#2095,#2096,#2097,#2098,#2099,#2100,#2101,#2102,
#2103,#2104,#2105,#2106,#2107,#2108,#2109,#2110,#2111,#2112,#2113,#2114,
#2115,#2116,#2117,#2118,#2119,#2120,#2121,#2122,#2123,#2124,#2125,#2126,
#2127,#2128,#2129,#2130,#2131,#2132,#2133,#2134,#2135,#2136,#2137,#2138,
#2139,#2140,#2141,#2142,#2143,#2144,#2145,#2146,#2147,#2148,#2149,#2150));
#2222=CLOSED_SHELL('',(#2151,#2152,#2153,#2154,#2155,#2156,#2157,#2158,
#2159,#2160,#2161,#2162,#2163,#2164,#2165,#2166,#2167,#2168,#2169,#2170,
#2171,#2172,#2173,#2174,#2175,#2176,#2177,#2178,#2179,#2180,#2181,#2182,
#2183,#2184,#2185,#2186,#2187,#2188,#2189,#2190,#2191,#2192,#2193,#2194,
#2195,#2196,#2197,#2198,#2199,#2200,#2201,#2202,#2203,#2204,#2205,#2206,
#2207,#2208,#2209,#2210,#2211,#2212,#2213,#2214,#2215,#2216,#2217,#2218,
#2219,#2220));
#2223=DERIVED_UNIT_ELEMENT(#2227,1.);
#2224=DERIVED_UNIT_ELEMENT(#4162,-3.);
#2225=DERIVED_UNIT_ELEMENT(#2227,1.);
#2226=DERIVED_UNIT_ELEMENT(#4162,-3.);
#2227=(
MASS_UNIT()
NAMED_UNIT(*)
SI_UNIT(.KILO.,.GRAM.)
);
#2228=DERIVED_UNIT((#2223,#2224));
#2229=DERIVED_UNIT((#2225,#2226));
#2230=MEASURE_REPRESENTATION_ITEM('density measure',
POSITIVE_RATIO_MEASURE(7850.),#2228);
#2231=MEASURE_REPRESENTATION_ITEM('density measure',
POSITIVE_RATIO_MEASURE(7850.),#2229);
#2232=PROPERTY_DEFINITION_REPRESENTATION(#2242,#2236);
#2233=PROPERTY_DEFINITION_REPRESENTATION(#2243,#2237);
#2234=PROPERTY_DEFINITION_REPRESENTATION(#2244,#2238);
#2235=PROPERTY_DEFINITION_REPRESENTATION(#2245,#2239);
#2236=REPRESENTATION('material name',(#2240),#4158);
#2237=REPRESENTATION('density',(#2230),#4158);
#2238=REPRESENTATION('material name',(#2241),#4159);
#2239=REPRESENTATION('density',(#2231),#4159);
#2240=DESCRIPTIVE_REPRESENTATION_ITEM('Steel','Steel');
#2241=DESCRIPTIVE_REPRESENTATION_ITEM('Steel','Steel');
#2242=PROPERTY_DEFINITION('material property','material name',#4178);
#2243=PROPERTY_DEFINITION('material property','density of part',#4178);
#2244=PROPERTY_DEFINITION('material property','material name',#4179);
#2245=PROPERTY_DEFINITION('material property','density of part',#4179);
#2246=AXIS2_PLACEMENT_3D('',#3009,#2418,#2419);
#2247=AXIS2_PLACEMENT_3D('',#3010,#2420,#2421);
#2248=AXIS2_PLACEMENT_3D('',#3011,#2422,#2423);
#2249=AXIS2_PLACEMENT_3D('',#3013,#2424,#2425);
#2250=AXIS2_PLACEMENT_3D('',#3015,#2426,#2427);
#2251=AXIS2_PLACEMENT_3D('',#3016,#2428,#2429);
#2252=AXIS2_PLACEMENT_3D('',#3027,#2435,#2436);
#2253=AXIS2_PLACEMENT_3D('',#3033,#2440,#2441);
#2254=AXIS2_PLACEMENT_3D('',#3039,#2445,#2446);
#2255=AXIS2_PLACEMENT_3D('',#3043,#2448,#2449);
#2256=AXIS2_PLACEMENT_3D('',#3044,#2450,#2451);
#2257=AXIS2_PLACEMENT_3D('',#3045,#2452,#2453);
#2258=AXIS2_PLACEMENT_3D('',#3051,#2457,#2458);
#2259=AXIS2_PLACEMENT_3D('',#3059,#2463,#2464);
#2260=AXIS2_PLACEMENT_3D('',#3061,#2466,#2467);
#2261=AXIS2_PLACEMENT_3D('',#3067,#2471,#2472);
#2262=AXIS2_PLACEMENT_3D('',#3069,#2474,#2475);
#2263=AXIS2_PLACEMENT_3D('',#3071,#2477,#2478);
#2264=AXIS2_PLACEMENT_3D('',#3093,#2490,#2491);
#2265=AXIS2_PLACEMENT_3D('',#3095,#2492,#2493);
#2266=AXIS2_PLACEMENT_3D('',#3098,#2495,#2496);
#2267=AXIS2_PLACEMENT_3D('',#3099,#2497,#2498);
#2268=AXIS2_PLACEMENT_3D('',#3104,#2500,#2501);
#2269=AXIS2_PLACEMENT_3D('',#3118,#2509,#2510);
#2270=AXIS2_PLACEMENT_3D('',#3120,#2512,#2513);
#2271=AXIS2_PLACEMENT_3D('',#3125,#2517,#2518);
#2272=AXIS2_PLACEMENT_3D('',#3131,#2522,#2523);
#2273=AXIS2_PLACEMENT_3D('',#3135,#2526,#2527);
#2274=AXIS2_PLACEMENT_3D('',#3139,#2530,#2531);
#2275=AXIS2_PLACEMENT_3D('',#3143,#2534,#2535);
#2276=AXIS2_PLACEMENT_3D('',#3146,#2537,#2538);
#2277=AXIS2_PLACEMENT_3D('',#3147,#2539,#2540);
#2278=AXIS2_PLACEMENT_3D('',#3149,#2542,#2543);
#2279=AXIS2_PLACEMENT_3D('',#3152,#2546,#2547);
#2280=AXIS2_PLACEMENT_3D('',#3153,#2548,#2549);
#2281=AXIS2_PLACEMENT_3D('',#3155,#2551,#2552);
#2282=AXIS2_PLACEMENT_3D('',#3157,#2554,#2555);
#2283=AXIS2_PLACEMENT_3D('',#3159,#2557,#2558);
#2284=AXIS2_PLACEMENT_3D('',#3358,#2562,#2563);
#2285=AXIS2_PLACEMENT_3D('',#3359,#2564,#2565);
#2286=AXIS2_PLACEMENT_3D('',#3441,#2566,#2567);
#2287=AXIS2_PLACEMENT_3D('',#3442,#2568,#2569);
#2288=AXIS2_PLACEMENT_3D('',#3443,#2570,#2571);
#2289=AXIS2_PLACEMENT_3D('',#3449,#2575,#2576);
#2290=AXIS2_PLACEMENT_3D('',#3454,#2580,#2581);
#2291=AXIS2_PLACEMENT_3D('',#3456,#2583,#2584);
#2292=AXIS2_PLACEMENT_3D('',#3462,#2588,#2589);
#2293=AXIS2_PLACEMENT_3D('',#3466,#2592,#2593);
#2294=AXIS2_PLACEMENT_3D('',#3471,#2597,#2598);
#2295=AXIS2_PLACEMENT_3D('',#3480,#2603,#2604);
#2296=AXIS2_PLACEMENT_3D('',#3486,#2608,#2609);
#2297=AXIS2_PLACEMENT_3D('',#3491,#2613,#2614);
#2298=AXIS2_PLACEMENT_3D('',#3493,#2616,#2617);
#2299=AXIS2_PLACEMENT_3D('',#3495,#2619,#2620);
#2300=AXIS2_PLACEMENT_3D('',#3496,#2621,#2622);
#2301=AXIS2_PLACEMENT_3D('',#3497,#2623,#2624);
#2302=AXIS2_PLACEMENT_3D('',#3501,#2627,#2628);
#2303=AXIS2_PLACEMENT_3D('',#3504,#2630,#2631);
#2304=AXIS2_PLACEMENT_3D('',#3505,#2632,#2633);
#2305=AXIS2_PLACEMENT_3D('',#3509,#2636,#2637);
#2306=AXIS2_PLACEMENT_3D('',#3512,#2639,#2640);
#2307=AXIS2_PLACEMENT_3D('',#3513,#2641,#2642);
#2308=AXIS2_PLACEMENT_3D('',#3515,#2643,#2644);
#2309=AXIS2_PLACEMENT_3D('',#3517,#2646,#2647);
#2310=AXIS2_PLACEMENT_3D('',#3519,#2648,#2649);
#2311=AXIS2_PLACEMENT_3D('',#3521,#2651,#2652);
#2312=AXIS2_PLACEMENT_3D('',#3524,#2655,#2656);
#2313=AXIS2_PLACEMENT_3D('',#3527,#2658,#2659);
#2314=AXIS2_PLACEMENT_3D('',#3528,#2660,#2661);
#2315=AXIS2_PLACEMENT_3D('',#3529,#2662,#2663);
#2316=AXIS2_PLACEMENT_3D('',#3530,#2664,#2665);
#2317=AXIS2_PLACEMENT_3D('',#3531,#2666,#2667);
#2318=AXIS2_PLACEMENT_3D('',#3532,#2668,#2669);
#2319=AXIS2_PLACEMENT_3D('',#3541,#2674,#2675);
#2320=AXIS2_PLACEMENT_3D('',#3545,#2677,#2678);
#2321=AXIS2_PLACEMENT_3D('',#3546,#2679,#2680);
#2322=AXIS2_PLACEMENT_3D('',#3547,#2681,#2682);
#2323=AXIS2_PLACEMENT_3D('',#3553,#2686,#2687);
#2324=AXIS2_PLACEMENT_3D('',#3562,#2692,#2693);
#2325=AXIS2_PLACEMENT_3D('',#3566,#2695,#2696);
#2326=AXIS2_PLACEMENT_3D('',#3567,#2697,#2698);
#2327=AXIS2_PLACEMENT_3D('',#3568,#2699,#2700);
#2328=AXIS2_PLACEMENT_3D('',#3574,#2704,#2705);
#2329=AXIS2_PLACEMENT_3D('',#3583,#2710,#2711);
#2330=AXIS2_PLACEMENT_3D('',#3587,#2713,#2714);
#2331=AXIS2_PLACEMENT_3D('',#3588,#2715,#2716);
#2332=AXIS2_PLACEMENT_3D('',#3589,#2717,#2718);
#2333=AXIS2_PLACEMENT_3D('',#3595,#2722,#2723);
#2334=AXIS2_PLACEMENT_3D('',#3597,#2724,#2725);
#2335=AXIS2_PLACEMENT_3D('',#3600,#2727,#2728);
#2336=AXIS2_PLACEMENT_3D('',#3601,#2729,#2730);
#2337=AXIS2_PLACEMENT_3D('',#3606,#2732,#2733);
#2338=AXIS2_PLACEMENT_3D('',#3609,#2735,#2736);
#2339=AXIS2_PLACEMENT_3D('',#3610,#2737,#2738);
#2340=AXIS2_PLACEMENT_3D('',#3619,#2743,#2744);
#2341=AXIS2_PLACEMENT_3D('',#3623,#2746,#2747);
#2342=AXIS2_PLACEMENT_3D('',#3624,#2748,#2749);
#2343=AXIS2_PLACEMENT_3D('',#3625,#2750,#2751);
#2344=AXIS2_PLACEMENT_3D('',#3628,#2754,#2755);
#2345=AXIS2_PLACEMENT_3D('',#3633,#2757,#2758);
#2346=AXIS2_PLACEMENT_3D('',#3647,#2766,#2767);
#2347=AXIS2_PLACEMENT_3D('',#3648,#2768,#2769);
#2348=AXIS2_PLACEMENT_3D('',#3649,#2770,#2771);
#2349=AXIS2_PLACEMENT_3D('',#3653,#2773,#2774);
#2350=AXIS2_PLACEMENT_3D('',#3655,#2776,#2777);
#2351=AXIS2_PLACEMENT_3D('',#3659,#2780,#2781);
#2352=AXIS2_PLACEMENT_3D('',#3660,#2782,#2783);
#2353=AXIS2_PLACEMENT_3D('',#3661,#2784,#2785);
#2354=AXIS2_PLACEMENT_3D('',#3662,#2786,#2787);
#2355=AXIS2_PLACEMENT_3D('',#3663,#2788,#2789);
#2356=AXIS2_PLACEMENT_3D('',#3664,#2790,#2791);
#2357=AXIS2_PLACEMENT_3D('',#3665,#2792,#2793);
#2358=AXIS2_PLACEMENT_3D('',#3668,#2795,#2796);
#2359=AXIS2_PLACEMENT_3D('',#3669,#2797,#2798);
#2360=AXIS2_PLACEMENT_3D('',#3671,#2800,#2801);
#2361=AXIS2_PLACEMENT_3D('',#3672,#2802,#2803);
#2362=AXIS2_PLACEMENT_3D('',#3683,#2809,#2810);
#2363=AXIS2_PLACEMENT_3D('',#3689,#2814,#2815);
#2364=AXIS2_PLACEMENT_3D('',#3695,#2819,#2820);
#2365=AXIS2_PLACEMENT_3D('',#3699,#2822,#2823);
#2366=AXIS2_PLACEMENT_3D('',#3700,#2824,#2825);
#2367=AXIS2_PLACEMENT_3D('',#3701,#2826,#2827);
#2368=AXIS2_PLACEMENT_3D('',#3707,#2831,#2832);
#2369=AXIS2_PLACEMENT_3D('',#3715,#2837,#2838);
#2370=AXIS2_PLACEMENT_3D('',#3717,#2840,#2841);
#2371=AXIS2_PLACEMENT_3D('',#3721,#2844,#2845);
#2372=AXIS2_PLACEMENT_3D('',#3725,#2848,#2849);
#2373=AXIS2_PLACEMENT_3D('',#3727,#2851,#2852);
#2374=AXIS2_PLACEMENT_3D('',#3749,#2864,#2865);
#2375=AXIS2_PLACEMENT_3D('',#3754,#2869,#2870);
#2376=AXIS2_PLACEMENT_3D('',#3760,#2874,#2875);
#2377=AXIS2_PLACEMENT_3D('',#3764,#2878,#2879);
#2378=AXIS2_PLACEMENT_3D('',#3768,#2882,#2883);
#2379=AXIS2_PLACEMENT_3D('',#3772,#2886,#2887);
#2380=AXIS2_PLACEMENT_3D('',#3775,#2889,#2890);
#2381=AXIS2_PLACEMENT_3D('',#3776,#2891,#2892);
#2382=AXIS2_PLACEMENT_3D('',#3778,#2894,#2895);
#2383=AXIS2_PLACEMENT_3D('',#3781,#2898,#2899);
#2384=AXIS2_PLACEMENT_3D('',#3782,#2900,#2901);
#2385=AXIS2_PLACEMENT_3D('',#3784,#2903,#2904);
#2386=AXIS2_PLACEMENT_3D('',#3786,#2906,#2907);
#2387=AXIS2_PLACEMENT_3D('',#3788,#2909,#2910);
#2388=AXIS2_PLACEMENT_3D('',#3987,#2914,#2915);
#2389=AXIS2_PLACEMENT_3D('',#3988,#2916,#2917);
#2390=AXIS2_PLACEMENT_3D('',#4070,#2918,#2919);
#2391=AXIS2_PLACEMENT_3D('',#4071,#2920,#2921);
#2392=AXIS2_PLACEMENT_3D('',#4072,#2922,#2923);
#2393=AXIS2_PLACEMENT_3D('',#4078,#2927,#2928);
#2394=AXIS2_PLACEMENT_3D('',#4096,#2939,#2940);
#2395=AXIS2_PLACEMENT_3D('',#4100,#2943,#2944);
#2396=AXIS2_PLACEMENT_3D('',#4104,#2947,#2948);
#2397=AXIS2_PLACEMENT_3D('',#4109,#2952,#2953);
#2398=AXIS2_PLACEMENT_3D('',#4111,#2955,#2956);
#2399=AXIS2_PLACEMENT_3D('',#4117,#2960,#2961);
#2400=AXIS2_PLACEMENT_3D('',#4122,#2965,#2966);
#2401=AXIS2_PLACEMENT_3D('',#4126,#2969,#2970);
#2402=AXIS2_PLACEMENT_3D('',#4129,#2973,#2974);
#2403=AXIS2_PLACEMENT_3D('',#4131,#2975,#2976);
#2404=AXIS2_PLACEMENT_3D('',#4132,#2977,#2978);
#2405=AXIS2_PLACEMENT_3D('',#4135,#2980,#2981);
#2406=AXIS2_PLACEMENT_3D('',#4136,#2982,#2983);
#2407=AXIS2_PLACEMENT_3D('',#4138,#2984,#2985);
#2408=AXIS2_PLACEMENT_3D('',#4140,#2987,#2988);
#2409=AXIS2_PLACEMENT_3D('',#4142,#2989,#2990);
#2410=AXIS2_PLACEMENT_3D('',#4144,#2992,#2993);
#2411=AXIS2_PLACEMENT_3D('',#4146,#2995,#2996);
#2412=AXIS2_PLACEMENT_3D('',#4147,#2997,#2998);
#2413=AXIS2_PLACEMENT_3D('',#4148,#2999,#3000);
#2414=AXIS2_PLACEMENT_3D('',#4149,#3001,#3002);
#2415=AXIS2_PLACEMENT_3D('',#4150,#3003,#3004);
#2416=AXIS2_PLACEMENT_3D('',#4151,#3005,#3006);
#2417=AXIS2_PLACEMENT_3D('',#4152,#3007,#3008);
#2418=DIRECTION('axis',(0.,0.,1.));
#2419=DIRECTION('refdir',(1.,0.,0.));
#2420=DIRECTION('axis',(0.,0.,1.));
#2421=DIRECTION('refdir',(1.,0.,0.));
#2422=DIRECTION('center_axis',(1.22464679914861E-16,-1.3877787807678E-17,
1.));
#2423=DIRECTION('ref_axis',(-1.,-3.65755965206731E-98,1.22464679914861E-16));
#2424=DIRECTION('center_axis',(1.22464679914861E-16,-1.3877787807678E-17,
1.));
#2425=DIRECTION('ref_axis',(-1.,-3.65755965206731E-98,1.22464679914861E-16));
#2426=DIRECTION('center_axis',(-1.22464679914861E-16,1.3877787807678E-17,
-1.));
#2427=DIRECTION('ref_axis',(-1.,0.,0.));
#2428=DIRECTION('center_axis',(-0.707106781186573,-5.02527717557492E-14,
0.707106781186522));
#2429=DIRECTION('ref_axis',(0.707106781186522,0.,0.707106781186573));
#2430=DIRECTION('',(-7.10542735760099E-14,1.,1.38777878076867E-17));
#2431=DIRECTION('',(-0.577350269189626,0.577350269189626,-0.577350269189626));
#2432=DIRECTION('',(-0.67859834454582,0.281084637714882,-0.678598344545848));
#2433=DIRECTION('',(7.10542735760099E-14,-1.,-1.38777878076867E-17));
#2434=DIRECTION('',(0.577350269189653,-0.577350269189612,0.577350269189612));
#2435=DIRECTION('center_axis',(-1.40663505008209E-14,0.707106781186548,
0.707106781186548));
#2436=DIRECTION('ref_axis',(1.,0.,1.98928236513545E-14));
#2437=DIRECTION('',(1.,2.00152883312694E-14,-1.22464679914861E-16));
#2438=DIRECTION('',(-1.,-2.00152883312694E-14,1.22464679914861E-16));
#2439=DIRECTION('',(0.0783260449987072,-0.704934404989166,0.704934404989166));
#2440=DIRECTION('center_axis',(-0.155218561723844,0.689860274328343,0.707106781186551));
#2441=DIRECTION('ref_axis',(0.976744343171893,0.,0.214407294842565));
#2442=DIRECTION('',(-0.975609756097571,-0.219512195121907,1.16431392837205E-16));
#2443=DIRECTION('',(0.155218561723822,-0.689860274328405,0.707106781186495));
#2444=DIRECTION('',(0.975609756097571,0.219512195121907,-1.16431392837205E-16));
#2445=DIRECTION('center_axis',(0.,0.,-1.));
#2446=DIRECTION('ref_axis',(-1.,-7.78955302488757E-34,5.61296449609781E-17));
#2447=DIRECTION('',(-0.466732409952326,0.531188156400407,0.707106781186569));
#2448=DIRECTION('center_axis',(-1.22464679914861E-16,1.3877787807678E-17,
-1.));
#2449=DIRECTION('ref_axis',(-1.,-1.69953884179365E-33,1.22464679914861E-16));
#2450=DIRECTION('center_axis',(1.22464679914861E-16,-1.3877787807678E-17,
1.));
#2451=DIRECTION('ref_axis',(-1.,-1.71056941444218E-48,0.));
#2452=DIRECTION('center_axis',(0.466732409952365,-0.531188156400408,0.707106781186543));
#2453=DIRECTION('ref_axis',(0.834586651363471,0.,-0.550876684354955));
#2454=DIRECTION('',(-0.751213494953413,-0.66005930415371,8.28369572436651E-17));
#2455=DIRECTION('',(0.751213494953413,0.66005930415371,-8.28369572436651E-17));
#2456=DIRECTION('',(-0.673469202486982,0.304759686643584,0.673469202486982));
#2457=DIRECTION('center_axis',(0.707106781186548,-9.81307786667709E-18,
0.707106781186548));
#2458=DIRECTION('ref_axis',(0.707106781186548,0.,-0.707106781186548));
#2459=DIRECTION('',(1.69953884179364E-33,1.,1.3877787807678E-17));
#2460=DIRECTION('',(-0.678598344545841,-0.28108463771485,0.678598344545841));
#2461=DIRECTION('',(-0.577350269189626,-0.577350269189626,0.577350269189626));
#2462=DIRECTION('',(-1.69953884179364E-33,-1.,-1.3877787807678E-17));
#2463=DIRECTION('center_axis',(1.22464679914861E-16,-1.3877787807678E-17,
1.));
#2464=DIRECTION('ref_axis',(-1.,-1.71056941444218E-48,1.22464679914861E-16));
#2465=DIRECTION('',(1.,1.71056941444218E-48,-1.22464679914861E-16));
#2466=DIRECTION('center_axis',(8.65956056236383E-17,0.707106781186548,0.707106781186548));
#2467=DIRECTION('ref_axis',(1.,0.,-1.22464679914861E-16));
#2468=DIRECTION('',(0.28108463771485,0.678598344545841,-0.678598344545841));
#2469=DIRECTION('',(-1.,-1.71056941444218E-48,1.22464679914861E-16));
#2470=DIRECTION('',(0.28108463771485,-0.678598344545841,0.678598344545841));
#2471=DIRECTION('center_axis',(0.499999999999992,0.499999999999992,0.70710678118656));
#2472=DIRECTION('ref_axis',(0.816496580927735,0.,-0.577350269189613));
#2473=DIRECTION('',(-0.707106781186548,0.707106781186548,9.64086834903154E-17));
#2474=DIRECTION('center_axis',(-0.499999999999992,0.499999999999992,0.70710678118656));
#2475=DIRECTION('ref_axis',(0.816496580927735,0.,0.577350269189613));
#2476=DIRECTION('',(-0.707106781186548,-0.707106781186548,7.67825277569612E-17));
#2477=DIRECTION('center_axis',(-1.,-7.10542735760099E-14,0.));
#2478=DIRECTION('ref_axis',(-7.10542735760099E-14,1.,1.38777878076867E-17));
#2479=DIRECTION('',(0.,0.,1.));
#2480=DIRECTION('',(7.10542735760099E-14,-1.,5.50368073410007E-29));
#2481=DIRECTION('',(0.,0.,-1.));
#2482=DIRECTION('',(5.82042534552581E-14,-0.819152044288997,0.573576436351039));
#2483=DIRECTION('',(0.,0.,1.));
#2484=DIRECTION('',(7.10542735760099E-14,-1.,9.7843213050668E-29));
#2485=DIRECTION('',(0.,0.,-1.));
#2486=DIRECTION('',(5.82042534552581E-14,-0.819152044288997,0.573576436351039));
#2487=DIRECTION('',(0.,0.,1.));
#2488=DIRECTION('',(-7.10542735760099E-14,1.,1.38777878076867E-17));
#2489=DIRECTION('',(0.,0.,-1.));
#2490=DIRECTION('center_axis',(0.,0.,-1.));
#2491=DIRECTION('ref_axis',(-1.,-9.27021186432898E-34,6.6798916317197E-17));
#2492=DIRECTION('center_axis',(-1.22464679914861E-16,1.3877787807678E-17,
-1.));
#2493=DIRECTION('ref_axis',(-1.,-1.69953884179365E-33,1.22464679914861E-16));
#2494=DIRECTION('',(-0.707106781186548,8.65956056235493E-17,0.707106781186548));
#2495=DIRECTION('center_axis',(1.22464679914861E-16,-1.3877787807678E-17,
1.));
#2496=DIRECTION('ref_axis',(-1.,-3.65755965206731E-98,0.));
#2497=DIRECTION('center_axis',(1.22464679914861E-16,-1.3877787807678E-17,
1.));
#2498=DIRECTION('ref_axis',(1.,0.,-1.22464679914861E-16));
#2499=DIRECTION('',(0.751213494953413,0.66005930415371,-8.28369572436651E-17));
#2500=DIRECTION('center_axis',(1.22464679914861E-16,-1.3877787807678E-17,
1.));
#2501=DIRECTION('ref_axis',(-1.,-1.69953884179365E-33,1.22464679914861E-16));
#2502=DIRECTION('',(-0.975609756097571,-0.219512195121907,1.16431392837205E-16));
#2503=DIRECTION('',(-1.,-2.00152883312694E-14,1.22464679914861E-16));
#2504=DIRECTION('',(7.10542735760099E-14,-1.,-1.38777878076867E-17));
#2505=DIRECTION('',(-0.707106781186548,-0.707106781186548,7.67825277569612E-17));
#2506=DIRECTION('',(-1.,-1.71056941444218E-48,1.22464679914861E-16));
#2507=DIRECTION('',(-0.707106781186548,0.707106781186548,9.64086834903154E-17));
#2508=DIRECTION('',(1.69953884179364E-33,1.,1.3877787807678E-17));
#2509=DIRECTION('center_axis',(0.,0.,1.));
#2510=DIRECTION('ref_axis',(-1.,-3.65755965206731E-98,0.));
#2511=DIRECTION('',(0.,0.,1.));
#2512=DIRECTION('center_axis',(-1.42395417120682E-14,0.707106781186548,
-0.707106781186548));
#2513=DIRECTION('ref_axis',(-1.,0.,2.01377530111843E-14));
#2514=DIRECTION('',(-0.0783260449990565,0.704934404989147,0.704934404989147));
#2515=DIRECTION('',(1.,2.00152883312694E-14,-1.22464679914861E-16));
#2516=DIRECTION('',(0.577350269189665,-0.577350269189606,-0.577350269189606));
#2517=DIRECTION('center_axis',(0.466732409952364,-0.531188156400407,-0.707106781186544));
#2518=DIRECTION('ref_axis',(-0.834586651363472,0.,-0.550876684354953));
#2519=DIRECTION('',(-0.751213494953413,-0.66005930415371,8.28369572436651E-17));
#2520=DIRECTION('',(-0.466732409952317,0.531188156400372,-0.707106781186601));
#2521=DIRECTION('',(0.673469202486976,-0.304759686643612,0.673469202486976));
#2522=DIRECTION('center_axis',(0.707106781186548,9.81307786667708E-18,-0.707106781186548));
#2523=DIRECTION('ref_axis',(-0.707106781186548,0.,-0.707106781186548));
#2524=DIRECTION('',(0.678598344545836,0.281084637714872,0.678598344545836));
#2525=DIRECTION('',(-1.69953884179364E-33,-1.,-1.3877787807678E-17));
#2526=DIRECTION('center_axis',(0.500000000000003,0.500000000000003,-0.707106781186543));
#2527=DIRECTION('ref_axis',(-0.816496580927722,0.,-0.577350269189631));
#2528=DIRECTION('',(0.707106781186548,-0.707106781186548,-9.64086834903154E-17));
#2529=DIRECTION('',(0.281084637714795,0.678598344545887,0.678598344545818));
#2530=DIRECTION('center_axis',(-8.65956056236427E-17,0.707106781186512,
-0.707106781186583));
#2531=DIRECTION('ref_axis',(-1.,0.,1.22464679914861E-16));
#2532=DIRECTION('',(1.,1.71056941444218E-48,-1.22464679914861E-16));
#2533=DIRECTION('',(-0.281084637714732,0.6785983445459,0.678598344545831));
#2534=DIRECTION('center_axis',(0.,0.,1.));
#2535=DIRECTION('ref_axis',(-1.,-8.01408559544974E-34,5.77475726427801E-17));
#2536=DIRECTION('',(0.155218561723806,-0.689860274328355,-0.707106781186548));
#2537=DIRECTION('center_axis',(-1.22464679914861E-16,1.3877787807678E-17,
-1.));
#2538=DIRECTION('ref_axis',(-1.,-1.71056941444218E-48,0.));
#2539=DIRECTION('center_axis',(-0.155218561723835,0.689860274328304,-0.707106781186591));
#2540=DIRECTION('ref_axis',(-0.976744343171898,0.,0.214407294842542));
#2541=DIRECTION('',(0.975609756097571,0.219512195121907,-1.16431392837205E-16));
#2542=DIRECTION('center_axis',(-0.500000000000003,0.500000000000003,-0.707106781186543));
#2543=DIRECTION('ref_axis',(-0.816496580927722,0.,0.577350269189631));
#2544=DIRECTION('',(0.707106781186548,0.707106781186548,-7.67825277569612E-17));
#2545=DIRECTION('',(-0.678598344545849,0.281084637714809,0.678598344545849));
#2546=DIRECTION('center_axis',(-0.707106781186548,-5.0233145600014E-14,
-0.707106781186548));
#2547=DIRECTION('ref_axis',(-0.707106781186548,0.,0.707106781186548));
#2548=DIRECTION('center_axis',(-2.00152883312694E-14,1.,0.));
#2549=DIRECTION('ref_axis',(1.,2.00152883312694E-14,-1.22464679914861E-16));
#2550=DIRECTION('',(0.,0.,-1.));
#2551=DIRECTION('center_axis',(-0.219512195121907,0.975609756097571,0.));
#2552=DIRECTION('ref_axis',(0.975609756097571,0.219512195121907,-1.16431392837205E-16));
#2553=DIRECTION('',(0.,0.,-1.));
#2554=DIRECTION('center_axis',(0.,0.,-1.));
#2555=DIRECTION('ref_axis',(-1.,-1.71056941444218E-48,0.));
#2556=DIRECTION('',(0.,0.,-1.));
#2557=DIRECTION('center_axis',(0.66005930415371,-0.751213494953413,0.));
#2558=DIRECTION('ref_axis',(-0.751213494953413,-0.66005930415371,8.28369572436651E-17));
#2559=DIRECTION('',(0.,0.,-1.));
#2560=DIRECTION('',(0.,0.,-1.));
#2561=DIRECTION('',(0.,0.,-1.));
#2562=DIRECTION('center_axis',(0.,-1.,0.));
#2563=DIRECTION('ref_axis',(-1.,0.,6.33971361781561E-15));
#2564=DIRECTION('center_axis',(0.,1.,0.));
#2565=DIRECTION('ref_axis',(1.,0.,0.));
#2566=DIRECTION('center_axis',(0.,-1.,0.));
#2567=DIRECTION('ref_axis',(-1.,0.,6.33971361781561E-15));
#2568=DIRECTION('center_axis',(0.,1.,0.));
#2569=DIRECTION('ref_axis',(1.,0.,0.));
#2570=DIRECTION('center_axis',(0.707106781186548,0.707106781186548,0.));
#2571=DIRECTION('ref_axis',(0.,0.,-1.));
#2572=DIRECTION('',(0.,0.,1.));
#2573=DIRECTION('',(0.707106781186548,-0.707106781186548,-4.86850374785667E-16));
#2574=DIRECTION('',(0.,0.,-1.));
#2575=DIRECTION('center_axis',(-6.88510402868315E-16,0.,-1.));
#2576=DIRECTION('ref_axis',(1.,0.,-6.88510402868315E-16));
#2577=DIRECTION('',(1.,1.71056941444218E-48,-6.88510402868315E-16));
#2578=DIRECTION('',(0.707106781186548,0.707106781186548,-4.86850374785667E-16));
#2579=DIRECTION('',(-1.,0.,6.88510402868315E-16));
#2580=DIRECTION('center_axis',(-1.71056941444218E-48,1.,0.));
#2581=DIRECTION('ref_axis',(1.,1.71056941444218E-48,-1.22464679914861E-16));
#2582=DIRECTION('',(0.,0.,-1.));
#2583=DIRECTION('center_axis',(0.707106781186548,0.707106781186548,0.));
#2584=DIRECTION('ref_axis',(0.,0.,-1.));
#2585=DIRECTION('',(0.,0.,-1.));
#2586=DIRECTION('',(-0.707106781186548,0.707106781186548,-5.47706671633875E-16));
#2587=DIRECTION('',(0.,0.,1.));
#2588=DIRECTION('center_axis',(-1.71056941444218E-48,1.,0.));
#2589=DIRECTION('ref_axis',(1.,1.71056941444218E-48,-1.22464679914861E-16));
#2590=DIRECTION('',(-1.,-1.71056941444218E-48,-7.74574203226854E-16));
#2591=DIRECTION('',(0.,0.,-1.));
#2592=DIRECTION('center_axis',(-7.74574203226854E-16,0.,1.));
#2593=DIRECTION('ref_axis',(-1.,0.,-7.74574203226854E-16));
#2594=DIRECTION('',(1.69953884179364E-33,1.,1.3164189442354E-48));
#2595=DIRECTION('',(-1.,0.,-7.74574203226854E-16));
#2596=DIRECTION('',(-0.707106781186548,-0.707106781186548,-5.47706671633875E-16));
#2597=DIRECTION('center_axis',(0.707106781186548,0.707106781186548,0.));
#2598=DIRECTION('ref_axis',(0.,0.,-1.));
#2599=DIRECTION('',(-0.707106781186548,0.707106781186548,-9.73700749571334E-16));
#2600=DIRECTION('',(0.,0.,1.));
#2601=DIRECTION('',(0.707106781186548,-0.707106781186548,-9.73700749571334E-16));
#2602=DIRECTION('',(0.,0.,-1.));
#2603=DIRECTION('center_axis',(-1.71056941444218E-48,1.,0.));
#2604=DIRECTION('ref_axis',(1.,1.71056941444218E-48,-1.22464679914861E-16));
#2605=DIRECTION('',(-1.,-1.71056941444218E-48,-1.37702080573663E-15));
#2606=DIRECTION('',(0.,0.,-1.));
#2607=DIRECTION('',(1.,1.71056941444218E-48,-1.37702080573663E-15));
#2608=DIRECTION('center_axis',(-1.37702080573663E-15,0.,1.));
#2609=DIRECTION('ref_axis',(-1.,0.,-1.37702080573663E-15));
#2610=DIRECTION('',(1.69953884179364E-33,1.,2.34030034530738E-48));
#2611=DIRECTION('',(-1.,0.,-1.37702080573663E-15));
#2612=DIRECTION('',(-0.707106781186548,-0.707106781186548,-9.73700749571334E-16));
#2613=DIRECTION('center_axis',(-0.707106781186548,0.707106781186548,0.));
#2614=DIRECTION('ref_axis',(0.,0.,1.));
#2615=DIRECTION('',(0.707106781186548,0.707106781186548,-9.73700749571334E-16));
#2616=DIRECTION('center_axis',(-1.37702080573663E-15,0.,-1.));
#2617=DIRECTION('ref_axis',(1.,0.,-1.37702080573663E-15));
#2618=DIRECTION('',(-1.,0.,1.37702080573663E-15));
#2619=DIRECTION('center_axis',(-0.707106781186548,0.707106781186548,0.));
#2620=DIRECTION('ref_axis',(0.,0.,1.));
#2621=DIRECTION('center_axis',(-0.707106781186548,0.707106781186548,0.));
#2622=DIRECTION('ref_axis',(0.,0.,1.));
#2623=DIRECTION('center_axis',(5.63994704023821E-16,0.573576436351039,0.819152044288997));
#2624=DIRECTION('ref_axis',(1.,0.,-6.88510402868315E-16));
#2625=DIRECTION('',(1.,0.,-6.88510402868315E-16));
#2626=DIRECTION('',(1.39218071660382E-33,0.819152044288997,-0.573576436351039));
#2627=DIRECTION('center_axis',(0.,-1.,0.));
#2628=DIRECTION('ref_axis',(0.,0.,-1.));
#2629=DIRECTION('',(0.,0.,1.));
#2630=DIRECTION('center_axis',(0.,-1.,0.));
#2631=DIRECTION('ref_axis',(0.,0.,-1.));
#2632=DIRECTION('center_axis',(1.12798940804764E-15,0.573576436351039,0.819152044288997));
#2633=DIRECTION('ref_axis',(1.,0.,-1.37702080573663E-15));
#2634=DIRECTION('',(1.,0.,-1.37702080573663E-15));
#2635=DIRECTION('',(1.39218071660382E-33,0.819152044288997,-0.573576436351039));
#2636=DIRECTION('center_axis',(0.,-1.,0.));
#2637=DIRECTION('ref_axis',(0.,0.,-1.));
#2638=DIRECTION('',(0.,0.,1.));
#2639=DIRECTION('center_axis',(0.,-1.,0.));
#2640=DIRECTION('ref_axis',(0.,0.,-1.));
#2641=DIRECTION('center_axis',(0.,1.,0.));
#2642=DIRECTION('ref_axis',(0.,0.,-1.));
#2643=DIRECTION('center_axis',(0.,1.,0.));
#2644=DIRECTION('ref_axis',(0.,0.,-1.));
#2645=DIRECTION('',(0.,1.,0.));
#2646=DIRECTION('center_axis',(0.,1.,0.));
#2647=DIRECTION('ref_axis',(0.,0.,-1.));
#2648=DIRECTION('center_axis',(0.,1.,0.));
#2649=DIRECTION('ref_axis',(0.,0.,-1.));
#2650=DIRECTION('',(0.,1.,0.));
#2651=DIRECTION('center_axis',(1.,-1.69953884179364E-33,0.));
#2652=DIRECTION('ref_axis',(-1.69953884179364E-33,-1.,-1.3877787807678E-17));
#2653=DIRECTION('',(0.,0.,-1.));
#2654=DIRECTION('',(0.,0.,-1.));
#2655=DIRECTION('center_axis',(0.,0.,1.));
#2656=DIRECTION('ref_axis',(-1.,0.,0.));
#2657=DIRECTION('',(0.,0.,1.));
#2658=DIRECTION('center_axis',(-1.22464679914861E-16,1.3877787807678E-17,
-1.));
#2659=DIRECTION('ref_axis',(-1.,0.,0.));
#2660=DIRECTION('center_axis',(1.22464679914861E-16,-1.3877787807678E-17,
1.));
#2661=DIRECTION('ref_axis',(-1.,0.,1.22464679914861E-16));
#2662=DIRECTION('center_axis',(0.,1.,0.));
#2663=DIRECTION('ref_axis',(1.,0.,0.));
#2664=DIRECTION('center_axis',(0.,1.,0.));
#2665=DIRECTION('ref_axis',(1.,0.,0.));
#2666=DIRECTION('axis',(0.,0.,1.));
#2667=DIRECTION('refdir',(1.,0.,0.));
#2668=DIRECTION('center_axis',(-0.923879532511285,-0.382683432365094,0.));
#2669=DIRECTION('ref_axis',(0.382683432365094,-0.923879532511285,-5.968660816536E-17));
#2670=DIRECTION('',(0.,0.,1.));
#2671=DIRECTION('',(0.382683432365094,-0.923879532511285,-5.968660816536E-17));
#2672=DIRECTION('',(0.,0.,1.));
#2673=DIRECTION('',(-0.382683432365094,0.923879532511285,5.968660816536E-17));
#2674=DIRECTION('center_axis',(0.,0.,1.));
#2675=DIRECTION('ref_axis',(-1.,0.,0.));
#2676=DIRECTION('',(0.,0.,1.));
#2677=DIRECTION('center_axis',(1.22464679914861E-16,-1.3877787807678E-17,
1.));
#2678=DIRECTION('ref_axis',(-1.,0.,1.22464679914861E-16));
#2679=DIRECTION('center_axis',(-1.22464679914861E-16,1.3877787807678E-17,
-1.));
#2680=DIRECTION('ref_axis',(-1.,0.,1.22464679914861E-16));
#2681=DIRECTION('center_axis',(0.923879532511285,-0.382683432365094,0.));
#2682=DIRECTION('ref_axis',(0.382683432365094,0.923879532511285,-3.40437999412634E-17));
#2683=DIRECTION('',(0.,0.,1.));
#2684=DIRECTION('',(0.382683432365094,0.923879532511285,-3.40437999412634E-17));
#2685=DIRECTION('',(-0.382683432365094,-0.923879532511285,3.40437999412634E-17));
#2686=DIRECTION('center_axis',(0.0784590957278531,-0.996917333733127,0.));
#2687=DIRECTION('ref_axis',(0.996917333733127,0.0784590957278531,-1.20998323495111E-16));
#2688=DIRECTION('',(0.,0.,1.));
#2689=DIRECTION('',(0.996917333733127,0.0784590957278531,-1.20998323495111E-16));
#2690=DIRECTION('',(0.,0.,1.));
#2691=DIRECTION('',(-0.996917333733127,-0.0784590957278531,1.20998323495111E-16));
#2692=DIRECTION('center_axis',(0.,0.,1.));
#2693=DIRECTION('ref_axis',(0.951056516295154,-0.309016994374946,0.));
#2694=DIRECTION('',(0.,0.,1.));
#2695=DIRECTION('center_axis',(1.22464679914861E-16,-1.3877787807678E-17,
1.));
#2696=DIRECTION('ref_axis',(-1.,0.,1.22464679914861E-16));
#2697=DIRECTION('center_axis',(-1.22464679914861E-16,1.3877787807678E-17,
-1.));
#2698=DIRECTION('ref_axis',(-1.,0.,1.22464679914861E-16));
#2699=DIRECTION('center_axis',(0.649448048330182,0.760405965600032,0.));
#2700=DIRECTION('ref_axis',(-0.760405965600032,0.649448048330182,1.02135775389396E-16));
#2701=DIRECTION('',(0.,0.,1.));
#2702=DIRECTION('',(-0.760405965600032,0.649448048330182,1.02135775389396E-16));
#2703=DIRECTION('',(0.760405965600032,-0.649448048330182,-1.02135775389396E-16));
#2704=DIRECTION('center_axis',(0.972369920397676,-0.233445363855909,0.));
#2705=DIRECTION('ref_axis',(0.233445363855909,0.972369920397676,-1.50944683363745E-17));
#2706=DIRECTION('',(0.,0.,1.));
#2707=DIRECTION('',(0.233445363855909,0.972369920397676,-1.50944683363745E-17));
#2708=DIRECTION('',(0.,0.,1.));
#2709=DIRECTION('',(-0.233445363855909,-0.972369920397676,1.50944683363745E-17));
#2710=DIRECTION('center_axis',(0.,0.,1.));
#2711=DIRECTION('ref_axis',(-1.,0.,0.));
#2712=DIRECTION('',(0.,0.,1.));
#2713=DIRECTION('center_axis',(1.22464679914861E-16,-1.3877787807678E-17,
1.));
#2714=DIRECTION('ref_axis',(-1.,0.,1.22464679914861E-16));
#2715=DIRECTION('center_axis',(-1.22464679914861E-16,1.3877787807678E-17,
-1.));
#2716=DIRECTION('ref_axis',(-1.,0.,1.22464679914861E-16));
#2717=DIRECTION('center_axis',(-0.522498564715928,0.852640164354105,0.));
#2718=DIRECTION('ref_axis',(-0.852640164354105,-0.522498564715928,9.71671805992361E-17));
#2719=DIRECTION('',(0.,0.,1.));
#2720=DIRECTION('',(-0.852640164354105,-0.522498564715928,9.71671805992361E-17));
#2721=DIRECTION('',(0.852640164354105,0.522498564715928,-9.71671805992361E-17));
#2722=DIRECTION('center_axis',(0.,0.,1.));
#2723=DIRECTION('ref_axis',(-5.21134651491983E-14,1.,0.));
#2724=DIRECTION('center_axis',(1.22464679914861E-16,-1.3877787807678E-17,
1.));
#2725=DIRECTION('ref_axis',(0.972369920397675,-0.233445363855914,-1.22320676284619E-16));
#2726=DIRECTION('',(0.,0.,1.));
#2727=DIRECTION('center_axis',(-1.22464679914861E-16,1.3877787807678E-17,
-1.));
#2728=DIRECTION('ref_axis',(0.972369920397675,-0.233445363855914,-1.22320676284619E-16));
#2729=DIRECTION('center_axis',(0.,0.,1.));
#2730=DIRECTION('ref_axis',(-0.951056516295186,0.309016994374849,0.));
#2731=DIRECTION('',(0.,0.,1.));
#2732=DIRECTION('center_axis',(1.22464679914861E-16,-1.3877787807678E-17,
1.));
#2733=DIRECTION('ref_axis',(0.522498564715969,0.85264016435408,-5.21548602067059E-17));
#2734=DIRECTION('',(0.,0.,1.));
#2735=DIRECTION('center_axis',(-1.22464679914861E-16,1.3877787807678E-17,
-1.));
#2736=DIRECTION('ref_axis',(0.522498564715969,0.85264016435408,-5.21548602067059E-17));
#2737=DIRECTION('center_axis',(-0.649448048330194,0.760405965600022,0.));
#2738=DIRECTION('ref_axis',(-0.760405965600022,-0.649448048330194,8.41099709757206E-17));
#2739=DIRECTION('',(0.,0.,1.));
#2740=DIRECTION('',(-0.760405965600022,-0.649448048330194,8.41099709757207E-17));
#2741=DIRECTION('',(0.,0.,1.));
#2742=DIRECTION('',(0.760405965600022,0.649448048330194,-8.41099709757207E-17));
#2743=DIRECTION('center_axis',(0.,0.,1.));
#2744=DIRECTION('ref_axis',(-1.,0.,0.));
#2745=DIRECTION('',(0.,0.,1.));
#2746=DIRECTION('center_axis',(1.22464679914861E-16,-1.3877787807678E-17,
1.));
#2747=DIRECTION('ref_axis',(-1.,0.,1.22464679914861E-16));
#2748=DIRECTION('center_axis',(-1.22464679914861E-16,1.3877787807678E-17,
-1.));
#2749=DIRECTION('ref_axis',(-1.,0.,1.22464679914861E-16));
#2750=DIRECTION('center_axis',(-0.0784590957278329,-0.996917333733129,0.));
#2751=DIRECTION('ref_axis',(0.996917333733129,-0.0784590957278329,-1.23176000859298E-16));
#2752=DIRECTION('',(0.996917333733129,-0.0784590957278329,-1.23176000859298E-16));
#2753=DIRECTION('',(-0.996917333733129,0.0784590957278329,1.23176000859298E-16));
#2754=DIRECTION('center_axis',(1.22464679914861E-16,-1.3877787807678E-17,
1.));
#2755=DIRECTION('ref_axis',(1.,0.,-1.22464679914861E-16));
#2756=DIRECTION('',(0.751213494953413,0.66005930415371,-8.28369572436651E-17));
#2757=DIRECTION('center_axis',(1.22464679914861E-16,-1.3877787807678E-17,
1.));
#2758=DIRECTION('ref_axis',(-1.,-1.69953884179365E-33,1.22464679914861E-16));
#2759=DIRECTION('',(-0.975609756097571,-0.219512195121907,1.16431392837205E-16));
#2760=DIRECTION('',(-1.,-2.00152883312694E-14,1.22464679914861E-16));
#2761=DIRECTION('',(7.10542735760099E-14,-1.,-1.38777878076867E-17));
#2762=DIRECTION('',(-0.707106781186548,-0.707106781186548,7.67825277569612E-17));
#2763=DIRECTION('',(-1.,-1.71056941444218E-48,1.22464679914861E-16));
#2764=DIRECTION('',(-0.707106781186548,0.707106781186548,9.64086834903154E-17));
#2765=DIRECTION('',(1.69953884179364E-33,1.,1.3877787807678E-17));
#2766=DIRECTION('center_axis',(-1.22464679914861E-16,1.3877787807678E-17,
-1.));
#2767=DIRECTION('ref_axis',(-0.649448048330197,0.760405965600019,9.00871999983784E-17));
#2768=DIRECTION('center_axis',(-1.22464679914861E-16,1.3877787807678E-17,
-1.));
#2769=DIRECTION('ref_axis',(-0.923879532511296,-0.382683432365067,1.07831811757011E-16));
#2770=DIRECTION('center_axis',(-1.22464679914861E-16,1.3877787807678E-17,
-1.));
#2771=DIRECTION('ref_axis',(0.0784590957277302,-0.996917333733137,-2.34434752640505E-17));
#2772=DIRECTION('',(-0.233445363855894,0.972369920397679,4.20831551880681E-17));
#2773=DIRECTION('center_axis',(-1.22464679914861E-16,1.3877787807678E-17,
-1.));
#2774=DIRECTION('ref_axis',(-1.,0.,1.22464679914861E-16));
#2775=DIRECTION('',(0.852640164354094,-0.522498564715946,-1.11669429021123E-16));
#2776=DIRECTION('center_axis',(0.522498564715946,0.852640164354094,0.));
#2777=DIRECTION('ref_axis',(-0.852640164354094,0.522498564715946,1.11669429021123E-16));
#2778=DIRECTION('',(0.,0.,1.));
#2779=DIRECTION('',(-0.852640164354094,0.522498564715946,1.11669429021123E-16));
#2780=DIRECTION('center_axis',(0.,0.,1.));
#2781=DIRECTION('ref_axis',(0.951056516295168,0.309016994374904,0.));
#2782=DIRECTION('center_axis',(1.22464679914861E-16,-1.3877787807678E-17,
1.));
#2783=DIRECTION('ref_axis',(0.0784590957277302,-0.996917333733137,-2.34434752640505E-17));
#2784=DIRECTION('center_axis',(0.,0.,1.));
#2785=DIRECTION('ref_axis',(0.58778525229255,-0.809016994374892,0.));
#2786=DIRECTION('center_axis',(1.22464679914861E-16,-1.3877787807678E-17,
1.));
#2787=DIRECTION('ref_axis',(-0.923879532511296,-0.382683432365067,1.07831811757011E-16));
#2788=DIRECTION('center_axis',(0.,0.,1.));
#2789=DIRECTION('ref_axis',(-0.587785252292383,-0.809016994375013,0.));
#2790=DIRECTION('center_axis',(1.22464679914861E-16,-1.3877787807678E-17,
1.));
#2791=DIRECTION('ref_axis',(-0.649448048330197,0.760405965600019,9.00871999983784E-17));
#2792=DIRECTION('center_axis',(0.,0.,1.));
#2793=DIRECTION('ref_axis',(-1.,0.,0.));
#2794=DIRECTION('',(0.,0.,1.));
#2795=DIRECTION('center_axis',(1.22464679914861E-16,-1.3877787807678E-17,
1.));
#2796=DIRECTION('ref_axis',(-1.,0.,1.22464679914861E-16));
#2797=DIRECTION('center_axis',(-0.972369920397679,-0.233445363855894,0.));
#2798=DIRECTION('ref_axis',(0.233445363855894,-0.972369920397679,-4.20831551880681E-17));
#2799=DIRECTION('',(0.233445363855894,-0.972369920397679,-4.20831551880681E-17));
#2800=DIRECTION('center_axis',(1.22464679914861E-16,-1.3877787807678E-17,
1.));
#2801=DIRECTION('ref_axis',(-1.,0.,1.22464679914861E-16));
#2802=DIRECTION('center_axis',(-0.707106781186573,-5.02527717557492E-14,
0.707106781186522));
#2803=DIRECTION('ref_axis',(0.707106781186522,0.,0.707106781186573));
#2804=DIRECTION('',(-7.10542735760099E-14,1.,1.38777878076867E-17));
#2805=DIRECTION('',(-0.577350269189626,0.577350269189626,-0.577350269189626));
#2806=DIRECTION('',(-0.67859834454582,0.281084637714882,-0.678598344545848));
#2807=DIRECTION('',(7.10542735760099E-14,-1.,-1.38777878076867E-17));
#2808=DIRECTION('',(0.577350269189653,-0.577350269189612,0.577350269189612));
#2809=DIRECTION('center_axis',(-1.40663505008209E-14,0.707106781186548,
0.707106781186548));
#2810=DIRECTION('ref_axis',(1.,0.,1.98928236513545E-14));
#2811=DIRECTION('',(1.,2.00152883312694E-14,-1.22464679914861E-16));
#2812=DIRECTION('',(-1.,-2.00152883312694E-14,1.22464679914861E-16));
#2813=DIRECTION('',(0.0783260449987072,-0.704934404989166,0.704934404989166));
#2814=DIRECTION('center_axis',(-0.155218561723844,0.689860274328343,0.707106781186551));
#2815=DIRECTION('ref_axis',(0.976744343171893,0.,0.214407294842565));
#2816=DIRECTION('',(-0.975609756097571,-0.219512195121907,1.16431392837205E-16));
#2817=DIRECTION('',(0.155218561723822,-0.689860274328405,0.707106781186495));
#2818=DIRECTION('',(0.975609756097571,0.219512195121907,-1.16431392837205E-16));
#2819=DIRECTION('center_axis',(0.,0.,-1.));
#2820=DIRECTION('ref_axis',(-1.,-7.78955302488757E-34,5.61296449609781E-17));
#2821=DIRECTION('',(-0.466732409952326,0.531188156400407,0.707106781186569));
#2822=DIRECTION('center_axis',(-1.22464679914861E-16,1.3877787807678E-17,
-1.));
#2823=DIRECTION('ref_axis',(-1.,-1.69953884179365E-33,1.22464679914861E-16));
#2824=DIRECTION('center_axis',(1.22464679914861E-16,-1.3877787807678E-17,
1.));
#2825=DIRECTION('ref_axis',(-1.,-1.71056941444218E-48,0.));
#2826=DIRECTION('center_axis',(0.466732409952365,-0.531188156400408,0.707106781186543));
#2827=DIRECTION('ref_axis',(0.834586651363471,0.,-0.550876684354955));
#2828=DIRECTION('',(-0.751213494953413,-0.66005930415371,8.28369572436651E-17));
#2829=DIRECTION('',(0.751213494953413,0.66005930415371,-8.28369572436651E-17));
#2830=DIRECTION('',(-0.673469202486982,0.304759686643584,0.673469202486982));
#2831=DIRECTION('center_axis',(0.707106781186548,-9.81307786667709E-18,
0.707106781186548));
#2832=DIRECTION('ref_axis',(0.707106781186548,0.,-0.707106781186548));
#2833=DIRECTION('',(1.69953884179364E-33,1.,1.3877787807678E-17));
#2834=DIRECTION('',(-0.678598344545841,-0.28108463771485,0.678598344545841));
#2835=DIRECTION('',(-0.577350269189626,-0.577350269189626,0.577350269189626));
#2836=DIRECTION('',(-1.69953884179364E-33,-1.,-1.3877787807678E-17));
#2837=DIRECTION('center_axis',(1.22464679914861E-16,-1.3877787807678E-17,
1.));
#2838=DIRECTION('ref_axis',(-1.,-1.71056941444218E-48,1.22464679914861E-16));
#2839=DIRECTION('',(1.,1.71056941444218E-48,-1.22464679914861E-16));
#2840=DIRECTION('center_axis',(0.499999999999992,0.499999999999992,0.70710678118656));
#2841=DIRECTION('ref_axis',(0.816496580927735,0.,-0.577350269189613));
#2842=DIRECTION('',(-0.707106781186548,0.707106781186548,9.64086834903154E-17));
#2843=DIRECTION('',(-0.28108463771485,-0.678598344545841,0.678598344545841));
#2844=DIRECTION('center_axis',(8.65956056236383E-17,0.707106781186548,0.707106781186548));
#2845=DIRECTION('ref_axis',(1.,0.,-1.22464679914861E-16));
#2846=DIRECTION('',(-1.,-1.71056941444218E-48,1.22464679914861E-16));
#2847=DIRECTION('',(0.28108463771485,-0.678598344545841,0.678598344545841));
#2848=DIRECTION('center_axis',(-0.499999999999992,0.499999999999992,0.70710678118656));
#2849=DIRECTION('ref_axis',(0.816496580927735,0.,0.577350269189613));
#2850=DIRECTION('',(-0.707106781186548,-0.707106781186548,7.67825277569612E-17));
#2851=DIRECTION('center_axis',(-1.,-7.10542735760099E-14,0.));
#2852=DIRECTION('ref_axis',(-7.10542735760099E-14,1.,1.38777878076867E-17));
#2853=DIRECTION('',(0.,0.,1.));
#2854=DIRECTION('',(7.10542735760099E-14,-1.,5.50368073410007E-29));
#2855=DIRECTION('',(0.,0.,-1.));
#2856=DIRECTION('',(5.82042534552581E-14,-0.819152044288997,0.573576436351039));
#2857=DIRECTION('',(0.,0.,1.));
#2858=DIRECTION('',(7.10542735760099E-14,-1.,9.7843213050668E-29));
#2859=DIRECTION('',(0.,0.,-1.));
#2860=DIRECTION('',(5.82042534552581E-14,-0.819152044288997,0.573576436351039));
#2861=DIRECTION('',(0.,0.,1.));
#2862=DIRECTION('',(-7.10542735760099E-14,1.,1.38777878076867E-17));
#2863=DIRECTION('',(0.,0.,-1.));
#2864=DIRECTION('center_axis',(-1.42395417120682E-14,0.707106781186548,
-0.707106781186548));
#2865=DIRECTION('ref_axis',(-1.,0.,2.01377530111843E-14));
#2866=DIRECTION('',(-0.0783260449990565,0.704934404989147,0.704934404989147));
#2867=DIRECTION('',(1.,2.00152883312694E-14,-1.22464679914861E-16));
#2868=DIRECTION('',(0.577350269189665,-0.577350269189606,-0.577350269189606));
#2869=DIRECTION('center_axis',(0.466732409952364,-0.531188156400407,-0.707106781186544));
#2870=DIRECTION('ref_axis',(-0.834586651363472,0.,-0.550876684354953));
#2871=DIRECTION('',(-0.751213494953413,-0.66005930415371,8.28369572436651E-17));
#2872=DIRECTION('',(-0.466732409952317,0.531188156400372,-0.707106781186601));
#2873=DIRECTION('',(0.673469202486976,-0.304759686643612,0.673469202486976));
#2874=DIRECTION('center_axis',(0.707106781186548,9.81307786667708E-18,-0.707106781186548));
#2875=DIRECTION('ref_axis',(-0.707106781186548,0.,-0.707106781186548));
#2876=DIRECTION('',(0.678598344545836,0.281084637714872,0.678598344545836));
#2877=DIRECTION('',(-1.69953884179364E-33,-1.,-1.3877787807678E-17));
#2878=DIRECTION('center_axis',(0.500000000000003,0.500000000000003,-0.707106781186543));
#2879=DIRECTION('ref_axis',(-0.816496580927722,0.,-0.577350269189631));
#2880=DIRECTION('',(0.707106781186548,-0.707106781186548,-9.64086834903154E-17));
#2881=DIRECTION('',(0.281084637714795,0.678598344545887,0.678598344545818));
#2882=DIRECTION('center_axis',(-8.65956056236427E-17,0.707106781186512,
-0.707106781186583));
#2883=DIRECTION('ref_axis',(-1.,0.,1.22464679914861E-16));
#2884=DIRECTION('',(1.,1.71056941444218E-48,-1.22464679914861E-16));
#2885=DIRECTION('',(-0.281084637714732,0.6785983445459,0.678598344545831));
#2886=DIRECTION('center_axis',(0.,0.,1.));
#2887=DIRECTION('ref_axis',(-1.,-8.01408559544974E-34,5.77475726427801E-17));
#2888=DIRECTION('',(0.155218561723806,-0.689860274328355,-0.707106781186548));
#2889=DIRECTION('center_axis',(-1.22464679914861E-16,1.3877787807678E-17,
-1.));
#2890=DIRECTION('ref_axis',(-1.,-1.71056941444218E-48,0.));
#2891=DIRECTION('center_axis',(-0.155218561723835,0.689860274328304,-0.707106781186591));
#2892=DIRECTION('ref_axis',(-0.976744343171898,0.,0.214407294842542));
#2893=DIRECTION('',(0.975609756097571,0.219512195121907,-1.16431392837205E-16));
#2894=DIRECTION('center_axis',(-0.500000000000003,0.500000000000003,-0.707106781186543));
#2895=DIRECTION('ref_axis',(-0.816496580927722,0.,0.577350269189631));
#2896=DIRECTION('',(0.707106781186548,0.707106781186548,-7.67825277569612E-17));
#2897=DIRECTION('',(-0.678598344545849,0.281084637714809,0.678598344545849));
#2898=DIRECTION('center_axis',(-0.707106781186548,-5.0233145600014E-14,
-0.707106781186548));
#2899=DIRECTION('ref_axis',(-0.707106781186548,0.,0.707106781186548));
#2900=DIRECTION('center_axis',(-2.00152883312694E-14,1.,0.));
#2901=DIRECTION('ref_axis',(1.,2.00152883312694E-14,-1.22464679914861E-16));
#2902=DIRECTION('',(0.,0.,-1.));
#2903=DIRECTION('center_axis',(-0.219512195121907,0.975609756097571,0.));
#2904=DIRECTION('ref_axis',(0.975609756097571,0.219512195121907,-1.16431392837205E-16));
#2905=DIRECTION('',(0.,0.,-1.));
#2906=DIRECTION('center_axis',(0.,0.,-1.));
#2907=DIRECTION('ref_axis',(-1.,-1.71056941444218E-48,0.));
#2908=DIRECTION('',(0.,0.,-1.));
#2909=DIRECTION('center_axis',(0.66005930415371,-0.751213494953413,0.));
#2910=DIRECTION('ref_axis',(-0.751213494953413,-0.66005930415371,8.28369572436651E-17));
#2911=DIRECTION('',(0.,0.,-1.));
#2912=DIRECTION('',(0.,0.,-1.));
#2913=DIRECTION('',(0.,0.,-1.));
#2914=DIRECTION('center_axis',(0.,-1.,0.));
#2915=DIRECTION('ref_axis',(-1.,0.,6.33971361781561E-15));
#2916=DIRECTION('center_axis',(0.,1.,0.));
#2917=DIRECTION('ref_axis',(1.,0.,0.));
#2918=DIRECTION('center_axis',(0.,-1.,0.));
#2919=DIRECTION('ref_axis',(-1.,0.,6.33971361781561E-15));
#2920=DIRECTION('center_axis',(0.,1.,0.));
#2921=DIRECTION('ref_axis',(1.,0.,0.));
#2922=DIRECTION('center_axis',(0.707106781186548,0.707106781186548,0.));
#2923=DIRECTION('ref_axis',(0.,0.,-1.));
#2924=DIRECTION('',(0.,0.,-1.));
#2925=DIRECTION('',(-0.707106781186548,0.707106781186548,-5.47706671633875E-16));
#2926=DIRECTION('',(0.,0.,1.));
#2927=DIRECTION('center_axis',(1.,-1.69953884179364E-33,0.));
#2928=DIRECTION('ref_axis',(-1.69953884179364E-33,-1.,-1.3877787807678E-17));
#2929=DIRECTION('',(0.,0.,-1.));
#2930=DIRECTION('',(0.,0.,-1.));
#2931=DIRECTION('',(0.,0.,-1.));
#2932=DIRECTION('',(1.39218071660382E-33,0.819152044288997,-0.573576436351039));
#2933=DIRECTION('',(0.,0.,1.));
#2934=DIRECTION('',(1.69953884179364E-33,1.,2.34030034530738E-48));
#2935=DIRECTION('',(0.,0.,-1.));
#2936=DIRECTION('',(1.39218071660382E-33,0.819152044288997,-0.573576436351039));
#2937=DIRECTION('',(0.,0.,1.));
#2938=DIRECTION('',(1.69953884179364E-33,1.,1.3164189442354E-48));
#2939=DIRECTION('center_axis',(-0.707106781186548,0.707106781186548,0.));
#2940=DIRECTION('ref_axis',(0.,0.,1.));
#2941=DIRECTION('',(0.,0.,-1.));
#2942=DIRECTION('',(-0.707106781186548,-0.707106781186548,-5.47706671633875E-16));
#2943=DIRECTION('center_axis',(0.707106781186548,0.707106781186548,0.));
#2944=DIRECTION('ref_axis',(0.,0.,-1.));
#2945=DIRECTION('',(0.,0.,1.));
#2946=DIRECTION('',(0.633687274224645,-0.633687274224645,0.443712606279651));
#2947=DIRECTION('center_axis',(5.63994704023821E-16,0.573576436351039,0.819152044288997));
#2948=DIRECTION('ref_axis',(1.,0.,-6.88510402868315E-16));
#2949=DIRECTION('',(1.,1.71056941444218E-48,-6.88510402868315E-16));
#2950=DIRECTION('',(0.633687274224644,0.633687274224644,-0.443712606279651));
#2951=DIRECTION('',(-1.,0.,6.88510402868315E-16));
#2952=DIRECTION('center_axis',(-0.707106781186548,0.707106781186548,0.));
#2953=DIRECTION('ref_axis',(0.,0.,1.));
#2954=DIRECTION('',(0.,0.,-1.));
#2955=DIRECTION('center_axis',(0.707106781186548,0.707106781186548,0.));
#2956=DIRECTION('ref_axis',(0.,0.,-1.));
#2957=DIRECTION('',(-0.707106781186548,0.707106781186548,-9.73700749571334E-16));
#2958=DIRECTION('',(0.,0.,1.));
#2959=DIRECTION('',(0.633687274224645,-0.633687274224645,0.44371260627965));
#2960=DIRECTION('center_axis',(1.12798940804764E-15,0.573576436351039,0.819152044288997));
#2961=DIRECTION('ref_axis',(1.,0.,-1.37702080573663E-15));
#2962=DIRECTION('',(1.,1.71056941444218E-48,-1.37702080573663E-15));
#2963=DIRECTION('',(0.633687274224644,0.633687274224644,-0.443712606279652));
#2964=DIRECTION('',(-1.,0.,1.37702080573663E-15));
#2965=DIRECTION('center_axis',(-0.707106781186548,0.707106781186548,0.));
#2966=DIRECTION('ref_axis',(0.,0.,1.));
#2967=DIRECTION('',(-0.707106781186548,-0.707106781186548,-9.73700749571334E-16));
#2968=DIRECTION('',(0.,0.,-1.));
#2969=DIRECTION('center_axis',(-1.37702080573663E-15,0.,1.));
#2970=DIRECTION('ref_axis',(-1.,0.,-1.37702080573663E-15));
#2971=DIRECTION('',(-1.,0.,-1.37702080573663E-15));
#2972=DIRECTION('',(-1.,-1.71056941444218E-48,-1.37702080573663E-15));
#2973=DIRECTION('center_axis',(0.,-1.,0.));
#2974=DIRECTION('ref_axis',(0.,0.,-1.));
#2975=DIRECTION('center_axis',(0.,-1.,0.));
#2976=DIRECTION('ref_axis',(0.,0.,-1.));
#2977=DIRECTION('center_axis',(0.,-1.,0.));
#2978=DIRECTION('ref_axis',(0.,0.,-1.));
#2979=DIRECTION('',(-1.,0.,-7.74574203226854E-16));
#2980=DIRECTION('center_axis',(0.,-1.,0.));
#2981=DIRECTION('ref_axis',(0.,0.,-1.));
#2982=DIRECTION('center_axis',(0.,1.,0.));
#2983=DIRECTION('ref_axis',(0.,0.,-1.));
#2984=DIRECTION('center_axis',(0.,1.,0.));
#2985=DIRECTION('ref_axis',(0.,0.,-1.));
#2986=DIRECTION('',(0.,1.,0.));
#2987=DIRECTION('center_axis',(0.,1.,0.));
#2988=DIRECTION('ref_axis',(0.,0.,-1.));
#2989=DIRECTION('center_axis',(0.,1.,0.));
#2990=DIRECTION('ref_axis',(0.,0.,-1.));
#2991=DIRECTION('',(0.,1.,0.));
#2992=DIRECTION('center_axis',(-7.74574203226854E-16,0.,1.));
#2993=DIRECTION('ref_axis',(-1.,0.,-7.74574203226854E-16));
#2994=DIRECTION('',(-1.,-1.71056941444218E-48,-7.74574203226854E-16));
#2995=DIRECTION('center_axis',(-1.71056941444218E-48,1.,0.));
#2996=DIRECTION('ref_axis',(1.,1.71056941444218E-48,-1.22464679914861E-16));
#2997=DIRECTION('center_axis',(-1.71056941444218E-48,1.,0.));
#2998=DIRECTION('ref_axis',(1.,1.71056941444218E-48,-1.22464679914861E-16));
#2999=DIRECTION('center_axis',(-1.71056941444218E-48,1.,0.));
#3000=DIRECTION('ref_axis',(1.,1.71056941444218E-48,-1.22464679914861E-16));
#3001=DIRECTION('center_axis',(0.,1.,0.));
#3002=DIRECTION('ref_axis',(1.,0.,0.));
#3003=DIRECTION('center_axis',(0.,1.,0.));
#3004=DIRECTION('ref_axis',(1.,0.,0.));
#3005=DIRECTION('',(0.,0.,1.));
#3006=DIRECTION('',(1.,0.,0.));
#3007=DIRECTION('',(1.38573386615463E-26,-1.66205257607097E-13,-0.999999999999999));
#3008=DIRECTION('',(-1.,-8.02968802560144E-14,-5.5015652568179E-28));
#3009=CARTESIAN_POINT('',(0.,0.,0.));
#3010=CARTESIAN_POINT('',(0.,0.,0.));
#3011=CARTESIAN_POINT('Origin',(389.006828308202,-375.049914775593,337.00000052154));
#3012=CARTESIAN_POINT('',(392.506828308202,-375.049914775593,337.00000052154));
#3013=CARTESIAN_POINT('Origin',(389.006828308202,-375.049914775593,337.00000052154));
#3014=CARTESIAN_POINT('',(391.606828308202,-375.049914775593,337.00000052154));
#3015=CARTESIAN_POINT('Origin',(389.006828308202,-375.049914775593,337.00000052154));
#3016=CARTESIAN_POINT('Origin',(398.106828308203,-369.924914775593,374.50000052154));
#3017=CARTESIAN_POINT('',(398.606828308202,-369.049914775593,375.00000052154));
#3018=CARTESIAN_POINT('',(398.606828308202,-363.049914775593,375.00000052154));
#3019=CARTESIAN_POINT('',(398.606828308203,-369.924914775593,375.00000052154));
#3020=CARTESIAN_POINT('',(398.460381698795,-362.903468166186,374.853553912133));
#3021=CARTESIAN_POINT('',(398.865161641535,-363.308248108926,375.258333854873));
#3022=CARTESIAN_POINT('',(397.606828308202,-362.549914775593,374.00000052154));
#3023=CARTESIAN_POINT('',(398.318856094995,-362.844846341669,374.712028308333));
#3024=CARTESIAN_POINT('',(397.606828308202,-368.049914775593,374.00000052154));
#3025=CARTESIAN_POINT('',(397.606828308203,-369.924914775593,374.00000052154));
#3026=CARTESIAN_POINT('',(397.606828308202,-368.049914775593,374.00000052154));
#3027=CARTESIAN_POINT('Origin',(391.731828308202,-368.549914775593,374.50000052154));
#3028=CARTESIAN_POINT('',(390.617939419313,-369.049914775593,375.00000052154));
#3029=CARTESIAN_POINT('',(391.731828308202,-369.049914775593,375.00000052154));
#3030=CARTESIAN_POINT('',(390.506828308202,-368.049914775593,374.00000052154));
#3031=CARTESIAN_POINT('',(391.731828308202,-368.049914775593,374.00000052154));
#3032=CARTESIAN_POINT('',(390.506828308202,-368.049914775593,374.00000052154));
#3033=CARTESIAN_POINT('Origin',(389.917595708559,-368.694992110513,374.50000052154));
#3034=CARTESIAN_POINT('',(387.57999903991,-368.708451360959,374.00000052154));
#3035=CARTESIAN_POINT('',(389.807839610998,-368.207187232464,374.00000052154));
#3036=CARTESIAN_POINT('',(387.799511235032,-369.684061117056,375.00000052154));
#3037=CARTESIAN_POINT('',(387.57999903991,-368.708451360959,374.00000052154));
#3038=CARTESIAN_POINT('',(390.02735180612,-369.182796988562,375.00000052154));
#3039=CARTESIAN_POINT('Origin',(389.006828308202,-375.049914775593,374.50000052154));
#3040=CARTESIAN_POINT('',(393.297213785201,-379.93280249279,374.00000052154));
#3041=CARTESIAN_POINT('',(392.637154481047,-379.181588997837,375.00000052154));
#3042=CARTESIAN_POINT('',(393.297213785201,-379.93280249279,374.00000052154));
#3043=CARTESIAN_POINT('Origin',(389.006828308202,-375.049914775593,375.00000052154));
#3044=CARTESIAN_POINT('Origin',(389.006828308202,-375.049914775593,374.00000052154));
#3045=CARTESIAN_POINT('Origin',(399.942275648968,-373.428479896509,374.50000052154));
#3046=CARTESIAN_POINT('',(402.406828308202,-370.597392692151,375.00000052154));
#3047=CARTESIAN_POINT('',(399.612245996891,-373.052873149032,375.00000052154));
#3048=CARTESIAN_POINT('',(403.406828308202,-371.049914775593,374.00000052154));
#3049=CARTESIAN_POINT('',(400.272305301045,-373.804086643986,374.00000052154));
#3050=CARTESIAN_POINT('',(403.406828308202,-371.049914775593,374.00000052154));
#3051=CARTESIAN_POINT('Origin',(402.906828308202,-366.924914775593,374.50000052154));
#3052=CARTESIAN_POINT('',(403.406828308202,-362.549914775593,374.00000052154));
#3053=CARTESIAN_POINT('',(403.406828308202,-366.924914775593,374.00000052154));
#3054=CARTESIAN_POINT('',(402.553274917609,-362.903468166186,374.853553912133));
#3055=CARTESIAN_POINT('',(402.471758705507,-362.937233286792,374.935070124235));
#3056=CARTESIAN_POINT('',(402.406828308202,-363.049914775593,375.00000052154));
#3057=CARTESIAN_POINT('',(400.906828308202,-364.549914775593,376.50000052154));
#3058=CARTESIAN_POINT('',(402.406828308202,-366.924914775593,375.00000052154));
#3059=CARTESIAN_POINT('Origin',(392.956828308202,-371.799914775593,375.00000052154));
#3060=CARTESIAN_POINT('',(395.281828308202,-363.049914775593,375.00000052154));
#3061=CARTESIAN_POINT('Origin',(395.281828308202,-362.549914775593,374.50000052154));
#3062=CARTESIAN_POINT('',(402.906828308202,-362.049914775593,374.00000052154));
#3063=CARTESIAN_POINT('',(402.492614745829,-363.049914775593,375.00000052154));
#3064=CARTESIAN_POINT('',(398.106828308202,-362.049914775593,374.00000052154));
#3065=CARTESIAN_POINT('',(395.281828308202,-362.049914775593,374.00000052154));
#3066=CARTESIAN_POINT('',(398.106828308202,-362.049914775593,374.00000052154));
#3067=CARTESIAN_POINT('Origin',(402.628274917609,-362.478468166186,374.50000052154));
#3068=CARTESIAN_POINT('',(402.981828308202,-362.124914775593,374.00000052154));
#3069=CARTESIAN_POINT('Origin',(394.610381698795,-366.253468166186,374.50000052154));
#3070=CARTESIAN_POINT('',(394.256828308202,-365.899914775593,374.00000052154));
#3071=CARTESIAN_POINT('Origin',(397.606828308202,-368.049914775593,375.00000052154));
#3072=CARTESIAN_POINT('',(397.606828308202,-362.549914775593,370.00000052154));
#3073=CARTESIAN_POINT('',(397.606828308202,-362.549914775593,375.00000052154));
#3074=CARTESIAN_POINT('',(397.606828308202,-367.549914775593,370.00000052154));
#3075=CARTESIAN_POINT('',(397.606828308202,-365.049914775593,370.00000052154));
#3076=CARTESIAN_POINT('',(397.606828308202,-367.549914775593,353.501038212588));
#3077=CARTESIAN_POINT('',(397.606828308202,-367.549914775593,367.50000052154));
#3078=CARTESIAN_POINT('',(397.606828308202,-362.549914775593,350.00000052154));
#3079=CARTESIAN_POINT('',(397.606828308203,-371.518271352578,356.279711402097));
#3080=CARTESIAN_POINT('',(397.606828308202,-362.549914775593,345.00000052154));
#3081=CARTESIAN_POINT('',(397.606828308202,-362.549914775593,375.00000052154));
#3082=CARTESIAN_POINT('',(397.606828308202,-367.549914775593,345.00000052154));
#3083=CARTESIAN_POINT('',(397.606828308202,-365.049914775593,345.00000052154));
#3084=CARTESIAN_POINT('',(397.606828308202,-367.549914775593,328.501038212588));
#3085=CARTESIAN_POINT('',(397.606828308202,-367.549914775593,355.00000052154));
#3086=CARTESIAN_POINT('',(397.606828308202,-362.549914775593,325.00000052154));
#3087=CARTESIAN_POINT('',(397.606828308203,-377.391350232489,335.392085506312));
#3088=CARTESIAN_POINT('',(397.606828308202,-362.549914775593,320.70000052154));
#3089=CARTESIAN_POINT('',(397.606828308202,-362.549914775593,375.00000052154));
#3090=CARTESIAN_POINT('',(397.606828308202,-368.049914775593,320.70000052154));
#3091=CARTESIAN_POINT('',(397.606828308203,-369.924914775593,320.70000052154));
#3092=CARTESIAN_POINT('',(397.606828308202,-368.049914775593,375.00000052154));
#3093=CARTESIAN_POINT('Origin',(389.006828308202,-375.049914775593,320.35000052154));
#3094=CARTESIAN_POINT('',(393.206828308202,-375.049914775593,320.00000052154));
#3095=CARTESIAN_POINT('Origin',(389.006828308202,-375.049914775593,320.00000052154));
#3096=CARTESIAN_POINT('',(392.506828308202,-375.049914775593,320.70000052154));
#3097=CARTESIAN_POINT('',(392.856828308202,-375.049914775593,320.35000052154));
#3098=CARTESIAN_POINT('Origin',(389.006828308202,-375.049914775593,320.70000052154));
#3099=CARTESIAN_POINT('Origin',(392.956828308202,-371.799914775593,320.00000052154));
#3100=CARTESIAN_POINT('',(392.835172272293,-379.406953046323,320.00000052154));
#3101=CARTESIAN_POINT('',(402.706828308202,-370.733149317183,320.00000052154));
#3102=CARTESIAN_POINT('',(399.810263788137,-373.278237197518,320.00000052154));
#3103=CARTESIAN_POINT('',(387.733657576495,-369.391378190227,320.00000052154));
#3104=CARTESIAN_POINT('Origin',(389.006828308202,-375.049914775593,320.00000052154));
#3105=CARTESIAN_POINT('',(390.58460608598,-368.749914775593,320.00000052154));
#3106=CARTESIAN_POINT('',(389.961498147584,-368.890114061732,320.00000052154));
#3107=CARTESIAN_POINT('',(398.306828308202,-368.749914775593,320.00000052154));
#3108=CARTESIAN_POINT('',(391.731828308202,-368.749914775593,320.00000052154));
#3109=CARTESIAN_POINT('',(398.306828308202,-362.839864269254,320.00000052154));
#3110=CARTESIAN_POINT('',(398.306828308203,-369.924914775593,320.00000052154));
#3111=CARTESIAN_POINT('',(398.396777801863,-362.749914775593,320.00000052154));
#3112=CARTESIAN_POINT('',(394.751803055032,-366.394889522424,320.00000052154));
#3113=CARTESIAN_POINT('',(402.616878814541,-362.749914775593,320.00000052154));
#3114=CARTESIAN_POINT('',(395.281828308202,-362.749914775593,320.00000052154));
#3115=CARTESIAN_POINT('',(402.706828308202,-362.839864269254,320.00000052154));
#3116=CARTESIAN_POINT('',(402.486853561371,-362.619889522424,320.00000052154));
#3117=CARTESIAN_POINT('',(402.706828308202,-366.924914775593,320.00000052154));
#3118=CARTESIAN_POINT('Origin',(389.006828308202,-375.049914775593,320.00000052154));
#3119=CARTESIAN_POINT('',(392.506828308202,-375.049914775593,320.00000052154));
#3120=CARTESIAN_POINT('Origin',(391.731828308202,-368.399914775593,320.35000052154));
#3121=CARTESIAN_POINT('',(390.506828308202,-368.049914775593,320.70000052154));
#3122=CARTESIAN_POINT('',(390.58460608598,-368.749914775593,320.00000052154));
#3123=CARTESIAN_POINT('',(391.731828308202,-368.049914775593,320.70000052154));
#3124=CARTESIAN_POINT('',(397.606828308202,-368.049914775593,320.70000052154));
#3125=CARTESIAN_POINT('Origin',(400.041284544591,-373.541161920752,320.35000052154));
#3126=CARTESIAN_POINT('',(403.406828308202,-371.049914775593,320.70000052154));
#3127=CARTESIAN_POINT('',(393.297213785201,-379.93280249279,320.70000052154));
#3128=CARTESIAN_POINT('',(400.272305301045,-373.804086643986,320.70000052154));
#3129=CARTESIAN_POINT('',(393.297213785201,-379.93280249279,320.70000052154));
#3130=CARTESIAN_POINT('',(402.706828308202,-370.733149317183,320.00000052154));
#3131=CARTESIAN_POINT('Origin',(403.056828308202,-366.924914775593,320.35000052154));
#3132=CARTESIAN_POINT('',(403.406828308202,-362.549914775593,320.70000052154));
#3133=CARTESIAN_POINT('',(402.706828308202,-362.839864269254,320.00000052154));
#3134=CARTESIAN_POINT('',(403.406828308202,-366.924914775593,320.70000052154));
#3135=CARTESIAN_POINT('Origin',(402.734340934787,-362.372402149008,320.35000052154));
#3136=CARTESIAN_POINT('',(402.906828308202,-362.049914775593,320.70000052154));
#3137=CARTESIAN_POINT('',(402.981828308202,-362.124914775593,320.70000052154));
#3138=CARTESIAN_POINT('',(402.616878814541,-362.749914775593,320.00000052154));
#3139=CARTESIAN_POINT('Origin',(395.281828308202,-362.399914775593,320.35000052154));
#3140=CARTESIAN_POINT('',(398.106828308202,-362.049914775593,320.70000052154));
#3141=CARTESIAN_POINT('',(395.281828308202,-362.049914775593,320.70000052154));
#3142=CARTESIAN_POINT('',(398.396777801863,-362.749914775593,320.00000052154));
#3143=CARTESIAN_POINT('Origin',(389.006828308202,-375.049914775593,320.35000052154));
#3144=CARTESIAN_POINT('',(387.57999903991,-368.708451360959,320.70000052154));
#3145=CARTESIAN_POINT('',(387.57999903991,-368.708451360959,320.70000052154));
#3146=CARTESIAN_POINT('Origin',(389.006828308202,-375.049914775593,320.70000052154));
#3147=CARTESIAN_POINT('Origin',(389.884668879291,-368.548650647098,320.35000052154));
#3148=CARTESIAN_POINT('',(389.807839610998,-368.207187232464,320.70000052154));
#3149=CARTESIAN_POINT('Origin',(394.504315681617,-366.147402149008,320.35000052154));
#3150=CARTESIAN_POINT('',(394.256828308202,-365.899914775593,320.70000052154));
#3151=CARTESIAN_POINT('',(398.306828308202,-362.839864269254,320.00000052154));
#3152=CARTESIAN_POINT('Origin',(397.956828308203,-369.924914775593,320.35000052154));
#3153=CARTESIAN_POINT('Origin',(390.506828308202,-368.049914775593,375.00000052154));
#3154=CARTESIAN_POINT('',(390.506828308202,-368.049914775593,375.00000052154));
#3155=CARTESIAN_POINT('Origin',(387.57999903991,-368.708451360959,375.00000052154));
#3156=CARTESIAN_POINT('',(387.57999903991,-368.708451360959,375.00000052154));
#3157=CARTESIAN_POINT('Origin',(389.006828308202,-375.049914775593,375.00000052154));
#3158=CARTESIAN_POINT('',(393.297213785201,-379.93280249279,375.00000052154));
#3159=CARTESIAN_POINT('Origin',(403.406828308202,-371.049914775593,375.00000052154));
#3160=CARTESIAN_POINT('',(403.406828303482,-371.04991477974,332.462225733832));
#3161=CARTESIAN_POINT('',(403.406828308202,-371.049914775593,375.00000052154));
#3162=CARTESIAN_POINT('',(403.406828303482,-371.04991477974,337.537775309248));
#3163=CARTESIAN_POINT('Ctrl Pts',(403.406828301266,-371.049914781687,337.537775306112));
#3164=CARTESIAN_POINT('Ctrl Pts',(403.010509184507,-371.398143510522,338.034105170967));
#3165=CARTESIAN_POINT('Ctrl Pts',(402.505187634516,-371.842097571932,338.411906998604));
#3166=CARTESIAN_POINT('Ctrl Pts',(401.950106575861,-372.329735695866,338.650986283305));
#3167=CARTESIAN_POINT('Ctrl Pts',(401.708540519325,-372.54195122147,338.755031339616));
#3168=CARTESIAN_POINT('Ctrl Pts',(401.457550128515,-372.762440813522,338.832803612085));
#3169=CARTESIAN_POINT('Ctrl Pts',(401.202017460204,-372.98691788973,338.882639019231));
#3170=CARTESIAN_POINT('Ctrl Pts',(400.52744012108,-373.579511978635,339.014198856838));
#3171=CARTESIAN_POINT('Ctrl Pts',(399.82120957805,-374.199894734671,338.951061768784));
#3172=CARTESIAN_POINT('Ctrl Pts',(399.175649315478,-374.767003373256,338.699912094771));
#3173=CARTESIAN_POINT('Ctrl Pts',(399.014706285536,-374.908387823154,338.637298591667));
#3174=CARTESIAN_POINT('Ctrl Pts',(398.857534060962,-375.046461062355,338.562999584182));
#3175=CARTESIAN_POINT('Ctrl Pts',(398.705563039308,-375.179966889412,338.477119007548));
#3176=CARTESIAN_POINT('Ctrl Pts',(398.242059520922,-375.587152548179,338.215187824897));
#3177=CARTESIAN_POINT('Ctrl Pts',(397.826941393491,-375.95185044529,337.845525051263));
#3178=CARTESIAN_POINT('Ctrl Pts',(397.498862581346,-376.240095783264,337.394273788571));
#3179=CARTESIAN_POINT('Ctrl Pts',(397.287956960256,-376.425394436457,337.104186698815));
#3180=CARTESIAN_POINT('Ctrl Pts',(397.113019633853,-376.579099111662,336.780382464833));
#3181=CARTESIAN_POINT('Ctrl Pts',(396.984319499377,-376.692183702712,336.429794408919));
#3182=CARTESIAN_POINT('Ctrl Pts',(396.834439044916,-376.823878746918,336.021509698394));
#3183=CARTESIAN_POINT('Ctrl Pts',(396.747264633621,-376.900485114701,335.576899324542));
#3184=CARTESIAN_POINT('Ctrl Pts',(396.73304247166,-376.913001329424,335.129590247363));
#3185=CARTESIAN_POINT('Ctrl Pts',(396.731662561544,-376.914215719428,335.086189931554));
#3186=CARTESIAN_POINT('Ctrl Pts',(396.730969451816,-376.914826744897,335.042764209819));
#3187=CARTESIAN_POINT('Ctrl Pts',(396.730972526183,-376.914826165447,334.999343800308));
#3188=CARTESIAN_POINT('Ctrl Pts',(396.731001809092,-376.914820646271,334.585770482811));
#3189=CARTESIAN_POINT('Ctrl Pts',(396.794189262542,-376.859329553738,334.172675958216));
#3190=CARTESIAN_POINT('Ctrl Pts',(396.912603143969,-376.75533215381,333.784686462843));
#3191=CARTESIAN_POINT('Ctrl Pts',(396.934730090075,-376.735899087047,333.712186325607));
#3192=CARTESIAN_POINT('Ctrl Pts',(396.958785432459,-376.71477229316,333.640562914315));
#3193=CARTESIAN_POINT('Ctrl Pts',(396.984717479096,-376.691997278863,333.569977124091));
#3194=CARTESIAN_POINT('Ctrl Pts',(397.055611782652,-376.629733825471,333.377006221755));
#3195=CARTESIAN_POINT('Ctrl Pts',(397.140532480182,-376.555151647838,333.191790249602));
#3196=CARTESIAN_POINT('Ctrl Pts',(397.237726252455,-376.469793544729,333.015811659191));
#3197=CARTESIAN_POINT('Ctrl Pts',(397.366318235983,-376.356860714444,332.782983614037));
#3198=CARTESIAN_POINT('Ctrl Pts',(397.516378784236,-376.225059639167,332.566382584986));
#3199=CARTESIAN_POINT('Ctrl Pts',(397.68381597058,-376.077986915146,332.369436719216));
#3200=CARTESIAN_POINT('Ctrl Pts',(397.954298186928,-375.840401960298,332.051285444478));
#3201=CARTESIAN_POINT('Ctrl Pts',(398.270124365018,-375.562966092244,331.784427307635));
#3202=CARTESIAN_POINT('Ctrl Pts',(398.615115934186,-375.259895389008,331.577055250339));
#3203=CARTESIAN_POINT('Ctrl Pts',(398.645199831581,-375.233467067986,331.558972026713));
#3204=CARTESIAN_POINT('Ctrl Pts',(398.675505527651,-375.20684379558,331.54134113004));
#3205=CARTESIAN_POINT('Ctrl Pts',(398.70602230591,-375.180034987375,331.524167985803));
#3206=CARTESIAN_POINT('Ctrl Pts',(399.083165407052,-374.848717016059,331.311932840304));
#3207=CARTESIAN_POINT('Ctrl Pts',(399.492544301709,-374.489064383769,331.1696113788));
#3208=CARTESIAN_POINT('Ctrl Pts',(399.912124611186,-374.120436801532,331.099912857431));
#3209=CARTESIAN_POINT('Ctrl Pts',(400.339342811045,-373.745098854197,331.028945569025));
#3210=CARTESIAN_POINT('Ctrl Pts',(400.777138873208,-373.360454754857,331.033268100733));
#3211=CARTESIAN_POINT('Ctrl Pts',(401.202283350247,-372.986917388901,331.115758528864));
#3212=CARTESIAN_POINT('Ctrl Pts',(401.646361453966,-372.596744696792,331.201922632781));
#3213=CARTESIAN_POINT('Ctrl Pts',(402.076638125635,-372.218688238698,331.373371326906));
#3214=CARTESIAN_POINT('Ctrl Pts',(402.467586159452,-371.87518311242,331.620530907086));
#3215=CARTESIAN_POINT('Ctrl Pts',(402.818516299258,-371.566839569131,331.842390946079));
#3216=CARTESIAN_POINT('Ctrl Pts',(403.137758417709,-371.286335028797,332.125256326967));
#3217=CARTESIAN_POINT('Ctrl Pts',(403.406828301266,-371.049914781687,332.462225736968));
#3218=CARTESIAN_POINT('',(403.406828303482,-371.04991477974,357.462225733832));
#3219=CARTESIAN_POINT('',(403.406828308202,-371.049914775593,375.00000052154));
#3220=CARTESIAN_POINT('',(403.406828303482,-371.04991477974,362.537775309248));
#3221=CARTESIAN_POINT('Ctrl Pts',(403.406828301266,-371.049914781687,362.537775306112));
#3222=CARTESIAN_POINT('Ctrl Pts',(403.01077245357,-371.397912187208,363.033775466208));
#3223=CARTESIAN_POINT('Ctrl Pts',(402.505858335484,-371.841508194564,363.411404516342));
#3224=CARTESIAN_POINT('Ctrl Pts',(401.951211541806,-372.328764623729,363.650508636909));
#3225=CARTESIAN_POINT('Ctrl Pts',(401.70930516613,-372.541279034968,363.754792681953));
#3226=CARTESIAN_POINT('Ctrl Pts',(401.457938182345,-372.762099342881,363.832726181685));
#3227=CARTESIAN_POINT('Ctrl Pts',(401.20201509935,-372.986919258641,363.882637458541));
#3228=CARTESIAN_POINT('Ctrl Pts',(400.527859078313,-373.579142898986,364.014114414102));
#3229=CARTESIAN_POINT('Ctrl Pts',(399.822089858883,-374.199120021131,363.951138078522));
#3230=CARTESIAN_POINT('Ctrl Pts',(399.176857525521,-374.765940248472,363.700380028646));
#3231=CARTESIAN_POINT('Ctrl Pts',(399.015491607619,-374.907696111502,363.637668039805));
#3232=CARTESIAN_POINT('Ctrl Pts',(398.85791184814,-375.046127287622,363.563211553592));
#3233=CARTESIAN_POINT('Ctrl Pts',(398.705559436559,-375.179968099573,363.477115287347));
#3234=CARTESIAN_POINT('Ctrl Pts',(398.242359851993,-375.586886558231,363.215355369384));
#3235=CARTESIAN_POINT('Ctrl Pts',(397.827482284517,-375.951372971479,362.846005035296));
#3236=CARTESIAN_POINT('Ctrl Pts',(397.499504717728,-376.239529273154,362.395156343533));
#3237=CARTESIAN_POINT('Ctrl Pts',(397.288310727242,-376.425081229741,362.104842175858));
#3238=CARTESIAN_POINT('Ctrl Pts',(397.113147959914,-376.578983964635,361.780735098186));
#3239=CARTESIAN_POINT('Ctrl Pts',(396.984316763776,-376.692183719143,361.4297897278));
#3240=CARTESIAN_POINT('Ctrl Pts',(396.834535653559,-376.823791477315,361.021775296688));
#3241=CARTESIAN_POINT('Ctrl Pts',(396.747377705243,-376.900383394922,360.577483481367));
#3242=CARTESIAN_POINT('Ctrl Pts',(396.73306867941,-376.912975958954,360.130474216551));
#3243=CARTESIAN_POINT('Ctrl Pts',(396.731669959291,-376.914206893391,360.086778659675));
#3244=CARTESIAN_POINT('Ctrl Pts',(396.730967362433,-376.914826273249,360.043057136335));
#3245=CARTESIAN_POINT('Ctrl Pts',(396.730970465548,-376.914825688661,359.999340996375));
#3246=CARTESIAN_POINT('Ctrl Pts',(396.730999802853,-376.914820161887,359.58604215242));
#3247=CARTESIAN_POINT('Ctrl Pts',(396.794103536875,-376.859402682337,359.173221333171));
#3248=CARTESIAN_POINT('Ctrl Pts',(396.91236584352,-376.755538533426,358.785455769634));
#3249=CARTESIAN_POINT('Ctrl Pts',(396.934557441775,-376.736048710074,358.712692622632));
#3250=CARTESIAN_POINT('Ctrl Pts',(396.958691307852,-376.714852977507,358.640811841673));
#3251=CARTESIAN_POINT('Ctrl Pts',(396.98471519976,-376.691997326816,358.569976037538));
#3252=CARTESIAN_POINT('Ctrl Pts',(397.055604313839,-376.629738505774,358.377019218555));
#3253=CARTESIAN_POINT('Ctrl Pts',(397.140517800829,-376.555162750339,358.191816140374));
#3254=CARTESIAN_POINT('Ctrl Pts',(397.237702742376,-376.469812512383,358.015848931372));
#3255=CARTESIAN_POINT('Ctrl Pts',(397.366299329057,-376.356875784749,357.783006455107));
#3256=CARTESIAN_POINT('Ctrl Pts',(397.516367044068,-376.225068546734,357.566392604367));
#3257=CARTESIAN_POINT('Ctrl Pts',(397.683813257586,-376.077988015773,357.369436065529));
#3258=CARTESIAN_POINT('Ctrl Pts',(397.954112040687,-375.840564381632,357.051500463085));
#3259=CARTESIAN_POINT('Ctrl Pts',(398.269693267805,-375.563343875706,356.784788526912));
#3260=CARTESIAN_POINT('Ctrl Pts',(398.614411221045,-375.26051371118,356.577476479914));
#3261=CARTESIAN_POINT('Ctrl Pts',(398.644725641964,-375.233882893179,356.559245504141));
#3262=CARTESIAN_POINT('Ctrl Pts',(398.67526540971,-375.207054004976,356.541473876808));
#3263=CARTESIAN_POINT('Ctrl Pts',(398.706019555776,-375.180036683586,356.524167150929));
#3264=CARTESIAN_POINT('Ctrl Pts',(399.082887901882,-374.84896024249,356.312086570176));
#3265=CARTESIAN_POINT('Ctrl Pts',(399.491945032783,-374.489590433527,356.169817885126));
#3266=CARTESIAN_POINT('Ctrl Pts',(399.911204726897,-374.121244652677,356.100064369581));
#3267=CARTESIAN_POINT('Ctrl Pts',(400.338713820849,-373.745651259745,356.028938376195));
#3268=CARTESIAN_POINT('Ctrl Pts',(400.776832582294,-373.360723720481,356.033208060613));
#3269=CARTESIAN_POINT('Ctrl Pts',(401.202281717359,-372.986918727323,356.115757668917));
#3270=CARTESIAN_POINT('Ctrl Pts',(401.646049846491,-372.597018434193,356.201861699267));
#3271=CARTESIAN_POINT('Ctrl Pts',(402.076035916599,-372.219217340498,356.373131260366));
#3272=CARTESIAN_POINT('Ctrl Pts',(402.466766062341,-371.875903678171,356.62001261064));
#3273=CARTESIAN_POINT('Ctrl Pts',(402.818018976697,-371.567276545751,356.841950423037));
#3274=CARTESIAN_POINT('Ctrl Pts',(403.137548905329,-371.286519118403,357.124993944339));
#3275=CARTESIAN_POINT('Ctrl Pts',(403.406828301266,-371.049914781687,357.462225736968));
#3276=CARTESIAN_POINT('',(403.406828308202,-371.049914775593,375.00000052154));
#3277=CARTESIAN_POINT('Ctrl Pts',(403.406828308203,-371.049914775592,332.462225745654));
#3278=CARTESIAN_POINT('Ctrl Pts',(402.838080744808,-371.549649036831,331.749955277159));
#3279=CARTESIAN_POINT('Ctrl Pts',(401.251996826712,-372.943273425027,330.808608964069));
#3280=CARTESIAN_POINT('Ctrl Pts',(399.020930680692,-374.90361622738,331.167546512735));
#3281=CARTESIAN_POINT('Ctrl Pts',(397.630137409299,-376.125647041662,332.308355269415));
#3282=CARTESIAN_POINT('Ctrl Pts',(396.908594910154,-376.759635705473,333.52744517089));
#3283=CARTESIAN_POINT('Ctrl Pts',(396.641245667582,-376.994544098632,334.998599688763));
#3284=CARTESIAN_POINT('Ctrl Pts',(396.99728937702,-376.681703654898,336.966067171869));
#3285=CARTESIAN_POINT('Ctrl Pts',(398.575209124138,-375.295252776033,338.7687831219));
#3286=CARTESIAN_POINT('Ctrl Pts',(401.251628130897,-372.943597382336,339.186597840034));
#3287=CARTESIAN_POINT('Ctrl Pts',(402.838080744808,-371.549649036831,338.250045765921));
#3288=CARTESIAN_POINT('Ctrl Pts',(403.406828308203,-371.049914775592,337.537775297426));
#3289=CARTESIAN_POINT('Ctrl Pts',(403.212201298932,-370.950910435071,332.548173119624));
#3290=CARTESIAN_POINT('Ctrl Pts',(402.636545138126,-371.437632357912,331.873716381659));
#3291=CARTESIAN_POINT('Ctrl Pts',(401.053758371544,-372.794845712101,331.02651213509));
#3292=CARTESIAN_POINT('Ctrl Pts',(398.933047275869,-374.680554969912,331.475755553567));
#3293=CARTESIAN_POINT('Ctrl Pts',(397.676757803546,-375.821014636798,332.588826884987));
#3294=CARTESIAN_POINT('Ctrl Pts',(397.053335949221,-376.392856977285,333.708369667256));
#3295=CARTESIAN_POINT('Ctrl Pts',(396.833088767699,-376.595743837426,334.999946357724));
#3296=CARTESIAN_POINT('Ctrl Pts',(397.125989026272,-376.326015462901,336.723779747034));
#3297=CARTESIAN_POINT('Ctrl Pts',(398.505643366861,-375.060366917148,338.440388776928));
#3298=CARTESIAN_POINT('Ctrl Pts',(401.055442176167,-372.793631390352,338.970095811429));
#3299=CARTESIAN_POINT('Ctrl Pts',(402.636545138126,-371.437632357912,338.126284661421));
#3300=CARTESIAN_POINT('Ctrl Pts',(403.212201298932,-370.950910435071,337.451827923456));
#3301=CARTESIAN_POINT('Ctrl Pts',(403.017574289661,-370.851906094549,332.634120493594));
#3302=CARTESIAN_POINT('Ctrl Pts',(402.435009531443,-371.325615678993,331.997477486159));
#3303=CARTESIAN_POINT('Ctrl Pts',(400.855519916376,-372.646417999175,331.244415306111));
#3304=CARTESIAN_POINT('Ctrl Pts',(398.845163871046,-374.457493712445,331.7839645944));
#3305=CARTESIAN_POINT('Ctrl Pts',(397.723378197793,-375.516382231935,332.869298500558));
#3306=CARTESIAN_POINT('Ctrl Pts',(397.198076988287,-376.026078249096,333.889294163622));
#3307=CARTESIAN_POINT('Ctrl Pts',(397.024931867817,-376.19694357622,335.001293026686));
#3308=CARTESIAN_POINT('Ctrl Pts',(397.254688675525,-375.970327270903,336.481492322199));
#3309=CARTESIAN_POINT('Ctrl Pts',(398.436077609583,-374.825481058264,338.111994431957));
#3310=CARTESIAN_POINT('Ctrl Pts',(400.859256221437,-372.643665398368,338.753593782824));
#3311=CARTESIAN_POINT('Ctrl Pts',(402.435009531443,-371.325615678993,338.002523556921));
#3312=CARTESIAN_POINT('Ctrl Pts',(403.017574289661,-370.851906094549,337.365880549486));
#3313=CARTESIAN_POINT('Ctrl Pts',(402.822947280391,-370.752901754027,332.720067867563));
#3314=CARTESIAN_POINT('Ctrl Pts',(402.233473924761,-371.213599000074,332.121238590658));
#3315=CARTESIAN_POINT('Ctrl Pts',(400.657281461209,-372.497990286249,331.462318477132));
#3316=CARTESIAN_POINT('Ctrl Pts',(398.757280466223,-374.234432454978,332.092173635232));
#3317=CARTESIAN_POINT('Ctrl Pts',(397.76999859204,-375.211749827071,333.14977011613));
#3318=CARTESIAN_POINT('Ctrl Pts',(397.342818027353,-375.659299520908,334.070218659988));
#3319=CARTESIAN_POINT('Ctrl Pts',(397.216774967935,-375.798143315014,335.002639695647));
#3320=CARTESIAN_POINT('Ctrl Pts',(397.383388324778,-375.614639078906,336.239204897365));
#3321=CARTESIAN_POINT('Ctrl Pts',(398.366511852305,-374.590595199379,337.783600086985));
#3322=CARTESIAN_POINT('Ctrl Pts',(400.663070266706,-372.493699406384,338.537091754219));
#3323=CARTESIAN_POINT('Ctrl Pts',(402.233473924761,-371.213599000074,337.878762452422));
#3324=CARTESIAN_POINT('Ctrl Pts',(402.822947280391,-370.752901754027,337.279933175517));
#3325=CARTESIAN_POINT('',(402.446647997178,-371.049914780833,337.60760470436));
#3326=CARTESIAN_POINT('Ctrl Pts',(403.406828308203,-371.049914775592,337.537775297426));
#3327=CARTESIAN_POINT('Ctrl Pts',(403.340590700146,-371.049914775592,337.549665447761));
#3328=CARTESIAN_POINT('Ctrl Pts',(403.274073302227,-371.049914775592,337.560027121831));
#3329=CARTESIAN_POINT('Ctrl Pts',(402.955540516823,-371.049914775592,337.602381940375));
#3330=CARTESIAN_POINT('Ctrl Pts',(402.700685627678,-371.049914775592,337.61466388735));
#3331=CARTESIAN_POINT('Ctrl Pts',(402.446648010329,-371.049914775592,337.607604694577));
#3332=CARTESIAN_POINT('',(402.446647997178,-371.049914780833,332.39239633872));
#3333=CARTESIAN_POINT('Ctrl Pts',(402.446757453923,-371.050154693265,332.392988844871));
#3334=CARTESIAN_POINT('Ctrl Pts',(402.577567555385,-371.050085509293,332.389218015157));
#3335=CARTESIAN_POINT('Ctrl Pts',(402.708580267271,-371.050032293195,332.390587158812));
#3336=CARTESIAN_POINT('Ctrl Pts',(402.839293432243,-371.049992378263,332.397367543353));
#3337=CARTESIAN_POINT('Ctrl Pts',(402.871547341417,-371.04998252912,332.39904062584));
#3338=CARTESIAN_POINT('Ctrl Pts',(402.903782945052,-371.049973641755,332.401043001934));
#3339=CARTESIAN_POINT('Ctrl Pts',(402.935992564182,-371.049965982173,332.403378376608));
#3340=CARTESIAN_POINT('Ctrl Pts',(403.052666850712,-371.049938236541,332.411837904575));
#3341=CARTESIAN_POINT('Ctrl Pts',(403.169074550374,-371.049925545703,332.424674072664));
#3342=CARTESIAN_POINT('Ctrl Pts',(403.284773124945,-371.049918653196,332.442092750715));
#3343=CARTESIAN_POINT('Ctrl Pts',(403.325552937239,-371.049916223822,332.448232242268));
#3344=CARTESIAN_POINT('Ctrl Pts',(403.366244558918,-371.049914775592,332.454940656498));
#3345=CARTESIAN_POINT('Ctrl Pts',(403.406828308203,-371.049914775592,332.462225745654));
#3346=CARTESIAN_POINT('Ctrl Pts',(402.446588922161,-371.050289203177,332.39286378911));
#3347=CARTESIAN_POINT('Ctrl Pts',(401.918368543056,-371.471878415734,332.000934477496));
#3348=CARTESIAN_POINT('Ctrl Pts',(400.505073882045,-372.637095297013,331.512775676413));
#3349=CARTESIAN_POINT('Ctrl Pts',(398.757280466223,-374.234432454978,332.092173635232));
#3350=CARTESIAN_POINT('Ctrl Pts',(397.76999859204,-375.211749827071,333.14977011613));
#3351=CARTESIAN_POINT('Ctrl Pts',(397.342818027353,-375.659299520908,334.070218659988));
#3352=CARTESIAN_POINT('Ctrl Pts',(397.216774967935,-375.798143315014,335.002639695647));
#3353=CARTESIAN_POINT('Ctrl Pts',(397.383388324778,-375.614639078906,336.239204897365));
#3354=CARTESIAN_POINT('Ctrl Pts',(398.366511852305,-374.590595199379,337.783600086985));
#3355=CARTESIAN_POINT('Ctrl Pts',(400.509673723688,-372.633759665117,338.486762959523));
#3356=CARTESIAN_POINT('Ctrl Pts',(401.919188000506,-371.471291258084,337.999029000311));
#3357=CARTESIAN_POINT('Ctrl Pts',(402.44666393519,-371.05024711628,337.607268996875));
#3358=CARTESIAN_POINT('Origin',(400.506828308202,-371.049914775592,335.00000052154));
#3359=CARTESIAN_POINT('Origin',(400.506828308202,-371.049914775592,335.00000052154));
#3360=CARTESIAN_POINT('Ctrl Pts',(403.406828308203,-371.049914775592,357.462225745654));
#3361=CARTESIAN_POINT('Ctrl Pts',(402.838080744808,-371.549649036831,356.749955277159));
#3362=CARTESIAN_POINT('Ctrl Pts',(401.251994885431,-372.943275130746,355.808607792492));
#3363=CARTESIAN_POINT('Ctrl Pts',(399.020928128712,-374.903618469696,356.167545102622));
#3364=CARTESIAN_POINT('Ctrl Pts',(397.630134505442,-376.125649593156,357.308353335074));
#3365=CARTESIAN_POINT('Ctrl Pts',(396.908591492737,-376.759638708212,358.527442669222));
#3366=CARTESIAN_POINT('Ctrl Pts',(396.641241870353,-376.994547435094,359.998596871821));
#3367=CARTESIAN_POINT('Ctrl Pts',(396.99728499578,-376.681707504506,361.966063783911));
#3368=CARTESIAN_POINT('Ctrl Pts',(398.575205996933,-375.295255523774,363.768781806597));
#3369=CARTESIAN_POINT('Ctrl Pts',(401.251625663301,-372.943599550508,364.186596365378));
#3370=CARTESIAN_POINT('Ctrl Pts',(402.838080744808,-371.549649036831,363.250045765921));
#3371=CARTESIAN_POINT('Ctrl Pts',(403.406828308203,-371.049914775592,362.537775297426));
#3372=CARTESIAN_POINT('Ctrl Pts',(403.212201298932,-370.950910435071,357.548173119624));
#3373=CARTESIAN_POINT('Ctrl Pts',(402.636545138126,-371.437632357912,356.873716381659));
#3374=CARTESIAN_POINT('Ctrl Pts',(401.053759000211,-372.794845439682,356.026514572219));
#3375=CARTESIAN_POINT('Ctrl Pts',(398.933048719971,-374.680554056098,356.475759465166));
#3376=CARTESIAN_POINT('Ctrl Pts',(397.676759206705,-375.821013721629,357.588830668073));
#3377=CARTESIAN_POINT('Ctrl Pts',(397.053337433202,-376.392855932579,358.708373374238));
#3378=CARTESIAN_POINT('Ctrl Pts',(396.833090082791,-376.595742877475,359.999949798209));
#3379=CARTESIAN_POINT('Ctrl Pts',(397.12599040453,-376.326014407881,361.723783004806));
#3380=CARTESIAN_POINT('Ctrl Pts',(398.505643651787,-375.060366759514,363.440391389082));
#3381=CARTESIAN_POINT('Ctrl Pts',(401.055442323941,-372.793631621321,363.97009674965));
#3382=CARTESIAN_POINT('Ctrl Pts',(402.636545138126,-371.437632357912,363.126284661421));
#3383=CARTESIAN_POINT('Ctrl Pts',(403.212201298932,-370.950910435071,362.451827923456));
#3384=CARTESIAN_POINT('Ctrl Pts',(403.017574289661,-370.851906094549,357.634120493594));
#3385=CARTESIAN_POINT('Ctrl Pts',(402.435009531443,-371.325615678993,356.997477486159));
#3386=CARTESIAN_POINT('Ctrl Pts',(400.855523114991,-372.646415748618,356.244421351946));
#3387=CARTESIAN_POINT('Ctrl Pts',(398.845169311229,-374.4574896425,356.78397382771));
#3388=CARTESIAN_POINT('Ctrl Pts',(397.723383907969,-375.516377850102,357.869308001072));
#3389=CARTESIAN_POINT('Ctrl Pts',(397.198083373667,-376.026073156946,358.889304079254));
#3390=CARTESIAN_POINT('Ctrl Pts',(397.024938295229,-376.196938319856,360.001302724596));
#3391=CARTESIAN_POINT('Ctrl Pts',(397.254695813281,-375.970321311257,361.4815022257));
#3392=CARTESIAN_POINT('Ctrl Pts',(398.43608130664,-374.825477995254,363.112000971567));
#3393=CARTESIAN_POINT('Ctrl Pts',(400.859258984581,-372.643663692134,363.753597133922));
#3394=CARTESIAN_POINT('Ctrl Pts',(402.435009531443,-371.325615678993,363.002523556921));
#3395=CARTESIAN_POINT('Ctrl Pts',(403.017574289661,-370.851906094549,362.365880549486));
#3396=CARTESIAN_POINT('Ctrl Pts',(402.822947280391,-370.752901754027,357.720067867563));
#3397=CARTESIAN_POINT('Ctrl Pts',(402.233473924761,-371.213599000074,357.121238590658));
#3398=CARTESIAN_POINT('Ctrl Pts',(400.65728722977,-372.497986057554,356.462328131674));
#3399=CARTESIAN_POINT('Ctrl Pts',(398.757289902488,-374.234425228902,357.092188190254));
#3400=CARTESIAN_POINT('Ctrl Pts',(397.770008609232,-375.211741978574,358.149785334071));
#3401=CARTESIAN_POINT('Ctrl Pts',(397.342829314133,-375.659290381314,359.07023478427));
#3402=CARTESIAN_POINT('Ctrl Pts',(397.216786507667,-375.798133762238,360.002655650984));
#3403=CARTESIAN_POINT('Ctrl Pts',(397.383401222031,-375.614628214632,361.239221446595));
#3404=CARTESIAN_POINT('Ctrl Pts',(398.366518961493,-374.590589230994,362.783610554051));
#3405=CARTESIAN_POINT('Ctrl Pts',(400.663075645221,-372.493695762947,363.537097518194));
#3406=CARTESIAN_POINT('Ctrl Pts',(402.233473924761,-371.213599000074,362.878762452422));
#3407=CARTESIAN_POINT('Ctrl Pts',(402.822947280391,-370.752901754027,362.279933175517));
#3408=CARTESIAN_POINT('',(402.446647997178,-371.049914780833,362.60760470436));
#3409=CARTESIAN_POINT('Ctrl Pts',(403.406828308203,-371.049914775592,362.537775297426));
#3410=CARTESIAN_POINT('Ctrl Pts',(403.340590700146,-371.049914775592,362.549665447761));
#3411=CARTESIAN_POINT('Ctrl Pts',(403.274073302227,-371.049914775592,362.560027121831));
#3412=CARTESIAN_POINT('Ctrl Pts',(402.955540516823,-371.049914775592,362.602381940375));
#3413=CARTESIAN_POINT('Ctrl Pts',(402.700685627678,-371.049914775592,362.61466388735));
#3414=CARTESIAN_POINT('Ctrl Pts',(402.446648010329,-371.049914775592,362.607604694577));
#3415=CARTESIAN_POINT('',(402.446647997178,-371.049914780833,357.39239633872));
#3416=CARTESIAN_POINT('Ctrl Pts',(402.446757771863,-371.0501544597,357.392989375005));
#3417=CARTESIAN_POINT('Ctrl Pts',(402.577560444912,-371.05008538214,357.389218542523));
#3418=CARTESIAN_POINT('Ctrl Pts',(402.708565761426,-371.050032228414,357.390587191471));
#3419=CARTESIAN_POINT('Ctrl Pts',(402.839271628341,-371.049992346995,357.397366517795));
#3420=CARTESIAN_POINT('Ctrl Pts',(402.871532820826,-371.04998250335,357.399039810331));
#3421=CARTESIAN_POINT('Ctrl Pts',(402.903775703373,-371.04997362025,357.401042547673));
#3422=CARTESIAN_POINT('Ctrl Pts',(402.935992591455,-371.049965964148,357.403378436826));
#3423=CARTESIAN_POINT('Ctrl Pts',(403.052661858717,-371.049938238573,357.411837555383));
#3424=CARTESIAN_POINT('Ctrl Pts',(403.169064585539,-371.04992554893,357.424672975859));
#3425=CARTESIAN_POINT('Ctrl Pts',(403.28475827048,-371.049918655013,357.442090514766));
#3426=CARTESIAN_POINT('Ctrl Pts',(403.325543055646,-371.049916224743,357.44823061293));
#3427=CARTESIAN_POINT('Ctrl Pts',(403.366239631546,-371.049914775592,357.454939771998));
#3428=CARTESIAN_POINT('Ctrl Pts',(403.406828308203,-371.049914775592,357.462225745654));
#3429=CARTESIAN_POINT('Ctrl Pts',(402.446588822658,-371.050289302803,357.392864009748));
#3430=CARTESIAN_POINT('Ctrl Pts',(401.918369338848,-371.471877860159,357.000936239189));
#3431=CARTESIAN_POINT('Ctrl Pts',(400.505079784216,-372.637090974617,356.512785776638));
#3432=CARTESIAN_POINT('Ctrl Pts',(398.757289902488,-374.234425228902,357.092188190254));
#3433=CARTESIAN_POINT('Ctrl Pts',(397.770008609232,-375.211741978574,358.149785334071));
#3434=CARTESIAN_POINT('Ctrl Pts',(397.342829314133,-375.659290381314,359.07023478427));
#3435=CARTESIAN_POINT('Ctrl Pts',(397.216786507667,-375.798133762238,360.002655650984));
#3436=CARTESIAN_POINT('Ctrl Pts',(397.383401222031,-375.614628214632,361.239221446595));
#3437=CARTESIAN_POINT('Ctrl Pts',(398.366518961493,-374.590589230994,362.783610554051));
#3438=CARTESIAN_POINT('Ctrl Pts',(400.509679179271,-372.633755901568,363.486769024995));
#3439=CARTESIAN_POINT('Ctrl Pts',(401.919188957012,-371.471290614044,362.999030156206));
#3440=CARTESIAN_POINT('Ctrl Pts',(402.446664129392,-371.050246995215,362.60726938954));
#3441=CARTESIAN_POINT('Origin',(400.506828308202,-371.049914775592,360.00000052154));
#3442=CARTESIAN_POINT('Origin',(400.506828308202,-371.049914775592,360.00000052154));
#3443=CARTESIAN_POINT('Origin',(403.156828308202,-362.299914775593,375.00000052154));
#3444=CARTESIAN_POINT('',(402.906828308202,-362.049914775593,325.00000052154));
#3445=CARTESIAN_POINT('',(402.906828308202,-362.049914775593,375.00000052154));
#3446=CARTESIAN_POINT('',(403.406828308202,-362.549914775593,325.00000052154));
#3447=CARTESIAN_POINT('',(399.931828308202,-359.074914775593,325.00000052154));
#3448=CARTESIAN_POINT('',(403.406828308202,-362.549914775593,375.00000052154));
#3449=CARTESIAN_POINT('Origin',(390.506828308202,-362.049914775593,325.00000052154));
#3450=CARTESIAN_POINT('',(398.106828308202,-362.049914775593,325.00000052154));
#3451=CARTESIAN_POINT('',(394.056828308202,-362.049914775593,325.00000052154));
#3452=CARTESIAN_POINT('',(396.081828308202,-364.074914775593,325.00000052154));
#3453=CARTESIAN_POINT('',(393.731828308202,-362.549914775593,325.00000052154));
#3454=CARTESIAN_POINT('Origin',(397.606828308202,-362.049914775593,375.00000052154));
#3455=CARTESIAN_POINT('',(398.106828308202,-362.049914775593,375.00000052154));
#3456=CARTESIAN_POINT('Origin',(403.156828308202,-362.299914775593,375.00000052154));
#3457=CARTESIAN_POINT('',(403.406828308202,-362.549914775593,370.00000052154));
#3458=CARTESIAN_POINT('',(403.406828308202,-362.549914775593,375.00000052154));
#3459=CARTESIAN_POINT('',(402.906828308202,-362.049914775593,370.00000052154));
#3460=CARTESIAN_POINT('',(403.156828308202,-362.299914775593,370.00000052154));
#3461=CARTESIAN_POINT('',(402.906828308202,-362.049914775593,375.00000052154));
#3462=CARTESIAN_POINT('Origin',(397.606828308202,-362.049914775593,375.00000052154));
#3463=CARTESIAN_POINT('',(398.106828308202,-362.049914775593,370.00000052154));
#3464=CARTESIAN_POINT('',(400.506828308202,-362.049914775593,370.00000052154));
#3465=CARTESIAN_POINT('',(398.106828308202,-362.049914775593,375.00000052154));
#3466=CARTESIAN_POINT('Origin',(403.406828308202,-362.049914775593,370.00000052154));
#3467=CARTESIAN_POINT('',(403.406828308202,-367.549914775593,370.00000052154));
#3468=CARTESIAN_POINT('',(403.406828308202,-362.049914775593,370.00000052154));
#3469=CARTESIAN_POINT('',(390.506828308202,-367.549914775593,370.00000052154));
#3470=CARTESIAN_POINT('',(399.306828308202,-360.849914775593,370.00000052154));
#3471=CARTESIAN_POINT('Origin',(403.156828308202,-362.299914775593,375.00000052154));
#3472=CARTESIAN_POINT('',(403.406828308202,-362.549914775593,345.00000052154));
#3473=CARTESIAN_POINT('',(402.906828308202,-362.049914775593,345.00000052154));
#3474=CARTESIAN_POINT('',(403.156828308202,-362.299914775593,345.00000052154));
#3475=CARTESIAN_POINT('',(402.906828308202,-362.049914775593,350.00000052154));
#3476=CARTESIAN_POINT('',(402.906828308202,-362.049914775593,375.00000052154));
#3477=CARTESIAN_POINT('',(403.406828308202,-362.549914775593,350.00000052154));
#3478=CARTESIAN_POINT('',(399.931828308202,-359.074914775593,350.00000052154));
#3479=CARTESIAN_POINT('',(403.406828308202,-362.549914775593,375.00000052154));
#3480=CARTESIAN_POINT('Origin',(397.606828308202,-362.049914775593,375.00000052154));
#3481=CARTESIAN_POINT('',(398.106828308202,-362.049914775593,345.00000052154));
#3482=CARTESIAN_POINT('',(400.506828308202,-362.049914775593,345.00000052154));
#3483=CARTESIAN_POINT('',(398.106828308202,-362.049914775593,350.00000052154));
#3484=CARTESIAN_POINT('',(398.106828308202,-362.049914775593,375.00000052154));
#3485=CARTESIAN_POINT('',(394.056828308202,-362.049914775593,350.00000052154));
#3486=CARTESIAN_POINT('Origin',(403.406828308202,-362.049914775593,345.00000052154));
#3487=CARTESIAN_POINT('',(403.406828308202,-367.549914775593,345.00000052154));
#3488=CARTESIAN_POINT('',(403.406828308202,-362.049914775593,345.00000052154));
#3489=CARTESIAN_POINT('',(390.506828308202,-367.549914775593,345.00000052154));
#3490=CARTESIAN_POINT('',(399.306828308202,-360.849914775593,345.00000052154));
#3491=CARTESIAN_POINT('Origin',(397.856828308202,-362.299914775593,375.00000052154));
#3492=CARTESIAN_POINT('',(396.081828308202,-364.074914775593,350.00000052154));
#3493=CARTESIAN_POINT('Origin',(390.506828308202,-362.049914775593,350.00000052154));
#3494=CARTESIAN_POINT('',(393.731828308202,-362.549914775593,350.00000052154));
#3495=CARTESIAN_POINT('Origin',(397.856828308202,-362.299914775593,375.00000052154));
#3496=CARTESIAN_POINT('Origin',(397.856828308202,-362.299914775593,375.00000052154));
#3497=CARTESIAN_POINT('Origin',(393.731828308202,-365.049914775593,326.750519367064));
#3498=CARTESIAN_POINT('',(403.406828308202,-367.549914775593,328.501038212588));
#3499=CARTESIAN_POINT('',(393.731828308202,-367.549914775593,328.501038212588));
#3500=CARTESIAN_POINT('',(403.406828308202,-375.378320017501,333.982546575133));
#3501=CARTESIAN_POINT('Origin',(396.956828308202,-367.549914775593,335.00000052154));
#3502=CARTESIAN_POINT('',(403.406828308202,-367.549914775593,355.00000052154));
#3503=CARTESIAN_POINT('',(400.506828308202,-367.549914775593,336.70000052154));
#3504=CARTESIAN_POINT('Origin',(400.506828308202,-367.549914775593,335.00000052154));
#3505=CARTESIAN_POINT('Origin',(393.731828308202,-365.049914775593,351.750519367064));
#3506=CARTESIAN_POINT('',(403.406828308202,-367.549914775593,353.501038212588));
#3507=CARTESIAN_POINT('',(393.731828308202,-367.549914775593,353.501038212588));
#3508=CARTESIAN_POINT('',(403.406828308202,-369.505241137589,354.870172470918));
#3509=CARTESIAN_POINT('Origin',(396.956828308202,-367.549914775593,360.00000052154));
#3510=CARTESIAN_POINT('',(403.406828308202,-367.549914775593,367.50000052154));
#3511=CARTESIAN_POINT('',(400.506828308202,-367.549914775593,361.70000052154));
#3512=CARTESIAN_POINT('Origin',(400.506828308202,-367.549914775593,360.00000052154));
#3513=CARTESIAN_POINT('Origin',(400.506828308202,-368.549914775592,360.00000052154));
#3514=CARTESIAN_POINT('',(400.506828308202,-371.049914775592,361.70000052154));
#3515=CARTESIAN_POINT('Origin',(400.506828308202,-371.049914775592,360.00000052154));
#3516=CARTESIAN_POINT('',(400.506828308202,-368.549914775592,361.70000052154));
#3517=CARTESIAN_POINT('Origin',(400.506828308202,-368.549914775592,335.00000052154));
#3518=CARTESIAN_POINT('',(400.506828308202,-371.049914775592,336.70000052154));
#3519=CARTESIAN_POINT('Origin',(400.506828308202,-371.049914775592,335.00000052154));
#3520=CARTESIAN_POINT('',(400.506828308202,-368.549914775592,336.70000052154));
#3521=CARTESIAN_POINT('Origin',(403.406828308202,-362.049914775593,375.00000052154));
#3522=CARTESIAN_POINT('',(403.406828308202,-371.049914775593,375.00000052154));
#3523=CARTESIAN_POINT('',(403.406828308202,-371.049914775593,375.00000052154));
#3524=CARTESIAN_POINT('Origin',(389.006828308202,-375.049914775593,320.00000052154));
#3525=CARTESIAN_POINT('',(391.606828308202,-375.049914775593,346.00000052154));
#3526=CARTESIAN_POINT('',(391.606828308202,-375.049914775593,320.00000052154));
#3527=CARTESIAN_POINT('Origin',(389.006828308202,-375.049914775593,346.00000052154));
#3528=CARTESIAN_POINT('Origin',(389.006828308202,-375.049914775593,346.00000052154));
#3529=CARTESIAN_POINT('Origin',(400.506828308202,-371.049914775592,335.00000052154));
#3530=CARTESIAN_POINT('Origin',(400.506828308202,-371.049914775592,360.00000052154));
#3531=CARTESIAN_POINT('',(0.,0.,0.));
#3532=CARTESIAN_POINT('Origin',(389.963536889114,-377.359613606871,320.00000052154));
#3533=CARTESIAN_POINT('',(389.963536889114,-377.359613606871,320.00000052154));
#3534=CARTESIAN_POINT('',(389.963536889114,-377.359613606871,345.00000052154));
#3535=CARTESIAN_POINT('',(389.963536889114,-377.359613606871,320.00000052154));
#3536=CARTESIAN_POINT('',(390.062719832461,-377.599062413854,345.00000052154));
#3537=CARTESIAN_POINT('',(390.346220321479,-378.283493139382,345.00000052154));
#3538=CARTESIAN_POINT('',(390.062719832461,-377.599062413854,320.00000052154));
#3539=CARTESIAN_POINT('',(390.062719832461,-377.599062413854,320.00000052154));
#3540=CARTESIAN_POINT('',(390.346220321479,-378.283493139382,320.00000052154));
#3541=CARTESIAN_POINT('Origin',(389.006828308202,-375.049914775593,320.00000052154));
#3542=CARTESIAN_POINT('',(388.050119727289,-377.359613606871,320.00000052154));
#3543=CARTESIAN_POINT('',(388.050119727289,-377.359613606871,345.00000052154));
#3544=CARTESIAN_POINT('',(388.050119727289,-377.359613606871,320.00000052154));
#3545=CARTESIAN_POINT('Origin',(389.006828308202,-375.049914775593,345.00000052154));
#3546=CARTESIAN_POINT('Origin',(389.006828308202,-375.049914775593,320.00000052154));
#3547=CARTESIAN_POINT('Origin',(387.950936783942,-377.599062413854,320.00000052154));
#3548=CARTESIAN_POINT('',(387.950936783943,-377.599062413854,320.00000052154));
#3549=CARTESIAN_POINT('',(387.950936783943,-377.599062413854,345.00000052154));
#3550=CARTESIAN_POINT('',(387.950936783943,-377.599062413854,320.00000052154));
#3551=CARTESIAN_POINT('',(387.667436294924,-378.283493139382,345.00000052154));
#3552=CARTESIAN_POINT('',(387.667436294924,-378.283493139382,320.00000052154));
#3553=CARTESIAN_POINT('Origin',(391.499121642534,-374.853767036273,320.00000052154));
#3554=CARTESIAN_POINT('',(391.499121642534,-374.853767036273,320.00000052154));
#3555=CARTESIAN_POINT('',(391.499121642534,-374.853767036273,345.00000052154));
#3556=CARTESIAN_POINT('',(391.499121642534,-374.853767036273,320.00000052154));
#3557=CARTESIAN_POINT('',(391.757500205781,-374.833432202339,345.00000052154));
#3558=CARTESIAN_POINT('',(392.496038976268,-374.775307940545,345.00000052154));
#3559=CARTESIAN_POINT('',(391.757500205781,-374.833432202339,320.00000052154));
#3560=CARTESIAN_POINT('',(391.757500205781,-374.833432202339,320.00000052154));
#3561=CARTESIAN_POINT('',(392.496038976268,-374.775307940545,320.00000052154));
#3562=CARTESIAN_POINT('Origin',(389.006828308202,-375.049914775593,320.00000052154));
#3563=CARTESIAN_POINT('',(390.907843222202,-376.673534896418,320.00000052154));
#3564=CARTESIAN_POINT('',(390.907843222202,-376.673534896418,345.00000052154));
#3565=CARTESIAN_POINT('',(390.907843222202,-376.673534896418,320.00000052154));
#3566=CARTESIAN_POINT('Origin',(389.006828308202,-375.049914775593,345.00000052154));
#3567=CARTESIAN_POINT('Origin',(389.006828308202,-375.049914775593,320.00000052154));
#3568=CARTESIAN_POINT('Origin',(391.104923355356,-376.841857231634,320.00000052154));
#3569=CARTESIAN_POINT('',(391.104923355356,-376.841857231634,320.00000052154));
#3570=CARTESIAN_POINT('',(391.104923355356,-376.841857231634,345.00000052154));
#3571=CARTESIAN_POINT('',(391.104923355356,-376.841857231634,320.00000052154));
#3572=CARTESIAN_POINT('',(391.668249187802,-377.322982944749,345.00000052154));
#3573=CARTESIAN_POINT('',(391.668249187802,-377.322982944749,320.00000052154));
#3574=CARTESIAN_POINT('Origin',(389.590441717841,-372.618989974599,320.00000052154));
#3575=CARTESIAN_POINT('',(389.590441717841,-372.618989974599,320.00000052154));
#3576=CARTESIAN_POINT('',(389.590441717841,-372.618989974599,345.00000052154));
#3577=CARTESIAN_POINT('',(389.590441717841,-372.618989974599,320.00000052154));
#3578=CARTESIAN_POINT('',(389.650945508546,-372.366973549089,345.00000052154));
#3579=CARTESIAN_POINT('',(389.823887081697,-371.646620054201,345.00000052154));
#3580=CARTESIAN_POINT('',(389.650945508546,-372.366973549089,320.00000052154));
#3581=CARTESIAN_POINT('',(389.650945508546,-372.366973549089,320.00000052154));
#3582=CARTESIAN_POINT('',(389.823887081697,-371.646620054201,320.00000052154));
#3583=CARTESIAN_POINT('Origin',(389.006828308202,-375.049914775593,320.00000052154));
#3584=CARTESIAN_POINT('',(391.138428719087,-373.743668363803,320.00000052154));
#3585=CARTESIAN_POINT('',(391.138428719087,-373.743668363803,345.00000052154));
#3586=CARTESIAN_POINT('',(391.138428719087,-373.743668363803,320.00000052154));
#3587=CARTESIAN_POINT('Origin',(389.006828308202,-375.049914775593,345.00000052154));
#3588=CARTESIAN_POINT('Origin',(389.006828308202,-375.049914775593,320.00000052154));
#3589=CARTESIAN_POINT('Origin',(391.35941388323,-373.608248481049,320.00000052154));
#3590=CARTESIAN_POINT('',(391.35941388323,-373.608248481049,320.00000052154));
#3591=CARTESIAN_POINT('',(391.35941388323,-373.608248481049,345.00000052154));
#3592=CARTESIAN_POINT('',(391.35941388323,-373.608248481049,320.00000052154));
#3593=CARTESIAN_POINT('',(391.991068883441,-373.221169799087,345.00000052154));
#3594=CARTESIAN_POINT('',(391.991068883441,-373.221169799087,320.00000052154));
#3595=CARTESIAN_POINT('Origin',(389.006828308202,-372.212334690928,320.00000052154));
#3596=CARTESIAN_POINT('',(388.362711107858,-372.366973549089,345.00000052154));
#3597=CARTESIAN_POINT('Origin',(389.006828308202,-372.212334690928,345.00000052154));
#3598=CARTESIAN_POINT('',(388.362711107858,-372.366973549089,320.00000052154));
#3599=CARTESIAN_POINT('',(388.362711107858,-372.366973549089,320.00000052154));
#3600=CARTESIAN_POINT('Origin',(389.006828308202,-372.212334690928,320.00000052154));
#3601=CARTESIAN_POINT('Origin',(386.308129278172,-374.173054306532,320.00000052154));
#3602=CARTESIAN_POINT('',(386.654242733173,-373.608248481049,320.00000052154));
#3603=CARTESIAN_POINT('',(386.654242733173,-373.608248481049,345.00000052154));
#3604=CARTESIAN_POINT('',(386.654242733173,-373.608248481049,320.00000052154));
#3605=CARTESIAN_POINT('',(386.256156410622,-374.833432202339,345.00000052154));
#3606=CARTESIAN_POINT('Origin',(386.308129278172,-374.173054306532,345.00000052154));
#3607=CARTESIAN_POINT('',(386.256156410622,-374.833432202339,320.00000052154));
#3608=CARTESIAN_POINT('',(386.256156410622,-374.833432202339,320.00000052154));
#3609=CARTESIAN_POINT('Origin',(386.308129278172,-374.173054306532,320.00000052154));
#3610=CARTESIAN_POINT('Origin',(387.105813394202,-376.673534896418,320.00000052154));
#3611=CARTESIAN_POINT('',(387.105813394202,-376.673534896418,320.00000052154));
#3612=CARTESIAN_POINT('',(387.105813394202,-376.673534896418,345.00000052154));
#3613=CARTESIAN_POINT('',(387.105813394202,-376.673534896418,320.00000052154));
#3614=CARTESIAN_POINT('',(386.908733261047,-376.841857231634,345.00000052154));
#3615=CARTESIAN_POINT('',(386.345407428601,-377.322982944749,345.00000052154));
#3616=CARTESIAN_POINT('',(386.908733261047,-376.841857231634,320.00000052154));
#3617=CARTESIAN_POINT('',(386.908733261047,-376.841857231634,320.00000052154));
#3618=CARTESIAN_POINT('',(386.345407428601,-377.322982944749,320.00000052154));
#3619=CARTESIAN_POINT('Origin',(389.006828308202,-375.049914775593,320.00000052154));
#3620=CARTESIAN_POINT('',(386.514534973869,-374.853767036273,320.00000052154));
#3621=CARTESIAN_POINT('',(386.514534973869,-374.853767036273,345.00000052154));
#3622=CARTESIAN_POINT('',(386.514534973869,-374.853767036273,320.00000052154));
#3623=CARTESIAN_POINT('Origin',(389.006828308202,-375.049914775593,345.00000052154));
#3624=CARTESIAN_POINT('Origin',(389.006828308202,-375.049914775593,320.00000052154));
#3625=CARTESIAN_POINT('Origin',(386.256156410622,-374.833432202339,320.00000052154));
#3626=CARTESIAN_POINT('',(385.517617640136,-374.775307940546,345.00000052154));
#3627=CARTESIAN_POINT('',(385.517617640136,-374.775307940546,320.00000052154));
#3628=CARTESIAN_POINT('Origin',(392.956828308202,-371.799914775593,320.00000052154));
#3629=CARTESIAN_POINT('',(392.835172272293,-379.406953046323,320.00000052154));
#3630=CARTESIAN_POINT('',(402.706828308202,-370.733149317183,320.00000052154));
#3631=CARTESIAN_POINT('',(399.810263788137,-373.278237197518,320.00000052154));
#3632=CARTESIAN_POINT('',(387.733657576495,-369.391378190227,320.00000052154));
#3633=CARTESIAN_POINT('Origin',(389.006828308202,-375.049914775593,320.00000052154));
#3634=CARTESIAN_POINT('',(390.58460608598,-368.749914775593,320.00000052154));
#3635=CARTESIAN_POINT('',(389.961498147584,-368.890114061732,320.00000052154));
#3636=CARTESIAN_POINT('',(398.306828308202,-368.749914775593,320.00000052154));
#3637=CARTESIAN_POINT('',(391.731828308202,-368.749914775593,320.00000052154));
#3638=CARTESIAN_POINT('',(398.306828308202,-362.839864269254,320.00000052154));
#3639=CARTESIAN_POINT('',(398.306828308203,-369.924914775593,320.00000052154));
#3640=CARTESIAN_POINT('',(398.396777801863,-362.749914775593,320.00000052154));
#3641=CARTESIAN_POINT('',(394.751803055032,-366.394889522424,320.00000052154));
#3642=CARTESIAN_POINT('',(402.616878814541,-362.749914775593,320.00000052154));
#3643=CARTESIAN_POINT('',(395.281828308202,-362.749914775593,320.00000052154));
#3644=CARTESIAN_POINT('',(402.706828308202,-362.839864269254,320.00000052154));
#3645=CARTESIAN_POINT('',(402.486853561371,-362.619889522424,320.00000052154));
#3646=CARTESIAN_POINT('',(402.706828308202,-366.924914775593,320.00000052154));
#3647=CARTESIAN_POINT('Origin',(387.338940582237,-377.345565286987,320.00000052154));
#3648=CARTESIAN_POINT('Origin',(390.674716034167,-377.345565286987,320.00000052154));
#3649=CARTESIAN_POINT('Origin',(391.705527338232,-374.173054306532,320.00000052154));
#3650=CARTESIAN_POINT('',(388.423214898562,-372.618989974599,320.00000052154));
#3651=CARTESIAN_POINT('',(388.189769534706,-371.646620054201,320.00000052154));
#3652=CARTESIAN_POINT('',(386.875227897316,-373.743668363803,320.00000052154));
#3653=CARTESIAN_POINT('Origin',(389.006828308202,-375.049914775593,320.00000052154));
#3654=CARTESIAN_POINT('',(386.022587732962,-373.221169799087,320.00000052154));
#3655=CARTESIAN_POINT('Origin',(386.875227897316,-373.743668363803,320.00000052154));
#3656=CARTESIAN_POINT('',(386.875227897316,-373.743668363803,345.00000052154));
#3657=CARTESIAN_POINT('',(386.875227897316,-373.743668363803,320.00000052154));
#3658=CARTESIAN_POINT('',(386.022587732962,-373.221169799087,345.00000052154));
#3659=CARTESIAN_POINT('Origin',(391.705527338232,-374.173054306532,320.00000052154));
#3660=CARTESIAN_POINT('Origin',(391.705527338232,-374.173054306532,345.00000052154));
#3661=CARTESIAN_POINT('Origin',(390.674716034167,-377.345565286987,320.00000052154));
#3662=CARTESIAN_POINT('Origin',(390.674716034167,-377.345565286987,345.00000052154));
#3663=CARTESIAN_POINT('Origin',(387.338940582237,-377.345565286987,320.00000052154));
#3664=CARTESIAN_POINT('Origin',(387.338940582237,-377.345565286987,345.00000052154));
#3665=CARTESIAN_POINT('Origin',(389.006828308202,-375.049914775593,320.00000052154));
#3666=CARTESIAN_POINT('',(388.423214898562,-372.618989974599,345.00000052154));
#3667=CARTESIAN_POINT('',(388.423214898562,-372.618989974599,320.00000052154));
#3668=CARTESIAN_POINT('Origin',(389.006828308202,-375.049914775593,345.00000052154));
#3669=CARTESIAN_POINT('Origin',(388.362711107858,-372.366973549089,320.00000052154));
#3670=CARTESIAN_POINT('',(388.189769534706,-371.646620054201,345.00000052154));
#3671=CARTESIAN_POINT('Origin',(389.006828308202,-374.778949988957,345.00000052154));
#3672=CARTESIAN_POINT('Origin',(398.106828308203,-369.924914775593,374.50000052154));
#3673=CARTESIAN_POINT('',(398.606828308202,-369.049914775593,375.00000052154));
#3674=CARTESIAN_POINT('',(398.606828308202,-363.049914775593,375.00000052154));
#3675=CARTESIAN_POINT('',(398.606828308203,-369.924914775593,375.00000052154));
#3676=CARTESIAN_POINT('',(398.460381698795,-362.903468166186,374.853553912133));
#3677=CARTESIAN_POINT('',(398.865161641535,-363.308248108926,375.258333854873));
#3678=CARTESIAN_POINT('',(397.606828308202,-362.549914775593,374.00000052154));
#3679=CARTESIAN_POINT('',(398.318856094995,-362.844846341669,374.712028308333));
#3680=CARTESIAN_POINT('',(397.606828308202,-368.049914775593,374.00000052154));
#3681=CARTESIAN_POINT('',(397.606828308203,-369.924914775593,374.00000052154));
#3682=CARTESIAN_POINT('',(397.606828308202,-368.049914775593,374.00000052154));
#3683=CARTESIAN_POINT('Origin',(391.731828308202,-368.549914775593,374.50000052154));
#3684=CARTESIAN_POINT('',(390.617939419313,-369.049914775593,375.00000052154));
#3685=CARTESIAN_POINT('',(391.731828308202,-369.049914775593,375.00000052154));
#3686=CARTESIAN_POINT('',(390.506828308202,-368.049914775593,374.00000052154));
#3687=CARTESIAN_POINT('',(391.731828308202,-368.049914775593,374.00000052154));
#3688=CARTESIAN_POINT('',(390.506828308202,-368.049914775593,374.00000052154));
#3689=CARTESIAN_POINT('Origin',(389.917595708559,-368.694992110513,374.50000052154));
#3690=CARTESIAN_POINT('',(387.57999903991,-368.708451360959,374.00000052154));
#3691=CARTESIAN_POINT('',(389.807839610998,-368.207187232464,374.00000052154));
#3692=CARTESIAN_POINT('',(387.799511235032,-369.684061117056,375.00000052154));
#3693=CARTESIAN_POINT('',(387.57999903991,-368.708451360959,374.00000052154));
#3694=CARTESIAN_POINT('',(390.02735180612,-369.182796988562,375.00000052154));
#3695=CARTESIAN_POINT('Origin',(389.006828308202,-375.049914775593,374.50000052154));
#3696=CARTESIAN_POINT('',(393.297213785201,-379.93280249279,374.00000052154));
#3697=CARTESIAN_POINT('',(392.637154481047,-379.181588997837,375.00000052154));
#3698=CARTESIAN_POINT('',(393.297213785201,-379.93280249279,374.00000052154));
#3699=CARTESIAN_POINT('Origin',(389.006828308202,-375.049914775593,375.00000052154));
#3700=CARTESIAN_POINT('Origin',(389.006828308202,-375.049914775593,374.00000052154));
#3701=CARTESIAN_POINT('Origin',(399.942275648968,-373.428479896509,374.50000052154));
#3702=CARTESIAN_POINT('',(402.406828308202,-370.597392692151,375.00000052154));
#3703=CARTESIAN_POINT('',(399.612245996891,-373.052873149032,375.00000052154));
#3704=CARTESIAN_POINT('',(403.406828308202,-371.049914775593,374.00000052154));
#3705=CARTESIAN_POINT('',(400.272305301045,-373.804086643986,374.00000052154));
#3706=CARTESIAN_POINT('',(403.406828308202,-371.049914775593,374.00000052154));
#3707=CARTESIAN_POINT('Origin',(402.906828308202,-366.924914775593,374.50000052154));
#3708=CARTESIAN_POINT('',(403.406828308202,-362.549914775593,374.00000052154));
#3709=CARTESIAN_POINT('',(403.406828308202,-366.924914775593,374.00000052154));
#3710=CARTESIAN_POINT('',(402.553274917609,-362.903468166186,374.853553912133));
#3711=CARTESIAN_POINT('',(402.471758705507,-362.937233286792,374.935070124235));
#3712=CARTESIAN_POINT('',(402.406828308202,-363.049914775593,375.00000052154));
#3713=CARTESIAN_POINT('',(400.906828308202,-364.549914775593,376.50000052154));
#3714=CARTESIAN_POINT('',(402.406828308202,-366.924914775593,375.00000052154));
#3715=CARTESIAN_POINT('Origin',(392.956828308202,-371.799914775593,375.00000052154));
#3716=CARTESIAN_POINT('',(395.281828308202,-363.049914775593,375.00000052154));
#3717=CARTESIAN_POINT('Origin',(402.628274917609,-362.478468166186,374.50000052154));
#3718=CARTESIAN_POINT('',(402.906828308202,-362.049914775593,374.00000052154));
#3719=CARTESIAN_POINT('',(402.981828308202,-362.124914775593,374.00000052154));
#3720=CARTESIAN_POINT('',(402.906828308202,-362.049914775593,374.00000052154));
#3721=CARTESIAN_POINT('Origin',(395.281828308202,-362.549914775593,374.50000052154));
#3722=CARTESIAN_POINT('',(398.106828308202,-362.049914775593,374.00000052154));
#3723=CARTESIAN_POINT('',(395.281828308202,-362.049914775593,374.00000052154));
#3724=CARTESIAN_POINT('',(398.106828308202,-362.049914775593,374.00000052154));
#3725=CARTESIAN_POINT('Origin',(394.610381698795,-366.253468166186,374.50000052154));
#3726=CARTESIAN_POINT('',(394.256828308202,-365.899914775593,374.00000052154));
#3727=CARTESIAN_POINT('Origin',(397.606828308202,-368.049914775593,375.00000052154));
#3728=CARTESIAN_POINT('',(397.606828308202,-362.549914775593,370.00000052154));
#3729=CARTESIAN_POINT('',(397.606828308202,-362.549914775593,375.00000052154));
#3730=CARTESIAN_POINT('',(397.606828308202,-367.549914775593,370.00000052154));
#3731=CARTESIAN_POINT('',(397.606828308202,-365.049914775593,370.00000052154));
#3732=CARTESIAN_POINT('',(397.606828308202,-367.549914775593,353.851141981693));
#3733=CARTESIAN_POINT('',(397.606828308202,-367.549914775593,367.50000052154));
#3734=CARTESIAN_POINT('',(397.606828308202,-362.549914775593,350.350104290645));
#3735=CARTESIAN_POINT('',(397.606828308203,-371.186023870493,356.397172979695));
#3736=CARTESIAN_POINT('',(397.606828308202,-362.549914775593,345.00000052154));
#3737=CARTESIAN_POINT('',(397.606828308202,-362.549914775593,375.00000052154));
#3738=CARTESIAN_POINT('',(397.606828308202,-367.549914775593,345.00000052154));
#3739=CARTESIAN_POINT('',(397.606828308202,-365.049914775593,345.00000052154));
#3740=CARTESIAN_POINT('',(397.606828308202,-367.549914775593,328.851141981693));
#3741=CARTESIAN_POINT('',(397.606828308202,-367.549914775593,355.00000052154));
#3742=CARTESIAN_POINT('',(397.606828308202,-362.549914775593,325.350104290645));
#3743=CARTESIAN_POINT('',(397.606828308203,-377.059102750405,335.50954708391));
#3744=CARTESIAN_POINT('',(397.606828308202,-362.549914775593,320.70000052154));
#3745=CARTESIAN_POINT('',(397.606828308202,-362.549914775593,375.00000052154));
#3746=CARTESIAN_POINT('',(397.606828308202,-368.049914775593,320.70000052154));
#3747=CARTESIAN_POINT('',(397.606828308203,-369.924914775593,320.70000052154));
#3748=CARTESIAN_POINT('',(397.606828308202,-368.049914775593,375.00000052154));
#3749=CARTESIAN_POINT('Origin',(391.731828308202,-368.399914775593,320.35000052154));
#3750=CARTESIAN_POINT('',(390.506828308202,-368.049914775593,320.70000052154));
#3751=CARTESIAN_POINT('',(390.58460608598,-368.749914775593,320.00000052154));
#3752=CARTESIAN_POINT('',(391.731828308202,-368.049914775593,320.70000052154));
#3753=CARTESIAN_POINT('',(397.606828308202,-368.049914775593,320.70000052154));
#3754=CARTESIAN_POINT('Origin',(400.041284544591,-373.541161920752,320.35000052154));
#3755=CARTESIAN_POINT('',(403.406828308202,-371.049914775593,320.70000052154));
#3756=CARTESIAN_POINT('',(393.297213785201,-379.93280249279,320.70000052154));
#3757=CARTESIAN_POINT('',(400.272305301045,-373.804086643986,320.70000052154));
#3758=CARTESIAN_POINT('',(393.297213785201,-379.93280249279,320.70000052154));
#3759=CARTESIAN_POINT('',(402.706828308202,-370.733149317183,320.00000052154));
#3760=CARTESIAN_POINT('Origin',(403.056828308202,-366.924914775593,320.35000052154));
#3761=CARTESIAN_POINT('',(403.406828308202,-362.549914775593,320.70000052154));
#3762=CARTESIAN_POINT('',(402.706828308202,-362.839864269254,320.00000052154));
#3763=CARTESIAN_POINT('',(403.406828308202,-366.924914775593,320.70000052154));
#3764=CARTESIAN_POINT('Origin',(402.734340934787,-362.372402149008,320.35000052154));
#3765=CARTESIAN_POINT('',(402.906828308202,-362.049914775593,320.70000052154));
#3766=CARTESIAN_POINT('',(402.981828308202,-362.124914775593,320.70000052154));
#3767=CARTESIAN_POINT('',(402.616878814541,-362.749914775593,320.00000052154));
#3768=CARTESIAN_POINT('Origin',(395.281828308202,-362.399914775593,320.35000052154));
#3769=CARTESIAN_POINT('',(398.106828308202,-362.049914775593,320.70000052154));
#3770=CARTESIAN_POINT('',(395.281828308202,-362.049914775593,320.70000052154));
#3771=CARTESIAN_POINT('',(398.396777801863,-362.749914775593,320.00000052154));
#3772=CARTESIAN_POINT('Origin',(389.006828308202,-375.049914775593,320.35000052154));
#3773=CARTESIAN_POINT('',(387.57999903991,-368.708451360959,320.70000052154));
#3774=CARTESIAN_POINT('',(387.57999903991,-368.708451360959,320.70000052154));
#3775=CARTESIAN_POINT('Origin',(389.006828308202,-375.049914775593,320.70000052154));
#3776=CARTESIAN_POINT('Origin',(389.884668879291,-368.548650647098,320.35000052154));
#3777=CARTESIAN_POINT('',(389.807839610998,-368.207187232464,320.70000052154));
#3778=CARTESIAN_POINT('Origin',(394.504315681617,-366.147402149008,320.35000052154));
#3779=CARTESIAN_POINT('',(394.256828308202,-365.899914775593,320.70000052154));
#3780=CARTESIAN_POINT('',(398.306828308202,-362.839864269254,320.00000052154));
#3781=CARTESIAN_POINT('Origin',(397.956828308203,-369.924914775593,320.35000052154));
#3782=CARTESIAN_POINT('Origin',(390.506828308202,-368.049914775593,375.00000052154));
#3783=CARTESIAN_POINT('',(390.506828308202,-368.049914775593,375.00000052154));
#3784=CARTESIAN_POINT('Origin',(387.57999903991,-368.708451360959,375.00000052154));
#3785=CARTESIAN_POINT('',(387.57999903991,-368.708451360959,375.00000052154));
#3786=CARTESIAN_POINT('Origin',(389.006828308202,-375.049914775593,375.00000052154));
#3787=CARTESIAN_POINT('',(393.297213785201,-379.93280249279,375.00000052154));
#3788=CARTESIAN_POINT('Origin',(403.406828308202,-371.049914775593,375.00000052154));
#3789=CARTESIAN_POINT('',(403.406828303482,-371.04991477974,332.462225733832));
#3790=CARTESIAN_POINT('',(403.406828308202,-371.049914775593,375.00000052154));
#3791=CARTESIAN_POINT('',(403.406828303482,-371.04991477974,337.537775309248));
#3792=CARTESIAN_POINT('Ctrl Pts',(403.406828301266,-371.049914781687,337.537775306112));
#3793=CARTESIAN_POINT('Ctrl Pts',(403.010509184507,-371.398143510522,338.034105170967));
#3794=CARTESIAN_POINT('Ctrl Pts',(402.505187634516,-371.842097571932,338.411906998604));
#3795=CARTESIAN_POINT('Ctrl Pts',(401.950106575861,-372.329735695866,338.650986283305));
#3796=CARTESIAN_POINT('Ctrl Pts',(401.708540519325,-372.54195122147,338.755031339616));
#3797=CARTESIAN_POINT('Ctrl Pts',(401.457550128515,-372.762440813522,338.832803612085));
#3798=CARTESIAN_POINT('Ctrl Pts',(401.202017460204,-372.98691788973,338.882639019231));
#3799=CARTESIAN_POINT('Ctrl Pts',(400.52744012108,-373.579511978635,339.014198856838));
#3800=CARTESIAN_POINT('Ctrl Pts',(399.82120957805,-374.199894734671,338.951061768784));
#3801=CARTESIAN_POINT('Ctrl Pts',(399.175649315478,-374.767003373256,338.699912094771));
#3802=CARTESIAN_POINT('Ctrl Pts',(399.014706285536,-374.908387823154,338.637298591667));
#3803=CARTESIAN_POINT('Ctrl Pts',(398.857534060962,-375.046461062355,338.562999584182));
#3804=CARTESIAN_POINT('Ctrl Pts',(398.705563039308,-375.179966889412,338.477119007548));
#3805=CARTESIAN_POINT('Ctrl Pts',(398.242059520922,-375.587152548179,338.215187824897));
#3806=CARTESIAN_POINT('Ctrl Pts',(397.826941393491,-375.95185044529,337.845525051263));
#3807=CARTESIAN_POINT('Ctrl Pts',(397.498862581346,-376.240095783264,337.394273788571));
#3808=CARTESIAN_POINT('Ctrl Pts',(397.287956960256,-376.425394436457,337.104186698815));
#3809=CARTESIAN_POINT('Ctrl Pts',(397.113019633853,-376.579099111662,336.780382464833));
#3810=CARTESIAN_POINT('Ctrl Pts',(396.984319499377,-376.692183702712,336.429794408919));
#3811=CARTESIAN_POINT('Ctrl Pts',(396.834439044916,-376.823878746918,336.021509698394));
#3812=CARTESIAN_POINT('Ctrl Pts',(396.747264633621,-376.900485114701,335.576899324542));
#3813=CARTESIAN_POINT('Ctrl Pts',(396.73304247166,-376.913001329424,335.129590247363));
#3814=CARTESIAN_POINT('Ctrl Pts',(396.731662561544,-376.914215719428,335.086189931554));
#3815=CARTESIAN_POINT('Ctrl Pts',(396.730969451816,-376.914826744897,335.042764209819));
#3816=CARTESIAN_POINT('Ctrl Pts',(396.730972526183,-376.914826165447,334.999343800308));
#3817=CARTESIAN_POINT('Ctrl Pts',(396.731001809092,-376.914820646271,334.585770482811));
#3818=CARTESIAN_POINT('Ctrl Pts',(396.794189262542,-376.859329553738,334.172675958216));
#3819=CARTESIAN_POINT('Ctrl Pts',(396.912603143969,-376.75533215381,333.784686462843));
#3820=CARTESIAN_POINT('Ctrl Pts',(396.934730090075,-376.735899087047,333.712186325607));
#3821=CARTESIAN_POINT('Ctrl Pts',(396.958785432459,-376.71477229316,333.640562914315));
#3822=CARTESIAN_POINT('Ctrl Pts',(396.984717479096,-376.691997278863,333.569977124091));
#3823=CARTESIAN_POINT('Ctrl Pts',(397.055611782652,-376.629733825471,333.377006221755));
#3824=CARTESIAN_POINT('Ctrl Pts',(397.140532480182,-376.555151647838,333.191790249602));
#3825=CARTESIAN_POINT('Ctrl Pts',(397.237726252455,-376.469793544729,333.015811659191));
#3826=CARTESIAN_POINT('Ctrl Pts',(397.366318235983,-376.356860714444,332.782983614037));
#3827=CARTESIAN_POINT('Ctrl Pts',(397.516378784236,-376.225059639167,332.566382584986));
#3828=CARTESIAN_POINT('Ctrl Pts',(397.68381597058,-376.077986915146,332.369436719216));
#3829=CARTESIAN_POINT('Ctrl Pts',(397.954298186928,-375.840401960298,332.051285444478));
#3830=CARTESIAN_POINT('Ctrl Pts',(398.270124365018,-375.562966092244,331.784427307635));
#3831=CARTESIAN_POINT('Ctrl Pts',(398.615115934186,-375.259895389008,331.577055250339));
#3832=CARTESIAN_POINT('Ctrl Pts',(398.645199831581,-375.233467067986,331.558972026713));
#3833=CARTESIAN_POINT('Ctrl Pts',(398.675505527651,-375.20684379558,331.54134113004));
#3834=CARTESIAN_POINT('Ctrl Pts',(398.70602230591,-375.180034987375,331.524167985803));
#3835=CARTESIAN_POINT('Ctrl Pts',(399.083165407052,-374.848717016059,331.311932840304));
#3836=CARTESIAN_POINT('Ctrl Pts',(399.492544301709,-374.489064383769,331.1696113788));
#3837=CARTESIAN_POINT('Ctrl Pts',(399.912124611186,-374.120436801532,331.099912857431));
#3838=CARTESIAN_POINT('Ctrl Pts',(400.339342811045,-373.745098854197,331.028945569025));
#3839=CARTESIAN_POINT('Ctrl Pts',(400.777138873208,-373.360454754857,331.033268100733));
#3840=CARTESIAN_POINT('Ctrl Pts',(401.202283350247,-372.986917388901,331.115758528864));
#3841=CARTESIAN_POINT('Ctrl Pts',(401.646361453966,-372.596744696792,331.201922632781));
#3842=CARTESIAN_POINT('Ctrl Pts',(402.076638125635,-372.218688238698,331.373371326906));
#3843=CARTESIAN_POINT('Ctrl Pts',(402.467586159452,-371.87518311242,331.620530907086));
#3844=CARTESIAN_POINT('Ctrl Pts',(402.818516299258,-371.566839569131,331.842390946079));
#3845=CARTESIAN_POINT('Ctrl Pts',(403.137758417709,-371.286335028797,332.125256326967));
#3846=CARTESIAN_POINT('Ctrl Pts',(403.406828301266,-371.049914781687,332.462225736968));
#3847=CARTESIAN_POINT('',(403.406828303482,-371.04991477974,357.462225733832));
#3848=CARTESIAN_POINT('',(403.406828308202,-371.049914775593,375.00000052154));
#3849=CARTESIAN_POINT('',(403.406828303482,-371.04991477974,362.537775309248));
#3850=CARTESIAN_POINT('Ctrl Pts',(403.406828301266,-371.049914781687,362.537775306112));
#3851=CARTESIAN_POINT('Ctrl Pts',(403.01077245357,-371.397912187208,363.033775466208));
#3852=CARTESIAN_POINT('Ctrl Pts',(402.505858335484,-371.841508194564,363.411404516342));
#3853=CARTESIAN_POINT('Ctrl Pts',(401.951211541806,-372.328764623729,363.650508636909));
#3854=CARTESIAN_POINT('Ctrl Pts',(401.70930516613,-372.541279034968,363.754792681953));
#3855=CARTESIAN_POINT('Ctrl Pts',(401.457938182345,-372.762099342881,363.832726181685));
#3856=CARTESIAN_POINT('Ctrl Pts',(401.20201509935,-372.986919258641,363.882637458541));
#3857=CARTESIAN_POINT('Ctrl Pts',(400.527859078313,-373.579142898986,364.014114414102));
#3858=CARTESIAN_POINT('Ctrl Pts',(399.822089858883,-374.199120021131,363.951138078522));
#3859=CARTESIAN_POINT('Ctrl Pts',(399.176857525521,-374.765940248472,363.700380028646));
#3860=CARTESIAN_POINT('Ctrl Pts',(399.015491607619,-374.907696111502,363.637668039805));
#3861=CARTESIAN_POINT('Ctrl Pts',(398.85791184814,-375.046127287622,363.563211553592));
#3862=CARTESIAN_POINT('Ctrl Pts',(398.705559436559,-375.179968099573,363.477115287347));
#3863=CARTESIAN_POINT('Ctrl Pts',(398.242359851993,-375.586886558231,363.215355369384));
#3864=CARTESIAN_POINT('Ctrl Pts',(397.827482284517,-375.951372971479,362.846005035296));
#3865=CARTESIAN_POINT('Ctrl Pts',(397.499504717728,-376.239529273154,362.395156343533));
#3866=CARTESIAN_POINT('Ctrl Pts',(397.288310727242,-376.425081229741,362.104842175858));
#3867=CARTESIAN_POINT('Ctrl Pts',(397.113147959914,-376.578983964635,361.780735098186));
#3868=CARTESIAN_POINT('Ctrl Pts',(396.984316763776,-376.692183719143,361.4297897278));
#3869=CARTESIAN_POINT('Ctrl Pts',(396.834535653559,-376.823791477315,361.021775296688));
#3870=CARTESIAN_POINT('Ctrl Pts',(396.747377705243,-376.900383394922,360.577483481367));
#3871=CARTESIAN_POINT('Ctrl Pts',(396.73306867941,-376.912975958954,360.130474216551));
#3872=CARTESIAN_POINT('Ctrl Pts',(396.731669959291,-376.914206893391,360.086778659675));
#3873=CARTESIAN_POINT('Ctrl Pts',(396.730967362433,-376.914826273249,360.043057136335));
#3874=CARTESIAN_POINT('Ctrl Pts',(396.730970465548,-376.914825688661,359.999340996375));
#3875=CARTESIAN_POINT('Ctrl Pts',(396.730999802853,-376.914820161887,359.58604215242));
#3876=CARTESIAN_POINT('Ctrl Pts',(396.794103536875,-376.859402682337,359.173221333171));
#3877=CARTESIAN_POINT('Ctrl Pts',(396.91236584352,-376.755538533426,358.785455769634));
#3878=CARTESIAN_POINT('Ctrl Pts',(396.934557441775,-376.736048710074,358.712692622632));
#3879=CARTESIAN_POINT('Ctrl Pts',(396.958691307852,-376.714852977507,358.640811841673));
#3880=CARTESIAN_POINT('Ctrl Pts',(396.98471519976,-376.691997326816,358.569976037538));
#3881=CARTESIAN_POINT('Ctrl Pts',(397.055604313839,-376.629738505774,358.377019218555));
#3882=CARTESIAN_POINT('Ctrl Pts',(397.140517800829,-376.555162750339,358.191816140374));
#3883=CARTESIAN_POINT('Ctrl Pts',(397.237702742376,-376.469812512383,358.015848931372));
#3884=CARTESIAN_POINT('Ctrl Pts',(397.366299329057,-376.356875784749,357.783006455107));
#3885=CARTESIAN_POINT('Ctrl Pts',(397.516367044068,-376.225068546734,357.566392604367));
#3886=CARTESIAN_POINT('Ctrl Pts',(397.683813257586,-376.077988015773,357.369436065529));
#3887=CARTESIAN_POINT('Ctrl Pts',(397.954112040687,-375.840564381632,357.051500463085));
#3888=CARTESIAN_POINT('Ctrl Pts',(398.269693267805,-375.563343875706,356.784788526912));
#3889=CARTESIAN_POINT('Ctrl Pts',(398.614411221045,-375.26051371118,356.577476479914));
#3890=CARTESIAN_POINT('Ctrl Pts',(398.644725641964,-375.233882893179,356.559245504141));
#3891=CARTESIAN_POINT('Ctrl Pts',(398.67526540971,-375.207054004976,356.541473876808));
#3892=CARTESIAN_POINT('Ctrl Pts',(398.706019555776,-375.180036683586,356.524167150929));
#3893=CARTESIAN_POINT('Ctrl Pts',(399.082887901882,-374.84896024249,356.312086570176));
#3894=CARTESIAN_POINT('Ctrl Pts',(399.491945032783,-374.489590433527,356.169817885126));
#3895=CARTESIAN_POINT('Ctrl Pts',(399.911204726897,-374.121244652677,356.100064369581));
#3896=CARTESIAN_POINT('Ctrl Pts',(400.338713820849,-373.745651259745,356.028938376195));
#3897=CARTESIAN_POINT('Ctrl Pts',(400.776832582294,-373.360723720481,356.033208060613));
#3898=CARTESIAN_POINT('Ctrl Pts',(401.202281717359,-372.986918727323,356.115757668917));
#3899=CARTESIAN_POINT('Ctrl Pts',(401.646049846491,-372.597018434193,356.201861699267));
#3900=CARTESIAN_POINT('Ctrl Pts',(402.076035916599,-372.219217340498,356.373131260366));
#3901=CARTESIAN_POINT('Ctrl Pts',(402.466766062341,-371.875903678171,356.62001261064));
#3902=CARTESIAN_POINT('Ctrl Pts',(402.818018976697,-371.567276545751,356.841950423037));
#3903=CARTESIAN_POINT('Ctrl Pts',(403.137548905329,-371.286519118403,357.124993944339));
#3904=CARTESIAN_POINT('Ctrl Pts',(403.406828301266,-371.049914781687,357.462225736968));
#3905=CARTESIAN_POINT('',(403.406828308202,-371.049914775593,375.00000052154));
#3906=CARTESIAN_POINT('Ctrl Pts',(403.406828308203,-371.049914775592,332.462225745654));
#3907=CARTESIAN_POINT('Ctrl Pts',(402.838080744808,-371.549649036831,331.749955277159));
#3908=CARTESIAN_POINT('Ctrl Pts',(401.251996826712,-372.943273425027,330.808608964069));
#3909=CARTESIAN_POINT('Ctrl Pts',(399.020930680692,-374.90361622738,331.167546512735));
#3910=CARTESIAN_POINT('Ctrl Pts',(397.630137409299,-376.125647041662,332.308355269415));
#3911=CARTESIAN_POINT('Ctrl Pts',(396.908594910154,-376.759635705473,333.52744517089));
#3912=CARTESIAN_POINT('Ctrl Pts',(396.641245667582,-376.994544098632,334.998599688763));
#3913=CARTESIAN_POINT('Ctrl Pts',(396.99728937702,-376.681703654898,336.966067171869));
#3914=CARTESIAN_POINT('Ctrl Pts',(398.575209124138,-375.295252776033,338.7687831219));
#3915=CARTESIAN_POINT('Ctrl Pts',(401.251628130897,-372.943597382336,339.186597840034));
#3916=CARTESIAN_POINT('Ctrl Pts',(402.838080744808,-371.549649036831,338.250045765921));
#3917=CARTESIAN_POINT('Ctrl Pts',(403.406828308203,-371.049914775592,337.537775297426));
#3918=CARTESIAN_POINT('Ctrl Pts',(403.212201298932,-370.950910435071,332.548173119624));
#3919=CARTESIAN_POINT('Ctrl Pts',(402.636545138126,-371.437632357912,331.873716381659));
#3920=CARTESIAN_POINT('Ctrl Pts',(401.053758371544,-372.794845712101,331.02651213509));
#3921=CARTESIAN_POINT('Ctrl Pts',(398.933047275869,-374.680554969912,331.475755553567));
#3922=CARTESIAN_POINT('Ctrl Pts',(397.676757803546,-375.821014636798,332.588826884987));
#3923=CARTESIAN_POINT('Ctrl Pts',(397.053335949221,-376.392856977285,333.708369667256));
#3924=CARTESIAN_POINT('Ctrl Pts',(396.833088767699,-376.595743837426,334.999946357724));
#3925=CARTESIAN_POINT('Ctrl Pts',(397.125989026272,-376.326015462901,336.723779747034));
#3926=CARTESIAN_POINT('Ctrl Pts',(398.505643366861,-375.060366917148,338.440388776928));
#3927=CARTESIAN_POINT('Ctrl Pts',(401.055442176167,-372.793631390352,338.970095811429));
#3928=CARTESIAN_POINT('Ctrl Pts',(402.636545138126,-371.437632357912,338.126284661421));
#3929=CARTESIAN_POINT('Ctrl Pts',(403.212201298932,-370.950910435071,337.451827923456));
#3930=CARTESIAN_POINT('Ctrl Pts',(403.017574289661,-370.851906094549,332.634120493594));
#3931=CARTESIAN_POINT('Ctrl Pts',(402.435009531443,-371.325615678993,331.997477486159));
#3932=CARTESIAN_POINT('Ctrl Pts',(400.855519916376,-372.646417999175,331.244415306111));
#3933=CARTESIAN_POINT('Ctrl Pts',(398.845163871046,-374.457493712445,331.7839645944));
#3934=CARTESIAN_POINT('Ctrl Pts',(397.723378197793,-375.516382231935,332.869298500558));
#3935=CARTESIAN_POINT('Ctrl Pts',(397.198076988287,-376.026078249096,333.889294163622));
#3936=CARTESIAN_POINT('Ctrl Pts',(397.024931867817,-376.19694357622,335.001293026686));
#3937=CARTESIAN_POINT('Ctrl Pts',(397.254688675525,-375.970327270903,336.481492322199));
#3938=CARTESIAN_POINT('Ctrl Pts',(398.436077609583,-374.825481058264,338.111994431957));
#3939=CARTESIAN_POINT('Ctrl Pts',(400.859256221437,-372.643665398368,338.753593782824));
#3940=CARTESIAN_POINT('Ctrl Pts',(402.435009531443,-371.325615678993,338.002523556921));
#3941=CARTESIAN_POINT('Ctrl Pts',(403.017574289661,-370.851906094549,337.365880549486));
#3942=CARTESIAN_POINT('Ctrl Pts',(402.822947280391,-370.752901754027,332.720067867563));
#3943=CARTESIAN_POINT('Ctrl Pts',(402.233473924761,-371.213599000074,332.121238590658));
#3944=CARTESIAN_POINT('Ctrl Pts',(400.657281461209,-372.497990286249,331.462318477132));
#3945=CARTESIAN_POINT('Ctrl Pts',(398.757280466223,-374.234432454978,332.092173635232));
#3946=CARTESIAN_POINT('Ctrl Pts',(397.76999859204,-375.211749827071,333.14977011613));
#3947=CARTESIAN_POINT('Ctrl Pts',(397.342818027353,-375.659299520908,334.070218659988));
#3948=CARTESIAN_POINT('Ctrl Pts',(397.216774967935,-375.798143315014,335.002639695647));
#3949=CARTESIAN_POINT('Ctrl Pts',(397.383388324778,-375.614639078906,336.239204897365));
#3950=CARTESIAN_POINT('Ctrl Pts',(398.366511852305,-374.590595199379,337.783600086985));
#3951=CARTESIAN_POINT('Ctrl Pts',(400.663070266706,-372.493699406384,338.537091754219));
#3952=CARTESIAN_POINT('Ctrl Pts',(402.233473924761,-371.213599000074,337.878762452422));
#3953=CARTESIAN_POINT('Ctrl Pts',(402.822947280391,-370.752901754027,337.279933175517));
#3954=CARTESIAN_POINT('',(402.446647997178,-371.049914780833,337.60760470436));
#3955=CARTESIAN_POINT('Ctrl Pts',(403.406828308203,-371.049914775592,337.537775297426));
#3956=CARTESIAN_POINT('Ctrl Pts',(403.340590700146,-371.049914775592,337.549665447761));
#3957=CARTESIAN_POINT('Ctrl Pts',(403.274073302227,-371.049914775592,337.560027121831));
#3958=CARTESIAN_POINT('Ctrl Pts',(402.955540516823,-371.049914775592,337.602381940375));
#3959=CARTESIAN_POINT('Ctrl Pts',(402.700685627678,-371.049914775592,337.61466388735));
#3960=CARTESIAN_POINT('Ctrl Pts',(402.446648010329,-371.049914775592,337.607604694577));
#3961=CARTESIAN_POINT('',(402.446647997178,-371.049914780833,332.39239633872));
#3962=CARTESIAN_POINT('Ctrl Pts',(402.446757453923,-371.050154693265,332.392988844871));
#3963=CARTESIAN_POINT('Ctrl Pts',(402.577567555385,-371.050085509293,332.389218015157));
#3964=CARTESIAN_POINT('Ctrl Pts',(402.708580267271,-371.050032293195,332.390587158812));
#3965=CARTESIAN_POINT('Ctrl Pts',(402.839293432243,-371.049992378263,332.397367543353));
#3966=CARTESIAN_POINT('Ctrl Pts',(402.871547341417,-371.04998252912,332.39904062584));
#3967=CARTESIAN_POINT('Ctrl Pts',(402.903782945052,-371.049973641755,332.401043001934));
#3968=CARTESIAN_POINT('Ctrl Pts',(402.935992564182,-371.049965982173,332.403378376608));
#3969=CARTESIAN_POINT('Ctrl Pts',(403.052666850712,-371.049938236541,332.411837904575));
#3970=CARTESIAN_POINT('Ctrl Pts',(403.169074550374,-371.049925545703,332.424674072664));
#3971=CARTESIAN_POINT('Ctrl Pts',(403.284773124945,-371.049918653196,332.442092750715));
#3972=CARTESIAN_POINT('Ctrl Pts',(403.325552937239,-371.049916223822,332.448232242268));
#3973=CARTESIAN_POINT('Ctrl Pts',(403.366244558918,-371.049914775592,332.454940656498));
#3974=CARTESIAN_POINT('Ctrl Pts',(403.406828308203,-371.049914775592,332.462225745654));
#3975=CARTESIAN_POINT('Ctrl Pts',(402.446588922161,-371.050289203177,332.39286378911));
#3976=CARTESIAN_POINT('Ctrl Pts',(401.918368543056,-371.471878415734,332.000934477496));
#3977=CARTESIAN_POINT('Ctrl Pts',(400.505073882045,-372.637095297013,331.512775676413));
#3978=CARTESIAN_POINT('Ctrl Pts',(398.757280466223,-374.234432454978,332.092173635232));
#3979=CARTESIAN_POINT('Ctrl Pts',(397.76999859204,-375.211749827071,333.14977011613));
#3980=CARTESIAN_POINT('Ctrl Pts',(397.342818027353,-375.659299520908,334.070218659988));
#3981=CARTESIAN_POINT('Ctrl Pts',(397.216774967935,-375.798143315014,335.002639695647));
#3982=CARTESIAN_POINT('Ctrl Pts',(397.383388324778,-375.614639078906,336.239204897365));
#3983=CARTESIAN_POINT('Ctrl Pts',(398.366511852305,-374.590595199379,337.783600086985));
#3984=CARTESIAN_POINT('Ctrl Pts',(400.509673723688,-372.633759665117,338.486762959523));
#3985=CARTESIAN_POINT('Ctrl Pts',(401.919188000506,-371.471291258084,337.999029000311));
#3986=CARTESIAN_POINT('Ctrl Pts',(402.44666393519,-371.05024711628,337.607268996875));
#3987=CARTESIAN_POINT('Origin',(400.506828308202,-371.049914775592,335.00000052154));
#3988=CARTESIAN_POINT('Origin',(400.506828308202,-371.049914775592,335.00000052154));
#3989=CARTESIAN_POINT('Ctrl Pts',(403.406828308203,-371.049914775592,357.462225745654));
#3990=CARTESIAN_POINT('Ctrl Pts',(402.838080744808,-371.549649036831,356.749955277159));
#3991=CARTESIAN_POINT('Ctrl Pts',(401.251994885431,-372.943275130746,355.808607792492));
#3992=CARTESIAN_POINT('Ctrl Pts',(399.020928128712,-374.903618469696,356.167545102622));
#3993=CARTESIAN_POINT('Ctrl Pts',(397.630134505442,-376.125649593156,357.308353335074));
#3994=CARTESIAN_POINT('Ctrl Pts',(396.908591492737,-376.759638708212,358.527442669222));
#3995=CARTESIAN_POINT('Ctrl Pts',(396.641241870353,-376.994547435094,359.998596871821));
#3996=CARTESIAN_POINT('Ctrl Pts',(396.99728499578,-376.681707504506,361.966063783911));
#3997=CARTESIAN_POINT('Ctrl Pts',(398.575205996933,-375.295255523774,363.768781806597));
#3998=CARTESIAN_POINT('Ctrl Pts',(401.251625663301,-372.943599550508,364.186596365378));
#3999=CARTESIAN_POINT('Ctrl Pts',(402.838080744808,-371.549649036831,363.250045765921));
#4000=CARTESIAN_POINT('Ctrl Pts',(403.406828308203,-371.049914775592,362.537775297426));
#4001=CARTESIAN_POINT('Ctrl Pts',(403.212201298932,-370.950910435071,357.548173119624));
#4002=CARTESIAN_POINT('Ctrl Pts',(402.636545138126,-371.437632357912,356.873716381659));
#4003=CARTESIAN_POINT('Ctrl Pts',(401.053759000211,-372.794845439682,356.026514572219));
#4004=CARTESIAN_POINT('Ctrl Pts',(398.933048719971,-374.680554056098,356.475759465166));
#4005=CARTESIAN_POINT('Ctrl Pts',(397.676759206705,-375.821013721629,357.588830668073));
#4006=CARTESIAN_POINT('Ctrl Pts',(397.053337433202,-376.392855932579,358.708373374238));
#4007=CARTESIAN_POINT('Ctrl Pts',(396.833090082791,-376.595742877475,359.999949798209));
#4008=CARTESIAN_POINT('Ctrl Pts',(397.12599040453,-376.326014407881,361.723783004806));
#4009=CARTESIAN_POINT('Ctrl Pts',(398.505643651787,-375.060366759514,363.440391389082));
#4010=CARTESIAN_POINT('Ctrl Pts',(401.055442323941,-372.793631621321,363.97009674965));
#4011=CARTESIAN_POINT('Ctrl Pts',(402.636545138126,-371.437632357912,363.126284661421));
#4012=CARTESIAN_POINT('Ctrl Pts',(403.212201298932,-370.950910435071,362.451827923456));
#4013=CARTESIAN_POINT('Ctrl Pts',(403.017574289661,-370.851906094549,357.634120493594));
#4014=CARTESIAN_POINT('Ctrl Pts',(402.435009531443,-371.325615678993,356.997477486159));
#4015=CARTESIAN_POINT('Ctrl Pts',(400.855523114991,-372.646415748618,356.244421351946));
#4016=CARTESIAN_POINT('Ctrl Pts',(398.845169311229,-374.4574896425,356.78397382771));
#4017=CARTESIAN_POINT('Ctrl Pts',(397.723383907969,-375.516377850102,357.869308001072));
#4018=CARTESIAN_POINT('Ctrl Pts',(397.198083373667,-376.026073156946,358.889304079254));
#4019=CARTESIAN_POINT('Ctrl Pts',(397.024938295229,-376.196938319856,360.001302724596));
#4020=CARTESIAN_POINT('Ctrl Pts',(397.254695813281,-375.970321311257,361.4815022257));
#4021=CARTESIAN_POINT('Ctrl Pts',(398.43608130664,-374.825477995254,363.112000971567));
#4022=CARTESIAN_POINT('Ctrl Pts',(400.859258984581,-372.643663692134,363.753597133922));
#4023=CARTESIAN_POINT('Ctrl Pts',(402.435009531443,-371.325615678993,363.002523556921));
#4024=CARTESIAN_POINT('Ctrl Pts',(403.017574289661,-370.851906094549,362.365880549486));
#4025=CARTESIAN_POINT('Ctrl Pts',(402.822947280391,-370.752901754027,357.720067867563));
#4026=CARTESIAN_POINT('Ctrl Pts',(402.233473924761,-371.213599000074,357.121238590658));
#4027=CARTESIAN_POINT('Ctrl Pts',(400.65728722977,-372.497986057554,356.462328131674));
#4028=CARTESIAN_POINT('Ctrl Pts',(398.757289902488,-374.234425228902,357.092188190254));
#4029=CARTESIAN_POINT('Ctrl Pts',(397.770008609232,-375.211741978574,358.149785334071));
#4030=CARTESIAN_POINT('Ctrl Pts',(397.342829314133,-375.659290381314,359.07023478427));
#4031=CARTESIAN_POINT('Ctrl Pts',(397.216786507667,-375.798133762238,360.002655650984));
#4032=CARTESIAN_POINT('Ctrl Pts',(397.383401222031,-375.614628214632,361.239221446595));
#4033=CARTESIAN_POINT('Ctrl Pts',(398.366518961493,-374.590589230994,362.783610554051));
#4034=CARTESIAN_POINT('Ctrl Pts',(400.663075645221,-372.493695762947,363.537097518194));
#4035=CARTESIAN_POINT('Ctrl Pts',(402.233473924761,-371.213599000074,362.878762452422));
#4036=CARTESIAN_POINT('Ctrl Pts',(402.822947280391,-370.752901754027,362.279933175517));
#4037=CARTESIAN_POINT('',(402.446647997178,-371.049914780833,362.60760470436));
#4038=CARTESIAN_POINT('Ctrl Pts',(403.406828308203,-371.049914775592,362.537775297426));
#4039=CARTESIAN_POINT('Ctrl Pts',(403.340590700146,-371.049914775592,362.549665447761));
#4040=CARTESIAN_POINT('Ctrl Pts',(403.274073302227,-371.049914775592,362.560027121831));
#4041=CARTESIAN_POINT('Ctrl Pts',(402.955540516823,-371.049914775592,362.602381940375));
#4042=CARTESIAN_POINT('Ctrl Pts',(402.700685627678,-371.049914775592,362.61466388735));
#4043=CARTESIAN_POINT('Ctrl Pts',(402.446648010329,-371.049914775592,362.607604694577));
#4044=CARTESIAN_POINT('',(402.446647997178,-371.049914780833,357.39239633872));
#4045=CARTESIAN_POINT('Ctrl Pts',(402.446757771863,-371.0501544597,357.392989375005));
#4046=CARTESIAN_POINT('Ctrl Pts',(402.577560444912,-371.05008538214,357.389218542523));
#4047=CARTESIAN_POINT('Ctrl Pts',(402.708565761426,-371.050032228414,357.390587191471));
#4048=CARTESIAN_POINT('Ctrl Pts',(402.839271628341,-371.049992346995,357.397366517795));
#4049=CARTESIAN_POINT('Ctrl Pts',(402.871532820826,-371.04998250335,357.399039810331));
#4050=CARTESIAN_POINT('Ctrl Pts',(402.903775703373,-371.04997362025,357.401042547673));
#4051=CARTESIAN_POINT('Ctrl Pts',(402.935992591455,-371.049965964148,357.403378436826));
#4052=CARTESIAN_POINT('Ctrl Pts',(403.052661858717,-371.049938238573,357.411837555383));
#4053=CARTESIAN_POINT('Ctrl Pts',(403.169064585539,-371.04992554893,357.424672975859));
#4054=CARTESIAN_POINT('Ctrl Pts',(403.28475827048,-371.049918655013,357.442090514766));
#4055=CARTESIAN_POINT('Ctrl Pts',(403.325543055646,-371.049916224743,357.44823061293));
#4056=CARTESIAN_POINT('Ctrl Pts',(403.366239631546,-371.049914775592,357.454939771998));
#4057=CARTESIAN_POINT('Ctrl Pts',(403.406828308203,-371.049914775592,357.462225745654));
#4058=CARTESIAN_POINT('Ctrl Pts',(402.446588822658,-371.050289302803,357.392864009748));
#4059=CARTESIAN_POINT('Ctrl Pts',(401.918369338848,-371.471877860159,357.000936239189));
#4060=CARTESIAN_POINT('Ctrl Pts',(400.505079784216,-372.637090974617,356.512785776638));
#4061=CARTESIAN_POINT('Ctrl Pts',(398.757289902488,-374.234425228902,357.092188190254));
#4062=CARTESIAN_POINT('Ctrl Pts',(397.770008609232,-375.211741978574,358.149785334071));
#4063=CARTESIAN_POINT('Ctrl Pts',(397.342829314133,-375.659290381314,359.07023478427));
#4064=CARTESIAN_POINT('Ctrl Pts',(397.216786507667,-375.798133762238,360.002655650984));
#4065=CARTESIAN_POINT('Ctrl Pts',(397.383401222031,-375.614628214632,361.239221446595));
#4066=CARTESIAN_POINT('Ctrl Pts',(398.366518961493,-374.590589230994,362.783610554051));
#4067=CARTESIAN_POINT('Ctrl Pts',(400.509679179271,-372.633755901568,363.486769024995));
#4068=CARTESIAN_POINT('Ctrl Pts',(401.919188957012,-371.471290614044,362.999030156206));
#4069=CARTESIAN_POINT('Ctrl Pts',(402.446664129392,-371.050246995215,362.60726938954));
#4070=CARTESIAN_POINT('Origin',(400.506828308202,-371.049914775592,360.00000052154));
#4071=CARTESIAN_POINT('Origin',(400.506828308202,-371.049914775592,360.00000052154));
#4072=CARTESIAN_POINT('Origin',(403.156828308202,-362.299914775593,375.00000052154));
#4073=CARTESIAN_POINT('',(403.406828308202,-362.549914775593,370.00000052154));
#4074=CARTESIAN_POINT('',(403.406828308202,-362.549914775593,375.00000052154));
#4075=CARTESIAN_POINT('',(402.906828308202,-362.049914775593,370.00000052154));
#4076=CARTESIAN_POINT('',(403.156828308202,-362.299914775593,370.00000052154));
#4077=CARTESIAN_POINT('',(402.906828308202,-362.049914775593,375.00000052154));
#4078=CARTESIAN_POINT('Origin',(403.406828308202,-362.049914775593,375.00000052154));
#4079=CARTESIAN_POINT('',(403.406828308202,-371.049914775593,375.00000052154));
#4080=CARTESIAN_POINT('',(403.406828308202,-371.049914775593,375.00000052154));
#4081=CARTESIAN_POINT('',(403.406828308202,-362.549914775593,325.350104290645));
#4082=CARTESIAN_POINT('',(403.406828308202,-362.549914775593,375.00000052154));
#4083=CARTESIAN_POINT('',(403.406828308202,-367.549914775593,328.851141981693));
#4084=CARTESIAN_POINT('',(403.406828308202,-375.046072535417,334.100008152731));
#4085=CARTESIAN_POINT('',(403.406828308202,-367.549914775593,345.00000052154));
#4086=CARTESIAN_POINT('',(403.406828308202,-367.549914775593,355.00000052154));
#4087=CARTESIAN_POINT('',(403.406828308202,-362.549914775593,345.00000052154));
#4088=CARTESIAN_POINT('',(403.406828308202,-362.049914775593,345.00000052154));
#4089=CARTESIAN_POINT('',(403.406828308202,-362.549914775593,350.350104290645));
#4090=CARTESIAN_POINT('',(403.406828308202,-362.549914775593,375.00000052154));
#4091=CARTESIAN_POINT('',(403.406828308202,-367.549914775593,353.851141981693));
#4092=CARTESIAN_POINT('',(403.406828308202,-369.172993655505,354.987634048516));
#4093=CARTESIAN_POINT('',(403.406828308202,-367.549914775593,370.00000052154));
#4094=CARTESIAN_POINT('',(403.406828308202,-367.549914775593,367.50000052154));
#4095=CARTESIAN_POINT('',(403.406828308202,-362.049914775593,370.00000052154));
#4096=CARTESIAN_POINT('Origin',(397.856828308202,-362.299914775593,375.00000052154));
#4097=CARTESIAN_POINT('',(398.106828308202,-362.049914775593,370.00000052154));
#4098=CARTESIAN_POINT('',(398.106828308202,-362.049914775593,375.00000052154));
#4099=CARTESIAN_POINT('',(399.306828308202,-360.849914775593,370.00000052154));
#4100=CARTESIAN_POINT('Origin',(403.156828308202,-362.299914775593,375.00000052154));
#4101=CARTESIAN_POINT('',(402.906828308202,-362.049914775593,325.00000052154));
#4102=CARTESIAN_POINT('',(402.906828308202,-362.049914775593,375.00000052154));
#4103=CARTESIAN_POINT('',(408.942490058553,-368.085576525944,329.226216377219));
#4104=CARTESIAN_POINT('Origin',(393.731828308202,-364.549914775593,326.750519367064));
#4105=CARTESIAN_POINT('',(398.106828308202,-362.049914775593,325.00000052154));
#4106=CARTESIAN_POINT('',(394.056828308202,-362.049914775593,325.00000052154));
#4107=CARTESIAN_POINT('',(389.350600528592,-370.806142555203,331.131177219104));
#4108=CARTESIAN_POINT('',(395.344328308202,-367.549914775593,328.851141981693));
#4109=CARTESIAN_POINT('Origin',(397.856828308202,-362.299914775593,375.00000052154));
#4110=CARTESIAN_POINT('',(398.106828308202,-362.049914775593,375.00000052154));
#4111=CARTESIAN_POINT('Origin',(403.156828308202,-362.299914775593,375.00000052154));
#4112=CARTESIAN_POINT('',(402.906828308202,-362.049914775593,345.00000052154));
#4113=CARTESIAN_POINT('',(403.156828308202,-362.299914775593,345.00000052154));
#4114=CARTESIAN_POINT('',(402.906828308202,-362.049914775593,350.00000052154));
#4115=CARTESIAN_POINT('',(402.906828308202,-362.049914775593,375.00000052154));
#4116=CARTESIAN_POINT('',(405.427802158397,-364.570888625788,351.765205415076));
#4117=CARTESIAN_POINT('Origin',(393.731828308202,-364.549914775593,351.750519367064));
#4118=CARTESIAN_POINT('',(398.106828308202,-362.049914775593,350.00000052154));
#4119=CARTESIAN_POINT('',(394.056828308202,-362.049914775593,350.00000052154));
#4120=CARTESIAN_POINT('',(392.865288428748,-367.291454655047,353.67016625696));
#4121=CARTESIAN_POINT('',(395.344328308202,-367.549914775593,353.851141981693));
#4122=CARTESIAN_POINT('Origin',(397.856828308202,-362.299914775593,375.00000052154));
#4123=CARTESIAN_POINT('',(398.106828308202,-362.049914775593,345.00000052154));
#4124=CARTESIAN_POINT('',(399.306828308202,-360.849914775593,345.00000052154));
#4125=CARTESIAN_POINT('',(398.106828308202,-362.049914775593,375.00000052154));
#4126=CARTESIAN_POINT('Origin',(403.406828308202,-362.049914775593,345.00000052154));
#4127=CARTESIAN_POINT('',(400.181828308202,-367.549914775593,345.00000052154));
#4128=CARTESIAN_POINT('',(400.506828308202,-362.049914775593,345.00000052154));
#4129=CARTESIAN_POINT('Origin',(396.956828308202,-367.549914775593,335.00000052154));
#4130=CARTESIAN_POINT('',(400.506828308202,-367.549914775593,336.70000052154));
#4131=CARTESIAN_POINT('Origin',(400.506828308202,-367.549914775593,335.00000052154));
#4132=CARTESIAN_POINT('Origin',(396.956828308202,-367.549914775593,360.00000052154));
#4133=CARTESIAN_POINT('',(400.181828308202,-367.549914775593,370.00000052154));
#4134=CARTESIAN_POINT('',(400.506828308202,-367.549914775593,361.70000052154));
#4135=CARTESIAN_POINT('Origin',(400.506828308202,-367.549914775593,360.00000052154));
#4136=CARTESIAN_POINT('Origin',(400.506828308202,-368.549914775592,360.00000052154));
#4137=CARTESIAN_POINT('',(400.506828308202,-371.049914775592,361.70000052154));
#4138=CARTESIAN_POINT('Origin',(400.506828308202,-371.049914775592,360.00000052154));
#4139=CARTESIAN_POINT('',(400.506828308202,-368.549914775592,361.70000052154));
#4140=CARTESIAN_POINT('Origin',(400.506828308202,-368.549914775592,335.00000052154));
#4141=CARTESIAN_POINT('',(400.506828308202,-371.049914775592,336.70000052154));
#4142=CARTESIAN_POINT('Origin',(400.506828308202,-371.049914775592,335.00000052154));
#4143=CARTESIAN_POINT('',(400.506828308202,-368.549914775592,336.70000052154));
#4144=CARTESIAN_POINT('Origin',(403.406828308202,-362.049914775593,370.00000052154));
#4145=CARTESIAN_POINT('',(400.506828308202,-362.049914775593,370.00000052154));
#4146=CARTESIAN_POINT('Origin',(397.606828308202,-362.049914775593,375.00000052154));
#4147=CARTESIAN_POINT('Origin',(397.606828308202,-362.049914775593,375.00000052154));
#4148=CARTESIAN_POINT('Origin',(397.606828308202,-362.049914775593,375.00000052154));
#4149=CARTESIAN_POINT('Origin',(400.506828308202,-371.049914775592,335.00000052154));
#4150=CARTESIAN_POINT('Origin',(400.506828308202,-371.049914775592,360.00000052154));
#4151=CARTESIAN_POINT('',(0.,0.,0.));
#4152=CARTESIAN_POINT('',(778.013656616374,8.47144576709979E-11,640.000001043018));
#4153=UNCERTAINTY_MEASURE_WITH_UNIT(LENGTH_MEASURE(0.01),#4161,
'DISTANCE_ACCURACY_VALUE',
'Maximum model space distance between geometric entities at asserted c
onnectivities');
#4154=UNCERTAINTY_MEASURE_WITH_UNIT(LENGTH_MEASURE(0.01),#4161,
'DISTANCE_ACCURACY_VALUE',
'Maximum model space distance between geometric entities at asserted c
onnectivities');
#4155=UNCERTAINTY_MEASURE_WITH_UNIT(LENGTH_MEASURE(0.01),#4161,
'DISTANCE_ACCURACY_VALUE',
'Maximum model space distance between geometric entities at asserted c
onnectivities');
#4156=UNCERTAINTY_MEASURE_WITH_UNIT(LENGTH_MEASURE(0.01),#4161,
'DISTANCE_ACCURACY_VALUE',
'Maximum model space distance between geometric entities at asserted c
onnectivities');
#4157=(
GEOMETRIC_REPRESENTATION_CONTEXT(3)
GLOBAL_UNCERTAINTY_ASSIGNED_CONTEXT((#4153))
GLOBAL_UNIT_ASSIGNED_CONTEXT((#4161,#4163,#4164))
REPRESENTATION_CONTEXT('','3D')
);
#4158=(
GEOMETRIC_REPRESENTATION_CONTEXT(3)
GLOBAL_UNCERTAINTY_ASSIGNED_CONTEXT((#4154))
GLOBAL_UNIT_ASSIGNED_CONTEXT((#4161,#4163,#4164))
REPRESENTATION_CONTEXT('','3D')
);
#4159=(
GEOMETRIC_REPRESENTATION_CONTEXT(3)
GLOBAL_UNCERTAINTY_ASSIGNED_CONTEXT((#4155))
GLOBAL_UNIT_ASSIGNED_CONTEXT((#4161,#4163,#4164))
REPRESENTATION_CONTEXT('','3D')
);
#4160=(
GEOMETRIC_REPRESENTATION_CONTEXT(3)
GLOBAL_UNCERTAINTY_ASSIGNED_CONTEXT((#4156))
GLOBAL_UNIT_ASSIGNED_CONTEXT((#4161,#4163,#4164))
REPRESENTATION_CONTEXT('','3D')
);
#4161=(
LENGTH_UNIT()
NAMED_UNIT(*)
SI_UNIT(.MILLI.,.METRE.)
);
#4162=(
LENGTH_UNIT()
NAMED_UNIT(*)
SI_UNIT($,.METRE.)
);
#4163=(
NAMED_UNIT(*)
PLANE_ANGLE_UNIT()
SI_UNIT($,.RADIAN.)
);
#4164=(
NAMED_UNIT(*)
SI_UNIT($,.STERADIAN.)
SOLID_ANGLE_UNIT()
);
#4165=SHAPE_DEFINITION_REPRESENTATION(#4168,#4173);
#4166=SHAPE_DEFINITION_REPRESENTATION(#4169,#4174);
#4167=SHAPE_DEFINITION_REPRESENTATION(#4170,#4175);
#4168=PRODUCT_DEFINITION_SHAPE('',$,#4177);
#4169=PRODUCT_DEFINITION_SHAPE('',$,#4178);
#4170=PRODUCT_DEFINITION_SHAPE('',$,#4179);
#4171=PRODUCT_DEFINITION_SHAPE($,$,#17);
#4172=PRODUCT_DEFINITION_SHAPE($,$,#18);
#4173=SHAPE_REPRESENTATION('',(#2246,#2416,#2417),#4157);
#4174=SHAPE_REPRESENTATION('',(#2247),#4158);
#4175=SHAPE_REPRESENTATION('',(#2317),#4159);
#4176=PRODUCT_DEFINITION_CONTEXT('part definition',#4187,'design');
#4177=PRODUCT_DEFINITION('Hinge','Hinge',#4180,#4176);
#4178=PRODUCT_DEFINITION('Hinge_Left_sleeve','Hinge_Left_sleeve',#4181,
#4176);
#4179=PRODUCT_DEFINITION('Hinge_Left_solid (1)','Hinge_Left_solid (1)',
#4182,#4176);
#4180=PRODUCT_DEFINITION_FORMATION('',$,#4189);
#4181=PRODUCT_DEFINITION_FORMATION('',$,#4190);
#4182=PRODUCT_DEFINITION_FORMATION('',$,#4191);
#4183=PRODUCT_RELATED_PRODUCT_CATEGORY('Hinge','Hinge',(#4189));
#4184=PRODUCT_RELATED_PRODUCT_CATEGORY('Hinge_Left_sleeve',
'Hinge_Left_sleeve',(#4190));
#4185=PRODUCT_RELATED_PRODUCT_CATEGORY('Hinge_Left_solid (1)',
'Hinge_Left_solid (1)',(#4191));
#4186=APPLICATION_PROTOCOL_DEFINITION('international standard',
'automotive_design',2009,#4187);
#4187=APPLICATION_CONTEXT(
'Core Data for Automotive Mechanical Design Process');
#4188=PRODUCT_CONTEXT('part definition',#4187,'mechanical');
#4189=PRODUCT('Hinge','Hinge',$,(#4188));
#4190=PRODUCT('Hinge_Left_sleeve','Hinge_Left_sleeve',$,(#4188));
#4191=PRODUCT('Hinge_Left_solid (1)','Hinge_Left_solid (1)',$,(#4188));
#4192=PRESENTATION_STYLE_ASSIGNMENT((#4194));
#4193=PRESENTATION_STYLE_ASSIGNMENT((#4195));
#4194=SURFACE_STYLE_USAGE(.BOTH.,#4196);
#4195=SURFACE_STYLE_USAGE(.BOTH.,#4197);
#4196=SURFACE_SIDE_STYLE('',(#4198));
#4197=SURFACE_SIDE_STYLE('',(#4199));
#4198=SURFACE_STYLE_FILL_AREA(#4200);
#4199=SURFACE_STYLE_FILL_AREA(#4201);
#4200=FILL_AREA_STYLE('Steel - Satin',(#4202));
#4201=FILL_AREA_STYLE('ABS (White)',(#4203));
#4202=FILL_AREA_STYLE_COLOUR('Steel - Satin',#4204);
#4203=FILL_AREA_STYLE_COLOUR('ABS (White)',#4205);
#4204=COLOUR_RGB('Steel - Satin',0.627450980392157,0.627450980392157,0.627450980392157);
#4205=COLOUR_RGB('ABS (White)',0.964705882352941,0.964705882352941,0.952941176470588);
ENDSEC;
END-ISO-10303-21;
